{
  "source_file": "C:\\Users\\gkwld\\Desktop\\3D-Marker-Pose-Estimation\\CAD_to_PointCloud_conversion\\pointnet2\\result\\eval1_real_newmask_height_auto_boxexpand100\\train\\marker_points\\aug_000122_marker.xyz",
  "image_size": 512,
  "point_radius": 2,
  "view_margin": 1.2,
  "plane_fit_q": 0.8,
  "height_mode": "adaptive",
  "top_candidate_q": 0.85,
  "height_band_m": 0.03,
  "basis_mode": "global",
  "plane_refine_enabled": true,
  "flip_x": true,
  "align_2d": false,
  "align_method": "none",
  "color_mode": "raw_z",
  "color_ref": "marker_all_raw_z",
  "invert_jet": false,
  "color_min": 0.10324094,
  "color_max": 0.312979,
  "color_q_min": 0.02,
  "color_q_max": 0.98,
  "plane_center": [
    1.1505286814602704,
    0.7439349656406592,
    0.3115832863278557
  ],
  "plane_normal": [
    0.006891465558439725,
    0.009285530563728559,
    0.9999331410762455
  ],
  "marker_origin": [
    1.1505286814602704,
    0.7439349656406592,
    0.3115832863278557
  ],
  "image_u_axis_3d": [
    -0.999976253568282,
    6.399243366360327e-05,
    0.006891168443116508
  ],
  "image_v_axis_3d": [
    0.0,
    0.9999568864831716,
    -0.009285751067172941
  ],
  "u_min": -1.2751455982519837,
  "u_max": 0.7356134964692491,
  "v_min": -0.566292133127704,
  "v_max": 1.4500304570398692,
  "pixel_size_u_m": 0.003934949304738224,
  "pixel_size_v_m": 0.003945836771365114,
  "back_projection_note": {
    "pixel_to_uv": "u = u_min + px * pixel_size_u_m, v = v_max - py * pixel_size_v_m",
    "flip_x_note": "if flip_x is true, saved uv and image_u_axis_3d are already mirrored, so use the same pixel_to_uv formula",
    "point_on_plane_3d": "marker_origin + u * image_u_axis_3d + v * image_v_axis_3d",
    "direction_3d": "du * image_u_axis_3d + dv * image_v_axis_3d"
  },
  "debug": {
    "total_points": 100000,
    "basis_mode": "global",
    "height_mode": "adaptive",
    "top_candidate_q": 0.85,
    "height_band_m_input": 0.03,
    "height_band_m_used": 0.016372188870735792,
    "id_height_center": 0.006332132041685088,
    "top_id_points": 25520,
    "selected_height_min": -0.009953206523366096,
    "selected_height_max": 0.016169868615213686,
    "height_min": -0.22025862361848628,
    "height_mean": -0.14542750629301662,
    "height_max": 0.016169868615213686,
    "height_q50": -0.1953394542322672,
    "height_q70": -0.18949441884143461,
    "height_q80": 0.002049108110471642,
    "height_q85": 0.004888318756251455,
    "height_q90": 0.007132730478347048,
    "height_q95": 0.011710607703217513,
    "height_q99": 0.014525719042837223,
    "layer_selection": {
      "height_mode": "adaptive",
      "status": "adaptive_ok",
      "adaptive_search_q": 0.6,
      "adaptive_upper_q": 0.995,
      "adaptive_bins": 64,
      "adaptive_min_points": 300,
      "adaptive_chosen_bin": 63,
      "adaptive_bin_count": 4404,
      "adaptive_layer_bin_left": 59,
      "adaptive_layer_bin_right": 63,
      "adaptive_layer_lo": -0.0012579121372835733,
      "adaptive_layer_hi": 0.015024633196078269,
      "adaptive_layer_points": 23686,
      "adaptive_mad": 0.003680963368572281,
      "adaptive_robust_sigma": 0.005457396290245263,
      "id_height_center": 0.006332132041685088,
      "height_band_m": 0.016372188870735792,
      "selected_height_min": -0.009953206523366096,
      "selected_height_max": 0.016169868615213686,
      "selected_points": 25520,
      "selected_ratio": 0.2552
    },
    "plane_estimation": {
      "plane_refine_used": true,
      "coarse_plane_points": 100000,
      "coarse_plane_center": [
        1.4145498080700034,
        1.184111970359988,
        0.1602388917802268
      ],
      "coarse_plane_normal": [
        0.007447387464064656,
        0.00895203634605994,
        0.9999321964329476
      ],
      "coarse_id_layer": {
        "height_mode": "adaptive",
        "status": "adaptive_ok",
        "adaptive_search_q": 0.6,
        "adaptive_upper_q": 0.995,
        "adaptive_bins": 64,
        "adaptive_min_points": 300,
        "adaptive_chosen_bin": 63,
        "adaptive_bin_count": 4658,
        "adaptive_layer_bin_left": 59,
        "adaptive_layer_bin_right": 63,
        "adaptive_layer_lo": 0.14417327764286028,
        "adaptive_layer_hi": 0.16045675270826984,
        "adaptive_layer_points": 23654,
        "adaptive_mad": 0.003560761693293793,
        "adaptive_robust_sigma": 0.005279185286477377,
        "id_height_center": 0.1515983503306187,
        "height_band_m": 0.015837555859432133,
        "selected_height_min": 0.13577872016309064,
        "selected_height_max": 0.16158568064810214,
        "selected_points": 25503,
        "selected_ratio": 0.25503
      },
      "plate_support": {
        "plate_status": "ok",
        "plate_lower": -0.055117097921914854,
        "plate_upper": 0.1465983503306187,
        "plate_lo": 0.14344654645167285,
        "plate_hi": 0.1465983503306187,
        "plate_bins": 64,
        "plate_chosen_bin": 63,
        "plate_bin_count": 2794,
        "plate_left_bin": 63,
        "plate_right_bin": 63,
        "plate_points": 2794,
        "plate_min_points": 500,
        "plane_refine_angle_deg": 0.03714395130670056
      }
    }
  }
}