{
  "source_file": "C:\\Users\\gkwld\\Desktop\\3D-Marker-Pose-Estimation\\CAD_to_PointCloud_conversion\\pointnet2\\result\\eval1_real_newmask_height_auto_boxexpand100\\train\\marker_points\\aug_000127_marker.xyz",
  "image_size": 512,
  "point_radius": 2,
  "view_margin": 1.2,
  "plane_fit_q": 0.8,
  "height_mode": "adaptive",
  "top_candidate_q": 0.85,
  "height_band_m": 0.03,
  "basis_mode": "global",
  "plane_refine_enabled": true,
  "flip_x": true,
  "align_2d": false,
  "align_method": "none",
  "color_mode": "raw_z",
  "color_ref": "marker_all_raw_z",
  "invert_jet": false,
  "color_min": 0.10327673999999999,
  "color_max": 0.312979,
  "color_q_min": 0.02,
  "color_q_max": 0.98,
  "plane_center": [
    9.265184819800334,
    -5.956000877648691,
    0.3124507054462701
  ],
  "plane_normal": [
    -0.003950479247537968,
    -0.00223783003675058,
    0.9999896928611022
  ],
  "marker_origin": [
    9.265184819800334,
    -5.956000877648691,
    0.3124507054462701
  ],
  "image_u_axis_3d": [
    -0.9999921968254126,
    8.840570104194591e-06,
    -0.003950469355593834
  ],
  "image_v_axis_3d": [
    1.694065894510295e-21,
    0.9999974960151505,
    0.002237847499063077
  ],
  "u_min": -0.8164842121577179,
  "u_max": 1.1729182595113565,
  "v_min": -1.1411165876109688,
  "v_max": 0.850717848902079,
  "pixel_size_u_m": 0.003893155521857289,
  "pixel_size_v_m": 0.0038979147485578235,
  "back_projection_note": {
    "pixel_to_uv": "u = u_min + px * pixel_size_u_m, v = v_max - py * pixel_size_v_m",
    "flip_x_note": "if flip_x is true, saved uv and image_u_axis_3d are already mirrored, so use the same pixel_to_uv formula",
    "point_on_plane_3d": "marker_origin + u * image_u_axis_3d + v * image_v_axis_3d",
    "direction_3d": "du * image_u_axis_3d + dv * image_v_axis_3d"
  },
  "debug": {
    "total_points": 100000,
    "basis_mode": "global",
    "height_mode": "adaptive",
    "top_candidate_q": 0.85,
    "height_band_m_input": 0.03,
    "height_band_m_used": 0.015,
    "id_height_center": 0.000954474375205773,
    "top_id_points": 25659,
    "selected_height_min": -0.012937028908931593,
    "selected_height_max": 0.0045909421674095235,
    "height_min": -0.21883310433677075,
    "height_mean": -0.1510050257399172,
    "height_max": 0.0045909421674095235,
    "height_q50": -0.20225685758295214,
    "height_q70": -0.2002144182197671,
    "height_q80": -0.0005192932929636754,
    "height_q85": 0.0004921132368698615,
    "height_q90": 0.0012204355034671117,
    "height_q95": 0.0035128058972054544,
    "height_q99": 0.004116815426923203,
    "layer_selection": {
      "height_mode": "adaptive",
      "status": "adaptive_ok",
      "adaptive_search_q": 0.6,
      "adaptive_upper_q": 0.995,
      "adaptive_bins": 64,
      "adaptive_min_points": 300,
      "adaptive_chosen_bin": 63,
      "adaptive_bin_count": 10675,
      "adaptive_layer_bin_left": 62,
      "adaptive_layer_bin_right": 63,
      "adaptive_layer_lo": -0.0021628119379064614,
      "adaptive_layer_hi": 0.004267827537132743,
      "adaptive_layer_points": 22746,
      "adaptive_mad": 0.001092013172705575,
      "adaptive_robust_sigma": 0.0016190187298532855,
      "id_height_center": 0.000954474375205773,
      "height_band_m": 0.015,
      "selected_height_min": -0.012937028908931593,
      "selected_height_max": 0.0045909421674095235,
      "selected_points": 25659,
      "selected_ratio": 0.25659
    },
    "plane_estimation": {
      "plane_refine_used": true,
      "coarse_plane_points": 100000,
      "coarse_plane_center": [
        9.087354604900181,
        -6.102376690080076,
        0.16041403388022704
      ],
      "coarse_plane_normal": [
        -0.008401115596064773,
        -0.008099839588791019,
        0.9999319046081976
      ],
      "coarse_id_layer": {
        "height_mode": "adaptive",
        "status": "adaptive_ok",
        "adaptive_search_q": 0.6,
        "adaptive_upper_q": 0.995,
        "adaptive_bins": 64,
        "adaptive_min_points": 300,
        "adaptive_chosen_bin": 63,
        "adaptive_bin_count": 5256,
        "adaptive_layer_bin_left": 63,
        "adaptive_layer_bin_right": 63,
        "adaptive_layer_lo": 0.1568917053845164,
        "adaptive_layer_hi": 0.1601445164152882,
        "adaptive_layer_points": 5256,
        "adaptive_mad": 0.000711030174709526,
        "adaptive_robust_sigma": 0.0010541733370243432,
        "id_height_center": 0.1583905045395757,
        "height_band_m": 0.015,
        "selected_height_min": 0.14339654222807266,
        "selected_height_max": 0.1612148861816646,
        "selected_points": 24459,
        "selected_ratio": 0.24459
      },
      "plate_support": {
        "plate_status": "ok",
        "plate_lower": -0.055523316789110155,
        "plate_upper": 0.1533905045395757,
        "plate_lo": 0.14359766916479355,
        "plate_hi": 0.1533905045395757,
        "plate_bins": 64,
        "plate_chosen_bin": 63,
        "plate_bin_count": 8020,
        "plate_left_bin": 61,
        "plate_right_bin": 63,
        "plate_points": 17131,
        "plate_min_points": 500,
        "plane_refine_angle_deg": 0.4217175972613721
      }
    }
  }
}