{
  "source_file": "C:\\Users\\gkwld\\Desktop\\3D-Marker-Pose-Estimation\\CAD_to_PointCloud_conversion\\pointnet2\\result\\eval1_real_newmask_height_auto_boxexpand100\\train\\marker_points\\aug_000061_marker.xyz",
  "image_size": 512,
  "point_radius": 2,
  "view_margin": 1.2,
  "plane_fit_q": 0.8,
  "height_mode": "adaptive",
  "top_candidate_q": 0.85,
  "height_band_m": 0.03,
  "basis_mode": "global",
  "plane_refine_enabled": true,
  "flip_x": true,
  "align_2d": false,
  "align_method": "none",
  "color_mode": "raw_z",
  "color_ref": "marker_all_raw_z",
  "invert_jet": false,
  "color_min": 0.102009,
  "color_max": 0.310834,
  "color_q_min": 0.02,
  "color_q_max": 0.98,
  "plane_center": [
    8.266101180203808,
    -4.6617422809315885,
    0.3098282163027692
  ],
  "plane_normal": [
    0.0077747609479749576,
    0.008363315232743026,
    0.9999348018988636
  ],
  "marker_origin": [
    8.266101180203808,
    -4.6617422809315885,
    0.3098282163027692
  ],
  "image_u_axis_3d": [
    -0.9999697760883586,
    6.50247419690603e-05,
    0.0077744890237781234
  ],
  "image_v_axis_3d": [
    0.0,
    0.9999650247524164,
    -0.00836356801247528
  ],
  "u_min": -1.2007807935419454,
  "u_max": 0.5029455883285558,
  "v_min": -0.46677892355746164,
  "v_max": 1.2365842974071066,
  "pixel_size_u_m": 0.0033341025085528403,
  "pixel_size_v_m": 0.0033333918218484706,
  "back_projection_note": {
    "pixel_to_uv": "u = u_min + px * pixel_size_u_m, v = v_max - py * pixel_size_v_m",
    "flip_x_note": "if flip_x is true, saved uv and image_u_axis_3d are already mirrored, so use the same pixel_to_uv formula",
    "point_on_plane_3d": "marker_origin + u * image_u_axis_3d + v * image_v_axis_3d",
    "direction_3d": "du * image_u_axis_3d + dv * image_v_axis_3d"
  },
  "debug": {
    "total_points": 100000,
    "basis_mode": "global",
    "height_mode": "adaptive",
    "top_candidate_q": 0.85,
    "height_band_m_input": 0.03,
    "height_band_m_used": 0.016508385837372967,
    "id_height_center": 0.00625603919058901,
    "top_id_points": 25773,
    "selected_height_min": -0.010166288299311977,
    "selected_height_max": 0.01566972222073405,
    "height_min": -0.22015422573038193,
    "height_mean": -0.14487357545915158,
    "height_max": 0.01566972222073405,
    "height_q50": -0.19514511678051258,
    "height_q70": -0.18943739880283048,
    "height_q80": 0.0018440857916367684,
    "height_q85": 0.004178266089898918,
    "height_q90": 0.007063066086122363,
    "height_q95": 0.011007465808294961,
    "height_q99": 0.014119881591465456,
    "layer_selection": {
      "height_mode": "adaptive",
      "status": "adaptive_ok",
      "adaptive_search_q": 0.6,
      "adaptive_upper_q": 0.995,
      "adaptive_bins": 64,
      "adaptive_min_points": 300,
      "adaptive_chosen_bin": 63,
      "adaptive_bin_count": 4005,
      "adaptive_layer_bin_left": 59,
      "adaptive_layer_bin_right": 63,
      "adaptive_layer_lo": -0.0015994993966966242,
      "adaptive_layer_hi": 0.014631031741879106,
      "adaptive_layer_points": 23993,
      "adaptive_mad": 0.0037115845670607868,
      "adaptive_robust_sigma": 0.005502795279124322,
      "id_height_center": 0.00625603919058901,
      "height_band_m": 0.016508385837372967,
      "selected_height_min": -0.010166288299311977,
      "selected_height_max": 0.01566972222073405,
      "selected_points": 25773,
      "selected_ratio": 0.25773
    },
    "plane_estimation": {
      "plane_refine_used": true,
      "coarse_plane_points": 100000,
      "coarse_plane_center": [
        8.609130429100034,
        -4.275113511960015,
        0.15904434134025053
      ],
      "coarse_plane_normal": [
        0.009046625808857883,
        0.008394953129151159,
        0.9999238387604498
      ],
      "coarse_id_layer": {
        "height_mode": "adaptive",
        "status": "adaptive_ok",
        "adaptive_search_q": 0.6,
        "adaptive_upper_q": 0.995,
        "adaptive_bins": 64,
        "adaptive_min_points": 300,
        "adaptive_chosen_bin": 63,
        "adaptive_bin_count": 3990,
        "adaptive_layer_bin_left": 58,
        "adaptive_layer_bin_right": 63,
        "adaptive_layer_lo": 0.14058866055271008,
        "adaptive_layer_hi": 0.16009358099821533,
        "adaptive_layer_points": 24497,
        "adaptive_mad": 0.003979660537746316,
        "adaptive_robust_sigma": 0.005900244713262687,
        "id_height_center": 0.1507705234944563,
        "height_band_m": 0.017700734139788062,
        "selected_height_min": 0.13310302049225814,
        "selected_height_max": 0.16122436943093732,
        "selected_points": 25817,
        "selected_ratio": 0.25817
      },
      "plate_support": {
        "plate_status": "ok",
        "plate_lower": -0.055542449984183014,
        "plate_upper": 0.1457705234944563,
        "plate_lo": 0.14262500828385255,
        "plate_hi": 0.1457705234944563,
        "plate_bins": 64,
        "plate_chosen_bin": 63,
        "plate_bin_count": 3435,
        "plate_left_bin": 63,
        "plate_right_bin": 63,
        "plate_points": 3435,
        "plate_min_points": 500,
        "plane_refine_angle_deg": 0.07289783231495532
      }
    }
  }
}