{
  "source_file": "C:\\Users\\gkwld\\Desktop\\3D-Marker-Pose-Estimation\\CAD_to_PointCloud_conversion\\pointnet2\\result\\eval1_real_newmask_height_auto_boxexpand100\\train\\marker_points\\aug_000083_marker.xyz",
  "image_size": 512,
  "point_radius": 2,
  "view_margin": 1.2,
  "plane_fit_q": 0.8,
  "height_mode": "adaptive",
  "top_candidate_q": 0.85,
  "height_band_m": 0.03,
  "basis_mode": "global",
  "plane_refine_enabled": true,
  "flip_x": true,
  "align_2d": false,
  "align_method": "none",
  "color_mode": "raw_z",
  "color_ref": "marker_all_raw_z",
  "invert_jet": false,
  "color_min": 0.102076,
  "color_max": 0.310834,
  "color_q_min": 0.02,
  "color_q_max": 0.98,
  "plane_center": [
    0.20247259999999986,
    -7.74219295290858,
    0.30980611883657233
  ],
  "plane_normal": [
    0.010142116085896479,
    -0.004270056357595978,
    0.9999394502158633
  ],
  "marker_origin": [
    0.20247259999999986,
    -7.74219295290858,
    0.30980611883657233
  ],
  "image_u_axis_3d": [
    -0.9999485674169949,
    -4.330963479835879e-05,
    0.010142023613407845
  ],
  "image_v_axis_3d": [
    0.0,
    0.9999908823289233,
    0.004270275988915964
  ],
  "u_min": -1.5318502800942584,
  "u_max": 0.5861516266717554,
  "v_min": -1.2595411066355104,
  "v_max": 0.8588951140024219,
  "pixel_size_u_m": 0.00414481782145991,
  "pixel_size_v_m": 0.004145667750759163,
  "back_projection_note": {
    "pixel_to_uv": "u = u_min + px * pixel_size_u_m, v = v_max - py * pixel_size_v_m",
    "flip_x_note": "if flip_x is true, saved uv and image_u_axis_3d are already mirrored, so use the same pixel_to_uv formula",
    "point_on_plane_3d": "marker_origin + u * image_u_axis_3d + v * image_v_axis_3d",
    "direction_3d": "du * image_u_axis_3d + dv * image_v_axis_3d"
  },
  "debug": {
    "total_points": 100000,
    "basis_mode": "global",
    "height_mode": "adaptive",
    "top_candidate_q": 0.85,
    "height_band_m_input": 0.03,
    "height_band_m_used": 0.016179966167592427,
    "id_height_center": 0.006078942003208973,
    "top_id_points": 25875,
    "selected_height_min": -0.010093909099440034,
    "selected_height_max": 0.0151200529226203,
    "height_min": -0.22002678739297504,
    "height_mean": -0.14490528415626747,
    "height_max": 0.0151200529226203,
    "height_q50": -0.1954775596619981,
    "height_q70": -0.18983147156104493,
    "height_q80": 0.0017500375157744577,
    "height_q85": 0.00401073386921751,
    "height_q90": 0.00690080767804346,
    "height_q95": 0.0105728560478074,
    "height_q99": 0.013639262977554486,
    "layer_selection": {
      "height_mode": "adaptive",
      "status": "adaptive_ok",
      "adaptive_search_q": 0.6,
      "adaptive_upper_q": 0.995,
      "adaptive_bins": 64,
      "adaptive_min_points": 300,
      "adaptive_chosen_bin": 63,
      "adaptive_bin_count": 4060,
      "adaptive_layer_bin_left": 59,
      "adaptive_layer_bin_right": 63,
      "adaptive_layer_lo": -0.0021106608239202518,
      "adaptive_layer_hi": 0.01411093392769343,
      "adaptive_layer_points": 24178,
      "adaptive_mad": 0.0036377458895616773,
      "adaptive_robust_sigma": 0.005393322055864142,
      "id_height_center": 0.006078942003208973,
      "height_band_m": 0.016179966167592427,
      "selected_height_min": -0.010093909099440034,
      "selected_height_max": 0.0151200529226203,
      "selected_points": 25875,
      "selected_ratio": 0.25875
    },
    "plane_estimation": {
      "plane_refine_used": true,
      "coarse_plane_points": 100000,
      "coarse_plane_center": [
        0.67446184105,
        -7.936704924160089,
        0.15927417325025267
      ],
      "coarse_plane_normal": [
        0.010586487384821772,
        -0.005491112265502311,
        0.999928884455759
      ],
      "coarse_id_layer": {
        "height_mode": "adaptive",
        "status": "adaptive_ok",
        "adaptive_search_q": 0.6,
        "adaptive_upper_q": 0.995,
        "adaptive_bins": 64,
        "adaptive_min_points": 300,
        "adaptive_chosen_bin": 63,
        "adaptive_bin_count": 4047,
        "adaptive_layer_bin_left": 59,
        "adaptive_layer_bin_right": 63,
        "adaptive_layer_lo": 0.1433740224525552,
        "adaptive_layer_hi": 0.15962038105487034,
        "adaptive_layer_points": 23679,
        "adaptive_mad": 0.0038811104195442814,
        "adaptive_robust_sigma": 0.005754134308016351,
        "id_height_center": 0.15078945126411128,
        "height_band_m": 0.017262402924049056,
        "selected_height_min": 0.1335926652678086,
        "selected_height_max": 0.1607160566863109,
        "selected_points": 25905,
        "selected_ratio": 0.25905
      },
      "plate_support": {
        "plate_status": "ok",
        "plate_lower": -0.05564379992368993,
        "plate_upper": 0.14578945126411127,
        "plate_lo": 0.14264205671430188,
        "plate_hi": 0.14578945126411127,
        "plate_bins": 64,
        "plate_chosen_bin": 63,
        "plate_bin_count": 3610,
        "plate_left_bin": 63,
        "plate_right_bin": 63,
        "plate_points": 3610,
        "plate_min_points": 500,
        "plane_refine_angle_deg": 0.07445275712530658
      }
    }
  }
}