{
  "source_file": "C:\\Users\\gkwld\\Desktop\\3D-Marker-Pose-Estimation\\CAD_to_PointCloud_conversion\\pointnet2\\result\\eval1_real_newmask_height_auto_boxexpand100\\train\\marker_points\\aug_000013_marker.xyz",
  "image_size": 512,
  "point_radius": 2,
  "view_margin": 1.2,
  "plane_fit_q": 0.8,
  "height_mode": "adaptive",
  "top_candidate_q": 0.85,
  "height_band_m": 0.03,
  "basis_mode": "global",
  "plane_refine_enabled": true,
  "flip_x": true,
  "align_2d": false,
  "align_method": "none",
  "color_mode": "raw_z",
  "color_ref": "marker_all_raw_z",
  "invert_jet": false,
  "color_min": 0.101828,
  "color_max": 0.310834,
  "color_q_min": 0.02,
  "color_q_max": 0.98,
  "plane_center": [
    -5.129923229906548,
    -3.6250979161993695,
    0.30961260373831745
  ],
  "plane_normal": [
    -0.0015592757757613384,
    0.010904229632366074,
    0.999939331376249
  ],
  "marker_origin": [
    -5.129923229906548,
    -3.6250979161993695,
    0.30961260373831745
  ],
  "image_u_axis_3d": [
    -0.9999987843277888,
    -1.7002721788789776e-05,
    -0.0015591830720983898
  ],
  "image_v_axis_3d": [
    3.388131789020589e-21,
    0.999940546975185,
    -0.010904242888340234
  ],
  "u_min": -1.0825757057701972,
  "u_max": 1.210725529960547,
  "v_min": -0.6312449257587285,
  "v_max": 1.6610892259657262,
  "pixel_size_u_m": 0.004487869345852729,
  "pixel_size_v_m": 0.004485976813550792,
  "back_projection_note": {
    "pixel_to_uv": "u = u_min + px * pixel_size_u_m, v = v_max - py * pixel_size_v_m",
    "flip_x_note": "if flip_x is true, saved uv and image_u_axis_3d are already mirrored, so use the same pixel_to_uv formula",
    "point_on_plane_3d": "marker_origin + u * image_u_axis_3d + v * image_v_axis_3d",
    "direction_3d": "du * image_u_axis_3d + dv * image_v_axis_3d"
  },
  "debug": {
    "total_points": 100000,
    "basis_mode": "global",
    "height_mode": "adaptive",
    "top_candidate_q": 0.85,
    "height_band_m_input": 0.03,
    "height_band_m_used": 0.016339741011489946,
    "id_height_center": 0.0063402827417230415,
    "top_id_points": 25820,
    "selected_height_min": -0.009977489386330014,
    "selected_height_max": 0.015363231657027665,
    "height_min": -0.21977829156389453,
    "height_mean": -0.14482456956780865,
    "height_max": 0.015363231657027665,
    "height_q50": -0.19524620796445452,
    "height_q70": -0.18973436754217887,
    "height_q80": 0.0019330757176169461,
    "height_q85": 0.004159676302341652,
    "height_q90": 0.007161789142360562,
    "height_q95": 0.0108089235506092,
    "height_q99": 0.013915773537732741,
    "layer_selection": {
      "height_mode": "adaptive",
      "status": "adaptive_ok",
      "adaptive_search_q": 0.6,
      "adaptive_upper_q": 0.995,
      "adaptive_bins": 64,
      "adaptive_min_points": 300,
      "adaptive_chosen_bin": 63,
      "adaptive_bin_count": 4073,
      "adaptive_layer_bin_left": 59,
      "adaptive_layer_bin_right": 63,
      "adaptive_layer_lo": -0.0018474148301688698,
      "adaptive_layer_hi": 0.014378655347206956,
      "adaptive_layer_points": 24138,
      "adaptive_mad": 0.003673668108163575,
      "adaptive_robust_sigma": 0.005446580337163316,
      "id_height_center": 0.0063402827417230415,
      "height_band_m": 0.016339741011489946,
      "selected_height_min": -0.009977489386330014,
      "selected_height_max": 0.015363231657027665,
      "selected_points": 25820,
      "selected_ratio": 0.2582
    },
    "plane_estimation": {
      "plane_refine_used": true,
      "coarse_plane_points": 100000,
      "coarse_plane_center": [
        -5.1982180067699035,
        -3.1164429220799708,
        0.1591259231002508
      ],
      "coarse_plane_normal": [
        -0.0008255601340007649,
        0.011132702040664714,
        0.999937688755524
      ],
      "coarse_id_layer": {
        "height_mode": "adaptive",
        "status": "adaptive_ok",
        "adaptive_search_q": 0.6,
        "adaptive_upper_q": 0.995,
        "adaptive_bins": 64,
        "adaptive_min_points": 300,
        "adaptive_chosen_bin": 63,
        "adaptive_bin_count": 4239,
        "adaptive_layer_bin_left": 59,
        "adaptive_layer_bin_right": 63,
        "adaptive_layer_lo": 0.14307443352591273,
        "adaptive_layer_hi": 0.15930794216626445,
        "adaptive_layer_points": 24114,
        "adaptive_mad": 0.0036973206330449537,
        "adaptive_robust_sigma": 0.005481647570552448,
        "id_height_center": 0.15095557220108347,
        "height_band_m": 0.016444942711657345,
        "selected_height_min": 0.13458604678131886,
        "selected_height_max": 0.16029495284811643,
        "selected_points": 25832,
        "selected_ratio": 0.25832
      },
      "plate_support": {
        "plate_status": "ok",
        "plate_lower": -0.05534415190616169,
        "plate_upper": 0.14595557220108346,
        "plate_lo": 0.14281026401190774,
        "plate_hi": 0.14595557220108346,
        "plate_bins": 64,
        "plate_chosen_bin": 63,
        "plate_bin_count": 3210,
        "plate_left_bin": 63,
        "plate_right_bin": 63,
        "plate_points": 3210,
        "plate_min_points": 500,
        "plane_refine_angle_deg": 0.04403004556401089
      }
    }
  }
}