{
  "source_file": "C:\\Users\\gkwld\\Desktop\\3D-Marker-Pose-Estimation\\CAD_to_PointCloud_conversion\\pointnet2\\result\\eval1_real_newmask_height_auto_boxexpand100\\train\\marker_points\\aug_000123_marker.xyz",
  "image_size": 512,
  "point_radius": 2,
  "view_margin": 1.2,
  "plane_fit_q": 0.8,
  "height_mode": "adaptive",
  "top_candidate_q": 0.85,
  "height_band_m": 0.03,
  "basis_mode": "global",
  "plane_refine_enabled": true,
  "flip_x": true,
  "align_2d": false,
  "align_method": "none",
  "color_mode": "raw_z",
  "color_ref": "marker_all_raw_z",
  "invert_jet": false,
  "color_min": 0.10320784,
  "color_max": 0.312979,
  "color_q_min": 0.02,
  "color_q_max": 0.98,
  "plane_center": [
    -2.112926060563396,
    6.404852774366174,
    0.3125757044365716
  ],
  "plane_normal": [
    -0.00194738760182676,
    0.004979944059419998,
    0.9999857038161563
  ],
  "marker_origin": [
    -2.112926060563396,
    6.404852774366174,
    0.3125757044365716
  ],
  "image_u_axis_3d": [
    -0.9999981038379664,
    -9.697899707875163e-06,
    -0.0019473634541283418
  ],
  "image_v_axis_3d": [
    1.694065894510295e-21,
    0.9999875999536774,
    -0.004979953502213777
  ],
  "u_min": -0.7796018684742384,
  "u_max": 0.9176438622393907,
  "v_min": -0.6616363882112557,
  "v_max": 1.0352190837477395,
  "pixel_size_u_m": 0.003321420216660722,
  "pixel_size_v_m": 0.0033206565008982295,
  "back_projection_note": {
    "pixel_to_uv": "u = u_min + px * pixel_size_u_m, v = v_max - py * pixel_size_v_m",
    "flip_x_note": "if flip_x is true, saved uv and image_u_axis_3d are already mirrored, so use the same pixel_to_uv formula",
    "point_on_plane_3d": "marker_origin + u * image_u_axis_3d + v * image_v_axis_3d",
    "direction_3d": "du * image_u_axis_3d + dv * image_v_axis_3d"
  },
  "debug": {
    "total_points": 100000,
    "basis_mode": "global",
    "height_mode": "adaptive",
    "top_candidate_q": 0.85,
    "height_band_m_input": 0.03,
    "height_band_m_used": 0.015,
    "id_height_center": 0.0008673654954416337,
    "top_id_points": 25465,
    "selected_height_min": -0.013556788181521546,
    "selected_height_max": 0.0051796724371395,
    "height_min": -0.21972566549127076,
    "height_mean": -0.15150580307781608,
    "height_max": 0.0051796724371395,
    "height_q50": -0.2022000986379541,
    "height_q70": -0.1997539065108604,
    "height_q80": -0.0010597160521188123,
    "height_q85": 0.00024140752580283526,
    "height_q90": 0.0010780838516573942,
    "height_q95": 0.003763201670303895,
    "height_q99": 0.004565947974920826,
    "layer_selection": {
      "height_mode": "adaptive",
      "status": "adaptive_ok",
      "adaptive_search_q": 0.6,
      "adaptive_upper_q": 0.995,
      "adaptive_bins": 64,
      "adaptive_min_points": 300,
      "adaptive_chosen_bin": 63,
      "adaptive_bin_count": 7201,
      "adaptive_layer_bin_left": 62,
      "adaptive_layer_bin_right": 63,
      "adaptive_layer_lo": -0.0016871792662029872,
      "adaptive_layer_hi": 0.004754230574353939,
      "adaptive_layer_points": 21602,
      "adaptive_mad": 0.0013466932267277142,
      "adaptive_robust_sigma": 0.001996607377946509,
      "id_height_center": 0.0008673654954416337,
      "height_band_m": 0.015,
      "selected_height_min": -0.013556788181521546,
      "selected_height_max": 0.0051796724371395,
      "selected_points": 25465,
      "selected_ratio": 0.25465
    },
    "plane_estimation": {
      "plane_refine_used": true,
      "coarse_plane_points": 100000,
      "coarse_plane_center": [
        -2.183690957459977,
        6.591301311669979,
        0.16000141016022648
      ],
      "coarse_plane_normal": [
        -0.0060533301123315555,
        0.009190361237020685,
        0.9999394453930119
      ],
      "coarse_id_layer": {
        "height_mode": "adaptive",
        "status": "adaptive_ok",
        "adaptive_search_q": 0.6,
        "adaptive_upper_q": 0.995,
        "adaptive_bins": 64,
        "adaptive_min_points": 300,
        "adaptive_chosen_bin": 63,
        "adaptive_bin_count": 5356,
        "adaptive_layer_bin_left": 63,
        "adaptive_layer_bin_right": 63,
        "adaptive_layer_lo": 0.15694169093728727,
        "adaptive_layer_hi": 0.16019399540900664,
        "adaptive_layer_points": 5356,
        "adaptive_mad": 0.0007234289901627,
        "adaptive_robust_sigma": 0.001072555820815219,
        "id_height_center": 0.15839847873206941,
        "height_band_m": 0.015,
        "selected_height_min": 0.1434113747458021,
        "selected_height_max": 0.16120012230589764,
        "selected_points": 24399,
        "selected_ratio": 0.24399
      },
      "plate_support": {
        "plate_status": "ok",
        "plate_lower": -0.05485218612323114,
        "plate_upper": 0.1533984787320694,
        "plate_lo": 0.14689064545534128,
        "plate_hi": 0.1533984787320694,
        "plate_bins": 64,
        "plate_chosen_bin": 63,
        "plate_bin_count": 8280,
        "plate_left_bin": 62,
        "plate_right_bin": 63,
        "plate_points": 14200,
        "plate_min_points": 500,
        "plane_refine_angle_deg": 0.33696845874390335
      }
    }
  }
}