{
  "source_file": "C:\\Users\\gkwld\\Desktop\\3D-Marker-Pose-Estimation\\CAD_to_PointCloud_conversion\\pointnet2\\result\\eval1_real_newmask_height_auto_boxexpand100\\train\\marker_points\\aug_000113_marker.xyz",
  "image_size": 512,
  "point_radius": 2,
  "view_margin": 1.2,
  "plane_fit_q": 0.8,
  "height_mode": "adaptive",
  "top_candidate_q": 0.85,
  "height_band_m": 0.03,
  "basis_mode": "global",
  "plane_refine_enabled": true,
  "flip_x": true,
  "align_2d": false,
  "align_method": "none",
  "color_mode": "raw_z",
  "color_ref": "marker_all_raw_z",
  "invert_jet": false,
  "color_min": 0.10340368,
  "color_max": 0.312979,
  "color_q_min": 0.02,
  "color_q_max": 0.98,
  "plane_center": [
    0.003554069040924711,
    0.7534649222118102,
    0.3118326254295669
  ],
  "plane_normal": [
    0.012039356327581302,
    -0.0003055894271495743,
    0.9999274776264125
  ],
  "marker_origin": [
    0.003554069040924711,
    0.7534649222118102,
    0.3118326254295669
  ],
  "image_u_axis_3d": [
    -0.9999275243222472,
    -3.6793666679807784e-06,
    0.012039355765328686
  ],
  "image_v_axis_3d": [
    -4.235164736275736e-22,
    0.9999999532997811,
    0.00030561157655540873
  ],
  "u_min": -1.669176657317173,
  "u_max": 0.625241179428107,
  "v_min": -1.089803659530841,
  "v_max": 1.1993976871428207,
  "pixel_size_u_m": 0.004490054475039687,
  "pixel_size_v_m": 0.004479846079596206,
  "back_projection_note": {
    "pixel_to_uv": "u = u_min + px * pixel_size_u_m, v = v_max - py * pixel_size_v_m",
    "flip_x_note": "if flip_x is true, saved uv and image_u_axis_3d are already mirrored, so use the same pixel_to_uv formula",
    "point_on_plane_3d": "marker_origin + u * image_u_axis_3d + v * image_v_axis_3d",
    "direction_3d": "du * image_u_axis_3d + dv * image_v_axis_3d"
  },
  "debug": {
    "total_points": 100000,
    "basis_mode": "global",
    "height_mode": "adaptive",
    "top_candidate_q": 0.85,
    "height_band_m_input": 0.03,
    "height_band_m_used": 0.01653392590985149,
    "id_height_center": 0.006292947569469748,
    "top_id_points": 25886,
    "selected_height_min": -0.01021980838604062,
    "selected_height_max": 0.01647937280790634,
    "height_min": -0.22056820777198266,
    "height_mean": -0.14459746936000245,
    "height_max": 0.01647937280790634,
    "height_q50": -0.19501923742772953,
    "height_q70": -0.18893429760664746,
    "height_q80": 0.002071340341248113,
    "height_q85": 0.005169587348998745,
    "height_q90": 0.00711500759527173,
    "height_q95": 0.012126076850158833,
    "height_q99": 0.01490507957597374,
    "layer_selection": {
      "height_mode": "adaptive",
      "status": "adaptive_ok",
      "adaptive_search_q": 0.6,
      "adaptive_upper_q": 0.995,
      "adaptive_bins": 64,
      "adaptive_min_points": 300,
      "adaptive_chosen_bin": 63,
      "adaptive_bin_count": 4474,
      "adaptive_layer_bin_left": 59,
      "adaptive_layer_bin_right": 63,
      "adaptive_layer_lo": -0.0008822021379671641,
      "adaptive_layer_hi": 0.015399871995239326,
      "adaptive_layer_points": 23696,
      "adaptive_mad": 0.0037173267480218293,
      "adaptive_robust_sigma": 0.005511308636617164,
      "id_height_center": 0.006292947569469748,
      "height_band_m": 0.01653392590985149,
      "selected_height_min": -0.01021980838604062,
      "selected_height_max": 0.01647937280790634,
      "selected_points": 25886,
      "selected_ratio": 0.25886
    },
    "plane_estimation": {
      "plane_refine_used": true,
      "coarse_plane_points": 100000,
      "coarse_plane_center": [
        0.5236277837399974,
        0.8133831066400004,
        0.16098117356022626
      ],
      "coarse_plane_normal": [
        0.01268800002720461,
        -0.0007271204257254747,
        0.9999192397134861
      ],
      "coarse_id_layer": {
        "height_mode": "adaptive",
        "status": "adaptive_ok",
        "adaptive_search_q": 0.6,
        "adaptive_upper_q": 0.995,
        "adaptive_bins": 64,
        "adaptive_min_points": 300,
        "adaptive_chosen_bin": 63,
        "adaptive_bin_count": 4412,
        "adaptive_layer_bin_left": 58,
        "adaptive_layer_bin_right": 63,
        "adaptive_layer_lo": 0.14084164379182446,
        "adaptive_layer_hi": 0.1603958703038688,
        "adaptive_layer_points": 24525,
        "adaptive_mad": 0.003883246467890872,
        "adaptive_robust_sigma": 0.005757301213295006,
        "id_height_center": 0.1506099716007752,
        "height_band_m": 0.017271903639885018,
        "selected_height_min": 0.13355046234657544,
        "selected_height_max": 0.1615247474956414,
        "selected_points": 25894,
        "selected_ratio": 0.25894
      },
      "plate_support": {
        "plate_status": "ok",
        "plate_lower": -0.056107328499173215,
        "plate_upper": 0.14560997160077518,
        "plate_lo": 0.14245813878671348,
        "plate_hi": 0.14560997160077518,
        "plate_bins": 64,
        "plate_chosen_bin": 63,
        "plate_bin_count": 3201,
        "plate_left_bin": 63,
        "plate_right_bin": 63,
        "plate_points": 3201,
        "plate_min_points": 500,
        "plane_refine_angle_deg": 0.04432556903871528
      }
    }
  }
}