{
  "source_file": "C:\\Users\\gkwld\\Desktop\\3D-Marker-Pose-Estimation\\CAD_to_PointCloud_conversion\\pointnet2\\result\\eval1_real_newmask_height_auto_boxexpand100\\train\\marker_points\\aug_000109_marker.xyz",
  "image_size": 512,
  "point_radius": 2,
  "view_margin": 1.2,
  "plane_fit_q": 0.8,
  "height_mode": "adaptive",
  "top_candidate_q": 0.85,
  "height_band_m": 0.03,
  "basis_mode": "global",
  "plane_refine_enabled": true,
  "flip_x": true,
  "align_2d": false,
  "align_method": "none",
  "color_mode": "raw_z",
  "color_ref": "marker_all_raw_z",
  "invert_jet": false,
  "color_min": 0.10338787999999999,
  "color_max": 0.312979,
  "color_q_min": 0.02,
  "color_q_max": 0.98,
  "plane_center": [
    6.766929244628733,
    5.2359816596306175,
    0.3115503102148611
  ],
  "plane_normal": [
    -0.011768465616795554,
    -0.00027080899308939955,
    0.9999307125383816
  ],
  "marker_origin": [
    6.766929244628733,
    5.2359816596306175,
    0.3115503102148611
  ],
  "image_u_axis_3d": [
    -0.9999307492096774,
    3.187227041876838e-06,
    -0.011768465185177249
  ],
  "image_v_axis_3d": [
    0.0,
    0.9999999633251648,
    0.0002708277481247277
  ],
  "u_min": -0.6264431434909344,
  "u_max": 1.6505099104554448,
  "v_min": -1.214344271656394,
  "v_max": 1.062071271256488,
  "pixel_size_u_m": 0.00445587681789898,
  "pixel_size_v_m": 0.0044548249372072055,
  "back_projection_note": {
    "pixel_to_uv": "u = u_min + px * pixel_size_u_m, v = v_max - py * pixel_size_v_m",
    "flip_x_note": "if flip_x is true, saved uv and image_u_axis_3d are already mirrored, so use the same pixel_to_uv formula",
    "point_on_plane_3d": "marker_origin + u * image_u_axis_3d + v * image_v_axis_3d",
    "direction_3d": "du * image_u_axis_3d + dv * image_v_axis_3d"
  },
  "debug": {
    "total_points": 100000,
    "basis_mode": "global",
    "height_mode": "adaptive",
    "top_candidate_q": 0.85,
    "height_band_m_input": 0.03,
    "height_band_m_used": 0.016293779440708738,
    "id_height_center": 0.006379466716278732,
    "top_id_points": 25634,
    "selected_height_min": -0.009901602021697787,
    "selected_height_max": 0.016417882875680218,
    "height_min": -0.22025074025231925,
    "height_mean": -0.14504872463401786,
    "height_max": 0.016417882875680218,
    "height_q50": -0.19508998770503405,
    "height_q70": -0.18921125169976472,
    "height_q80": 0.0021880046482227297,
    "height_q85": 0.005224340429754668,
    "height_q90": 0.0072072575439514255,
    "height_q95": 0.012092049681288393,
    "height_q99": 0.014789903457198475,
    "layer_selection": {
      "height_mode": "adaptive",
      "status": "adaptive_ok",
      "adaptive_search_q": 0.6,
      "adaptive_upper_q": 0.995,
      "adaptive_bins": 64,
      "adaptive_min_points": 300,
      "adaptive_chosen_bin": 63,
      "adaptive_bin_count": 4552,
      "adaptive_layer_bin_left": 59,
      "adaptive_layer_bin_right": 63,
      "adaptive_layer_lo": -0.0009741321992133845,
      "adaptive_layer_hi": 0.015311337008440966,
      "adaptive_layer_points": 23713,
      "adaptive_mad": 0.0036633345565692567,
      "adaptive_robust_sigma": 0.00543125981356958,
      "id_height_center": 0.006379466716278732,
      "height_band_m": 0.016293779440708738,
      "selected_height_min": -0.009901602021697787,
      "selected_height_max": 0.016417882875680218,
      "selected_points": 25634,
      "selected_ratio": 0.25634
    },
    "plane_estimation": {
      "plane_refine_used": true,
      "coarse_plane_points": 100000,
      "coarse_plane_center": [
        6.255642411279851,
        5.1563366768799295,
        0.16045248630022685
      ],
      "coarse_plane_normal": [
        -0.011723250714344812,
        0.0002870313985107636,
        0.9999312391378044
      ],
      "coarse_id_layer": {
        "height_mode": "adaptive",
        "status": "adaptive_ok",
        "adaptive_search_q": 0.6,
        "adaptive_upper_q": 0.995,
        "adaptive_bins": 64,
        "adaptive_min_points": 300,
        "adaptive_chosen_bin": 63,
        "adaptive_bin_count": 4834,
        "adaptive_layer_bin_left": 59,
        "adaptive_layer_bin_right": 63,
        "adaptive_layer_lo": 0.14400357995527163,
        "adaptive_layer_hi": 0.16028385571034331,
        "adaptive_layer_points": 23795,
        "adaptive_mad": 0.0035174423785119813,
        "adaptive_robust_sigma": 0.005214960070381863,
        "id_height_center": 0.15127860777952007,
        "height_band_m": 0.015644880211145587,
        "selected_height_min": 0.13564003363763252,
        "selected_height_max": 0.16135402762464496,
        "selected_points": 25604,
        "selected_ratio": 0.25604
      },
      "plate_support": {
        "plate_status": "ok",
        "plate_lower": -0.05537952158808543,
        "plate_upper": 0.14627860777952006,
        "plate_lo": 0.14312769950815124,
        "plate_hi": 0.14627860777952006,
        "plate_bins": 64,
        "plate_chosen_bin": 63,
        "plate_bin_count": 2653,
        "plate_left_bin": 63,
        "plate_right_bin": 63,
        "plate_points": 2653,
        "plate_min_points": 500,
        "plane_refine_angle_deg": 0.03206693706920077
      }
    }
  }
}