{
  "source_file": "C:\\Users\\gkwld\\Desktop\\3D-Marker-Pose-Estimation\\CAD_to_PointCloud_conversion\\pointnet2\\result\\eval1_real_newmask_height_auto_boxexpand100\\train\\marker_points\\aug_000018_marker.xyz",
  "image_size": 512,
  "point_radius": 2,
  "view_margin": 1.2,
  "plane_fit_q": 0.8,
  "height_mode": "adaptive",
  "top_candidate_q": 0.85,
  "height_band_m": 0.03,
  "basis_mode": "global",
  "plane_refine_enabled": true,
  "flip_x": true,
  "align_2d": false,
  "align_method": "none",
  "color_mode": "raw_z",
  "color_ref": "marker_all_raw_z",
  "invert_jet": false,
  "color_min": 0.10211586,
  "color_max": 0.310834,
  "color_q_min": 0.02,
  "color_q_max": 0.98,
  "plane_center": [
    -9.0156725384408,
    5.0444292471000995,
    0.3098118038845524
  ],
  "plane_normal": [
    0.010241572349923388,
    0.0037963208557935248,
    0.9999403472916578
  ],
  "marker_origin": [
    -9.0156725384408,
    5.0444292471000995,
    0.3098118038845524
  ],
  "image_u_axis_3d": [
    -0.9999475537215948,
    3.888233394176566e-05,
    0.010241498540858313
  ],
  "image_v_axis_3d": [
    6.77626357804118e-21,
    0.999992793191093,
    -0.0037965199691330016
  ],
  "u_min": -1.6142982099267185,
  "u_max": 0.6241724101056506,
  "v_min": -0.9703432317007786,
  "v_max": 1.2676452115082957,
  "pixel_size_u_m": 0.004380568728047689,
  "pixel_size_v_m": 0.004379625133481555,
  "back_projection_note": {
    "pixel_to_uv": "u = u_min + px * pixel_size_u_m, v = v_max - py * pixel_size_v_m",
    "flip_x_note": "if flip_x is true, saved uv and image_u_axis_3d are already mirrored, so use the same pixel_to_uv formula",
    "point_on_plane_3d": "marker_origin + u * image_u_axis_3d + v * image_v_axis_3d",
    "direction_3d": "du * image_u_axis_3d + dv * image_v_axis_3d"
  },
  "debug": {
    "total_points": 100000,
    "basis_mode": "global",
    "height_mode": "adaptive",
    "top_candidate_q": 0.85,
    "height_band_m_input": 0.03,
    "height_band_m_used": 0.016207042114888024,
    "id_height_center": 0.006337743936678559,
    "top_id_points": 26001,
    "selected_height_min": -0.00986042904347495,
    "selected_height_max": 0.014968883820669382,
    "height_min": -0.21994242913987194,
    "height_mean": -0.14464219659653094,
    "height_max": 0.014968883820669382,
    "height_q50": -0.19541850290403148,
    "height_q70": -0.18992804984416747,
    "height_q80": 0.0017393507521513778,
    "height_q85": 0.003878167624343185,
    "height_q90": 0.007172510028141756,
    "height_q95": 0.010285692183060939,
    "height_q99": 0.013552451661812164,
    "layer_selection": {
      "height_mode": "adaptive",
      "status": "adaptive_ok",
      "adaptive_search_q": 0.6,
      "adaptive_upper_q": 0.995,
      "adaptive_bins": 64,
      "adaptive_min_points": 300,
      "adaptive_chosen_bin": 63,
      "adaptive_bin_count": 3975,
      "adaptive_layer_bin_left": 59,
      "adaptive_layer_bin_right": 63,
      "adaptive_layer_lo": -0.002216075566174147,
      "adaptive_layer_hi": 0.01399041878904821,
      "adaptive_layer_points": 24367,
      "adaptive_mad": 0.003643833381646662,
      "adaptive_robust_sigma": 0.005402347371629341,
      "id_height_center": 0.006337743936678559,
      "height_band_m": 0.016207042114888024,
      "selected_height_min": -0.00986042904347495,
      "selected_height_max": 0.014968883820669382,
      "selected_points": 26001,
      "selected_ratio": 0.26001
    },
    "plane_estimation": {
      "plane_refine_used": true,
      "coarse_plane_points": 100000,
      "coarse_plane_center": [
        -8.527696817530032,
        5.198599231679913,
        0.15957772804024892
      ],
      "coarse_plane_normal": [
        0.01086417251677647,
        0.0029941763509462346,
        0.9999365003146475
      ],
      "coarse_id_layer": {
        "height_mode": "adaptive",
        "status": "adaptive_ok",
        "adaptive_search_q": 0.6,
        "adaptive_upper_q": 0.995,
        "adaptive_bins": 64,
        "adaptive_min_points": 300,
        "adaptive_chosen_bin": 63,
        "adaptive_bin_count": 4075,
        "adaptive_layer_bin_left": 59,
        "adaptive_layer_bin_right": 63,
        "adaptive_layer_lo": 0.14269284526234588,
        "adaptive_layer_hi": 0.15891802253576412,
        "adaptive_layer_points": 24297,
        "adaptive_mad": 0.003737784807151062,
        "adaptive_robust_sigma": 0.0055416397550821644,
        "id_height_center": 0.15072203167567522,
        "height_band_m": 0.016624919265246493,
        "selected_height_min": 0.13418702270698826,
        "selected_height_max": 0.15992822738490825,
        "selected_points": 26036,
        "selected_ratio": 0.26036
      },
      "plate_support": {
        "plate_status": "ok",
        "plate_lower": -0.05577436886428472,
        "plate_upper": 0.1457220316756752,
        "plate_lo": 0.14257365041723835,
        "plate_hi": 0.1457220316756752,
        "plate_bins": 64,
        "plate_chosen_bin": 63,
        "plate_bin_count": 3707,
        "plate_left_bin": 63,
        "plate_right_bin": 63,
        "plate_points": 3707,
        "plate_min_points": 500,
        "plane_refine_angle_deg": 0.05817950291314984
      }
    }
  }
}