{
  "source_file": "C:\\Users\\gkwld\\Desktop\\3D-Marker-Pose-Estimation\\CAD_to_PointCloud_conversion\\pointnet2\\result\\eval1_real_newmask_height_auto_boxexpand100\\train\\marker_points\\aug_000118_marker.xyz",
  "image_size": 512,
  "point_radius": 2,
  "view_margin": 1.2,
  "plane_fit_q": 0.8,
  "height_mode": "adaptive",
  "top_candidate_q": 0.85,
  "height_band_m": 0.03,
  "basis_mode": "global",
  "plane_refine_enabled": true,
  "flip_x": true,
  "align_2d": false,
  "align_method": "none",
  "color_mode": "raw_z",
  "color_ref": "marker_all_raw_z",
  "invert_jet": false,
  "color_min": 0.10333678,
  "color_max": 0.312979,
  "color_q_min": 0.02,
  "color_q_max": 0.98,
  "plane_center": [
    0.08578880091100181,
    1.8272076033636928,
    0.31257588955846866
  ],
  "plane_normal": [
    0.003142738598618256,
    0.004368517535330563,
    0.99998551951848
  ],
  "marker_origin": [
    0.08578880091100181,
    1.8272076033636928,
    0.31257588955846866
  ],
  "image_u_axis_3d": [
    -0.9999950615838564,
    1.3729176477383346e-05,
    0.003142708610246707
  ],
  "image_v_axis_3d": [
    -1.694065894510295e-21,
    0.9999904578865008,
    -0.004368539108990253
  ],
  "u_min": -1.2579519269920003,
  "u_max": 1.0219284159124467,
  "v_min": -0.9856501376551529,
  "v_max": 1.2952879174712515,
  "pixel_size_u_m": 0.004461605367719074,
  "pixel_size_v_m": 0.004463675254650497,
  "back_projection_note": {
    "pixel_to_uv": "u = u_min + px * pixel_size_u_m, v = v_max - py * pixel_size_v_m",
    "flip_x_note": "if flip_x is true, saved uv and image_u_axis_3d are already mirrored, so use the same pixel_to_uv formula",
    "point_on_plane_3d": "marker_origin + u * image_u_axis_3d + v * image_v_axis_3d",
    "direction_3d": "du * image_u_axis_3d + dv * image_v_axis_3d"
  },
  "debug": {
    "total_points": 100000,
    "basis_mode": "global",
    "height_mode": "adaptive",
    "top_candidate_q": 0.85,
    "height_band_m_input": 0.03,
    "height_band_m_used": 0.015,
    "id_height_center": 0.0008489669529521699,
    "top_id_points": 25555,
    "selected_height_min": -0.013601992450281822,
    "selected_height_max": 0.00518569395941394,
    "height_min": -0.2197768645566371,
    "height_mean": -0.1513366475067778,
    "height_max": 0.00518569395941394,
    "height_q50": -0.20220918702355423,
    "height_q70": -0.19969987622640265,
    "height_q80": -0.001076157663910477,
    "height_q85": 0.0002424611725703155,
    "height_q90": 0.0010451015696136782,
    "height_q95": 0.003760603075506591,
    "height_q99": 0.004569135013594133,
    "layer_selection": {
      "height_mode": "adaptive",
      "status": "adaptive_ok",
      "adaptive_search_q": 0.6,
      "adaptive_upper_q": 0.995,
      "adaptive_bins": 64,
      "adaptive_min_points": 300,
      "adaptive_chosen_bin": 63,
      "adaptive_bin_count": 7075,
      "adaptive_layer_bin_left": 62,
      "adaptive_layer_bin_right": 63,
      "adaptive_layer_lo": -0.0016789382657407814,
      "adaptive_layer_hi": 0.004762895467059315,
      "adaptive_layer_points": 21629,
      "adaptive_mad": 0.0012978995956138323,
      "adaptive_robust_sigma": 0.0019242659404570676,
      "id_height_center": 0.0008489669529521699,
      "height_band_m": 0.015,
      "selected_height_min": -0.013601992450281822,
      "selected_height_max": 0.00518569395941394,
      "selected_points": 25555,
      "selected_ratio": 0.25555
    },
    "plane_estimation": {
      "plane_refine_used": true,
      "coarse_plane_points": 100000,
      "coarse_plane_center": [
        0.2002365865299987,
        1.9824365604400274,
        0.16019923567022704
      ],
      "coarse_plane_normal": [
        0.004140791128335687,
        0.010224915396696886,
        0.9999391506246577
      ],
      "coarse_id_layer": {
        "height_mode": "adaptive",
        "status": "adaptive_ok",
        "adaptive_search_q": 0.6,
        "adaptive_upper_q": 0.995,
        "adaptive_bins": 64,
        "adaptive_min_points": 300,
        "adaptive_chosen_bin": 63,
        "adaptive_bin_count": 5157,
        "adaptive_layer_bin_left": 63,
        "adaptive_layer_bin_right": 63,
        "adaptive_layer_lo": 0.15679686580361596,
        "adaptive_layer_hi": 0.16004959073075176,
        "adaptive_layer_points": 5157,
        "adaptive_mad": 0.0007391126377020718,
        "adaptive_robust_sigma": 0.0010958083966570917,
        "id_height_center": 0.15827254477685662,
        "height_band_m": 0.015,
        "selected_height_min": 0.14329068872736572,
        "selected_height_max": 0.16109524874768208,
        "selected_points": 24505,
        "selected_ratio": 0.24505
      },
      "plate_support": {
        "plate_status": "ok",
        "plate_lower": -0.05498211462420619,
        "plate_upper": 0.15327254477685662,
        "plate_lo": 0.1467645866705734,
        "plate_hi": 0.15327254477685662,
        "plate_bins": 64,
        "plate_chosen_bin": 63,
        "plate_bin_count": 8322,
        "plate_left_bin": 62,
        "plate_right_bin": 63,
        "plate_points": 14270,
        "plate_min_points": 500,
        "plane_refine_angle_deg": 0.3403955842324978
      }
    }
  }
}