{
  "source_file": "C:\\Users\\gkwld\\Desktop\\3D-Marker-Pose-Estimation\\CAD_to_PointCloud_conversion\\pointnet2\\result\\eval1_real_newmask_height_auto_boxexpand100\\train\\marker_points\\aug_000063_marker.xyz",
  "image_size": 512,
  "point_radius": 2,
  "view_margin": 1.2,
  "plane_fit_q": 0.8,
  "height_mode": "adaptive",
  "top_candidate_q": 0.85,
  "height_band_m": 0.03,
  "basis_mode": "global",
  "plane_refine_enabled": true,
  "flip_x": true,
  "align_2d": false,
  "align_method": "none",
  "color_mode": "raw_z",
  "color_ref": "marker_all_raw_z",
  "invert_jet": false,
  "color_min": 0.10191172,
  "color_max": 0.310834,
  "color_q_min": 0.02,
  "color_q_max": 0.98,
  "plane_center": [
    -2.8961909965497354,
    -5.732603577630826,
    0.30970691891892277
  ],
  "plane_normal": [
    -0.0012671666665880293,
    -0.01097691710059054,
    0.9999389489251861
  ],
  "marker_origin": [
    -2.8961909965497354,
    -5.732603577630826,
    0.30970691891892277
  ],
  "image_u_axis_3d": [
    -0.9999991971429973,
    1.3909594619156077e-05,
    -0.0012670903219908697
  ],
  "image_v_axis_3d": [
    0.0,
    0.9999397517328181,
    0.010976925913481404
  ],
  "u_min": -1.0700991910578495,
  "u_max": 1.2099889354393132,
  "v_min": -1.6457808137583296,
  "v_max": 0.6331246429687696,
  "pixel_size_u_m": 0.004462011989231238,
  "pixel_size_v_m": 0.004459697566980625,
  "back_projection_note": {
    "pixel_to_uv": "u = u_min + px * pixel_size_u_m, v = v_max - py * pixel_size_v_m",
    "flip_x_note": "if flip_x is true, saved uv and image_u_axis_3d are already mirrored, so use the same pixel_to_uv formula",
    "point_on_plane_3d": "marker_origin + u * image_u_axis_3d + v * image_v_axis_3d",
    "direction_3d": "du * image_u_axis_3d + dv * image_v_axis_3d"
  },
  "debug": {
    "total_points": 100000,
    "basis_mode": "global",
    "height_mode": "adaptive",
    "top_candidate_q": 0.85,
    "height_band_m_input": 0.03,
    "height_band_m_used": 0.01616080548880065,
    "id_height_center": 0.006281049889709688,
    "top_id_points": 25807,
    "selected_height_min": -0.009877205053022624,
    "selected_height_max": 0.01521750967659354,
    "height_min": -0.21997352096713185,
    "height_mean": -0.144922955257336,
    "height_max": 0.01521750967659354,
    "height_q50": -0.19538912993547725,
    "height_q70": -0.18983346721435085,
    "height_q80": 0.0018063258751585649,
    "height_q85": 0.0039144379626158176,
    "height_q90": 0.00709113611618563,
    "height_q95": 0.010524259744169387,
    "height_q99": 0.013758212461676305,
    "layer_selection": {
      "height_mode": "adaptive",
      "status": "adaptive_ok",
      "adaptive_search_q": 0.6,
      "adaptive_upper_q": 0.995,
      "adaptive_bins": 64,
      "adaptive_min_points": 300,
      "adaptive_chosen_bin": 63,
      "adaptive_bin_count": 3945,
      "adaptive_layer_bin_left": 59,
      "adaptive_layer_bin_right": 63,
      "adaptive_layer_lo": -0.0020276207281836323,
      "adaptive_layer_hi": 0.014192682636307253,
      "adaptive_layer_points": 24179,
      "adaptive_mad": 0.0036334379892982265,
      "adaptive_robust_sigma": 0.00538693516293355,
      "id_height_center": 0.006281049889709688,
      "height_band_m": 0.01616080548880065,
      "selected_height_min": -0.009877205053022624,
      "selected_height_max": 0.01521750967659354,
      "selected_points": 25807,
      "selected_ratio": 0.25807
    },
    "plane_estimation": {
      "plane_refine_used": true,
      "coarse_plane_points": 100000,
      "coarse_plane_center": [
        -2.958595208010047,
        -6.23552762612002,
        0.15917514141025194
      ],
      "coarse_plane_normal": [
        -0.0019943439881613535,
        -0.01120545250028101,
        0.9999352281144619
      ],
      "coarse_id_layer": {
        "height_mode": "adaptive",
        "status": "adaptive_ok",
        "adaptive_search_q": 0.6,
        "adaptive_upper_q": 0.995,
        "adaptive_bins": 64,
        "adaptive_min_points": 300,
        "adaptive_chosen_bin": 63,
        "adaptive_bin_count": 3986,
        "adaptive_layer_bin_left": 59,
        "adaptive_layer_bin_right": 63,
        "adaptive_layer_lo": 0.14312222448350073,
        "adaptive_layer_hi": 0.15935626051979485,
        "adaptive_layer_points": 24108,
        "adaptive_mad": 0.0037175830301042767,
        "adaptive_robust_sigma": 0.0055116886004326,
        "id_height_center": 0.15101160716540124,
        "height_band_m": 0.0165350658012978,
        "selected_height_min": 0.13450567523446377,
        "selected_height_max": 0.16040789343076065,
        "selected_points": 25831,
        "selected_ratio": 0.25831
      },
      "plate_support": {
        "plate_status": "ok",
        "plate_lower": -0.055393135946593765,
        "plate_upper": 0.14601160716540124,
        "plate_lo": 0.1428646580542763,
        "plate_hi": 0.14601160716540124,
        "plate_bins": 64,
        "plate_chosen_bin": 63,
        "plate_bin_count": 3478,
        "plate_left_bin": 63,
        "plate_right_bin": 63,
        "plate_points": 3478,
        "plate_min_points": 500,
        "plane_refine_angle_deg": 0.04367401219562749
      }
    }
  }
}