{
  "source_file": "C:\\Users\\gkwld\\Desktop\\3D-Marker-Pose-Estimation\\CAD_to_PointCloud_conversion\\pointnet2\\result\\eval1_real_newmask_height_auto_boxexpand100\\train\\marker_points\\aug_000043_marker.xyz",
  "image_size": 512,
  "point_radius": 2,
  "view_margin": 1.2,
  "plane_fit_q": 0.8,
  "height_mode": "adaptive",
  "top_candidate_q": 0.85,
  "height_band_m": 0.03,
  "basis_mode": "global",
  "plane_refine_enabled": true,
  "flip_x": true,
  "align_2d": false,
  "align_method": "none",
  "color_mode": "raw_z",
  "color_ref": "marker_all_raw_z",
  "invert_jet": false,
  "color_min": 0.10145684,
  "color_max": 0.310834,
  "color_q_min": 0.02,
  "color_q_max": 0.98,
  "plane_center": [
    -1.1915510923176247,
    4.4140234063912125,
    0.3094694080051643
  ],
  "plane_normal": [
    -0.009958259257014442,
    0.0034539492648531602,
    0.9999444501096278
  ],
  "marker_origin": [
    -1.1915510923176247,
    4.4140234063912125,
    0.3094694080051643
  ],
  "image_u_axis_3d": [
    -0.9999504153059643,
    -3.439702780601292e-05,
    -0.009958199851077265
  ],
  "image_v_axis_3d": [
    0.0,
    0.9999940345068666,
    -0.0034541205363596648
  ],
  "u_min": -0.5825907793565176,
  "u_max": 1.4980283934788705,
  "v_min": -0.8322490671111683,
  "v_max": 1.2499209587776448,
  "pixel_size_u_m": 0.004071661786370623,
  "pixel_size_v_m": 0.004074696723852863,
  "back_projection_note": {
    "pixel_to_uv": "u = u_min + px * pixel_size_u_m, v = v_max - py * pixel_size_v_m",
    "flip_x_note": "if flip_x is true, saved uv and image_u_axis_3d are already mirrored, so use the same pixel_to_uv formula",
    "point_on_plane_3d": "marker_origin + u * image_u_axis_3d + v * image_v_axis_3d",
    "direction_3d": "du * image_u_axis_3d + dv * image_v_axis_3d"
  },
  "debug": {
    "total_points": 100000,
    "basis_mode": "global",
    "height_mode": "adaptive",
    "top_candidate_q": 0.85,
    "height_band_m_input": 0.03,
    "height_band_m_used": 0.015795094404710282,
    "id_height_center": 0.006375789482526796,
    "top_id_points": 25719,
    "selected_height_min": -0.00940118521988597,
    "selected_height_max": 0.01467916243105486,
    "height_min": -0.21958772050597594,
    "height_mean": -0.14517506056693147,
    "height_max": 0.01467916243105486,
    "height_q50": -0.195562349913913,
    "height_q70": -0.19029655276407367,
    "height_q80": 0.001795292527555601,
    "height_q85": 0.0038217066628868767,
    "height_q90": 0.0072001017457678645,
    "height_q95": 0.010127957093776122,
    "height_q99": 0.013274434407057913,
    "layer_selection": {
      "height_mode": "adaptive",
      "status": "adaptive_ok",
      "adaptive_search_q": 0.6,
      "adaptive_upper_q": 0.995,
      "adaptive_bins": 64,
      "adaptive_min_points": 300,
      "adaptive_chosen_bin": 63,
      "adaptive_bin_count": 4024,
      "adaptive_layer_bin_left": 59,
      "adaptive_layer_bin_right": 63,
      "adaptive_layer_lo": -0.002465756253834356,
      "adaptive_layer_hi": 0.01373857263357414,
      "adaptive_layer_points": 24146,
      "adaptive_mad": 0.0035512150736791855,
      "adaptive_robust_sigma": 0.00526503146823676,
      "id_height_center": 0.006375789482526796,
      "height_band_m": 0.015795094404710282,
      "selected_height_min": -0.00940118521988597,
      "selected_height_max": 0.01467916243105486,
      "selected_points": 25719,
      "selected_ratio": 0.25719
    },
    "plane_estimation": {
      "plane_refine_used": true,
      "coarse_plane_points": 100000,
      "coarse_plane_center": [
        -1.6477152891799913,
        4.617372610000049,
        0.1590410319902496
      ],
      "coarse_plane_normal": [
        -0.009391493916635385,
        0.003931296828139706,
        0.9999481710295103
      ],
      "coarse_id_layer": {
        "height_mode": "adaptive",
        "status": "adaptive_ok",
        "adaptive_search_q": 0.6,
        "adaptive_upper_q": 0.995,
        "adaptive_bins": 64,
        "adaptive_min_points": 300,
        "adaptive_chosen_bin": 63,
        "adaptive_bin_count": 4370,
        "adaptive_layer_bin_left": 59,
        "adaptive_layer_bin_right": 63,
        "adaptive_layer_lo": 0.1425018448904633,
        "adaptive_layer_hi": 0.15870457131612517,
        "adaptive_layer_points": 24183,
        "adaptive_mad": 0.0034413022866680576,
        "adaptive_robust_sigma": 0.005102074770214062,
        "id_height_center": 0.15138496967918894,
        "height_band_m": 0.015306224310642186,
        "selected_height_min": 0.13608921997114884,
        "selected_height_max": 0.15962348748418137,
        "selected_points": 25697,
        "selected_ratio": 0.25697
      },
      "plate_support": {
        "plate_status": "ok",
        "plate_lower": -0.0550204094025071,
        "plate_upper": 0.14638496967918893,
        "plate_lo": 0.14323801063103744,
        "plate_hi": 0.14638496967918893,
        "plate_bins": 64,
        "plate_chosen_bin": 63,
        "plate_bin_count": 3098,
        "plate_left_bin": 63,
        "plate_right_bin": 63,
        "plate_points": 3098,
        "plate_min_points": 500,
        "plane_refine_angle_deg": 0.042456965846082356
      }
    }
  }
}