{
  "source_file": "C:\\Users\\gkwld\\Desktop\\3D-Marker-Pose-Estimation\\CAD_to_PointCloud_conversion\\pointnet2\\result\\eval1_real_newmask_height_auto_boxexpand100\\train\\marker_points\\aug_000029_marker.xyz",
  "image_size": 512,
  "point_radius": 2,
  "view_margin": 1.2,
  "plane_fit_q": 0.8,
  "height_mode": "adaptive",
  "top_candidate_q": 0.85,
  "height_band_m": 0.03,
  "basis_mode": "global",
  "plane_refine_enabled": true,
  "flip_x": true,
  "align_2d": false,
  "align_method": "none",
  "color_mode": "raw_z",
  "color_ref": "marker_all_raw_z",
  "invert_jet": false,
  "color_min": 0.10158898,
  "color_max": 0.310834,
  "color_q_min": 0.02,
  "color_q_max": 0.98,
  "plane_center": [
    4.615593107945021,
    1.1179644891049259,
    0.30950445189406645
  ],
  "plane_normal": [
    -0.003697139689680075,
    -0.010086402110847699,
    0.9999422961594201
  ],
  "marker_origin": [
    4.615593107945021,
    1.1179644891049259,
    0.30950445189406645
  ],
  "image_u_axis_3d": [
    -0.9999931655547027,
    3.729109243394465e-05,
    -0.0036969516171270205
  ],
  "image_v_axis_3d": [
    0.0,
    0.999949130256051,
    0.010086471046272222
  ],
  "u_min": -0.8504714155233011,
  "u_max": 1.258809987008535,
  "v_min": -1.525602707289416,
  "v_max": 0.5809243947554862,
  "pixel_size_u_m": 0.004127752255443906,
  "pixel_size_v_m": 0.00412236223492153,
  "back_projection_note": {
    "pixel_to_uv": "u = u_min + px * pixel_size_u_m, v = v_max - py * pixel_size_v_m",
    "flip_x_note": "if flip_x is true, saved uv and image_u_axis_3d are already mirrored, so use the same pixel_to_uv formula",
    "point_on_plane_3d": "marker_origin + u * image_u_axis_3d + v * image_v_axis_3d",
    "direction_3d": "du * image_u_axis_3d + dv * image_v_axis_3d"
  },
  "debug": {
    "total_points": 100000,
    "basis_mode": "global",
    "height_mode": "adaptive",
    "top_candidate_q": 0.85,
    "height_band_m_input": 0.03,
    "height_band_m_used": 0.016051780045648167,
    "id_height_center": 0.006466579125451648,
    "top_id_points": 25813,
    "selected_height_min": -0.009480626616965984,
    "selected_height_max": 0.015069325387998803,
    "height_min": -0.2192888318651745,
    "height_mean": -0.1448321340166449,
    "height_max": 0.015069325387998803,
    "height_q50": -0.19533494161784884,
    "height_q70": -0.18996403746243629,
    "height_q80": 0.001975631039783174,
    "height_q85": 0.004105583376461494,
    "height_q90": 0.0072837319631464895,
    "height_q95": 0.010541686586567607,
    "height_q99": 0.013634429025380165,
    "layer_selection": {
      "height_mode": "adaptive",
      "status": "adaptive_ok",
      "adaptive_search_q": 0.6,
      "adaptive_upper_q": 0.995,
      "adaptive_bins": 64,
      "adaptive_min_points": 300,
      "adaptive_chosen_bin": 63,
      "adaptive_bin_count": 4091,
      "adaptive_layer_bin_left": 59,
      "adaptive_layer_bin_right": 63,
      "adaptive_layer_lo": -0.0021251907098163436,
      "adaptive_layer_hi": 0.014085261751858244,
      "adaptive_layer_points": 24265,
      "adaptive_mad": 0.0036089257713134964,
      "adaptive_robust_sigma": 0.00535059334854939,
      "id_height_center": 0.006466579125451648,
      "height_band_m": 0.016051780045648167,
      "selected_height_min": -0.009480626616965984,
      "selected_height_max": 0.015069325387998803,
      "selected_points": 25813,
      "selected_ratio": 0.25813
    },
    "plane_estimation": {
      "plane_refine_used": true,
      "coarse_plane_points": 100000,
      "coarse_plane_center": [
        4.417186026319966,
        0.6466885746500002,
        0.15917662631025037
      ],
      "coarse_plane_normal": [
        -0.004381999404141656,
        -0.009475145395524345,
        0.9999455083648087
      ],
      "coarse_id_layer": {
        "height_mode": "adaptive",
        "status": "adaptive_ok",
        "adaptive_search_q": 0.6,
        "adaptive_upper_q": 0.995,
        "adaptive_bins": 64,
        "adaptive_min_points": 300,
        "adaptive_chosen_bin": 63,
        "adaptive_bin_count": 4492,
        "adaptive_layer_bin_left": 59,
        "adaptive_layer_bin_right": 63,
        "adaptive_layer_lo": 0.14251504293700357,
        "adaptive_layer_hi": 0.15872356481089472,
        "adaptive_layer_points": 24299,
        "adaptive_mad": 0.003534501071708024,
        "adaptive_robust_sigma": 0.005240251288914316,
        "id_height_center": 0.15105902784882938,
        "height_band_m": 0.015720753866742945,
        "selected_height_min": 0.135360360159884,
        "selected_height_max": 0.1596917812445519,
        "selected_points": 25810,
        "selected_ratio": 0.2581
      },
      "plate_support": {
        "plate_status": "ok",
        "plate_lower": -0.055212471655842046,
        "plate_upper": 0.14605902784882938,
        "plate_lo": 0.14291416066906892,
        "plate_hi": 0.14605902784882938,
        "plate_bins": 64,
        "plate_chosen_bin": 63,
        "plate_bin_count": 2983,
        "plate_left_bin": 63,
        "plate_right_bin": 63,
        "plate_points": 2983,
        "plate_min_points": 500,
        "plane_refine_angle_deg": 0.05259621419813587
      }
    }
  }
}