{
  "source_file": "C:\\Users\\gkwld\\Desktop\\3D-Marker-Pose-Estimation\\CAD_to_PointCloud_conversion\\pointnet2\\result\\eval1_real_newmask_height_auto_boxexpand100\\train\\marker_points\\aug_000179_marker.xyz",
  "image_size": 512,
  "point_radius": 2,
  "view_margin": 1.2,
  "plane_fit_q": 0.8,
  "height_mode": "adaptive",
  "top_candidate_q": 0.85,
  "height_band_m": 0.03,
  "basis_mode": "global",
  "plane_refine_enabled": true,
  "flip_x": true,
  "align_2d": false,
  "align_method": "none",
  "color_mode": "raw_z",
  "color_ref": "marker_all_raw_z",
  "invert_jet": false,
  "color_min": 0.10315992,
  "color_max": 0.312979,
  "color_q_min": 0.02,
  "color_q_max": 0.98,
  "plane_center": [
    -7.633531503671767,
    -3.985304834274805,
    0.31259511643830784
  ],
  "plane_normal": [
    -0.004862941541839389,
    -0.0021946844295101155,
    0.9999857674776255
  ],
  "marker_origin": [
    -7.633531503671767,
    -3.985304834274805,
    0.31259511643830784
  ],
  "image_u_axis_3d": [
    -0.9999881758288748,
    1.0672748279873514e-05,
    -0.004862929830019843
  ],
  "image_v_axis_3d": [
    1.694065894510295e-21,
    0.9999975916192736,
    0.0021947103801390256
  ],
  "u_min": -0.7259196881245216,
  "u_max": 1.0755824703552204,
  "v_min": -0.9728756927004958,
  "v_max": 0.8294721028648799,
  "pixel_size_u_m": 0.0035254445371423523,
  "pixel_size_v_m": 0.003527099404237526,
  "back_projection_note": {
    "pixel_to_uv": "u = u_min + px * pixel_size_u_m, v = v_max - py * pixel_size_v_m",
    "flip_x_note": "if flip_x is true, saved uv and image_u_axis_3d are already mirrored, so use the same pixel_to_uv formula",
    "point_on_plane_3d": "marker_origin + u * image_u_axis_3d + v * image_v_axis_3d",
    "direction_3d": "du * image_u_axis_3d + dv * image_v_axis_3d"
  },
  "debug": {
    "total_points": 100000,
    "basis_mode": "global",
    "height_mode": "adaptive",
    "top_candidate_q": 0.85,
    "height_band_m_input": 0.03,
    "height_band_m_used": 0.015,
    "id_height_center": 0.000752079056053775,
    "top_id_points": 25667,
    "selected_height_min": -0.01355898654506867,
    "selected_height_max": 0.005059970994122959,
    "height_min": -0.21975077053056122,
    "height_mean": -0.15119024966798875,
    "height_max": 0.005059970994122959,
    "height_q50": -0.20229470635786884,
    "height_q70": -0.19980014761996379,
    "height_q80": -0.0011048117952789172,
    "height_q85": 0.00015607622095782962,
    "height_q90": 0.0009922020266273624,
    "height_q95": 0.003678699673392086,
    "height_q99": 0.004463694126630818,
    "layer_selection": {
      "height_mode": "adaptive",
      "status": "adaptive_ok",
      "adaptive_search_q": 0.6,
      "adaptive_upper_q": 0.995,
      "adaptive_bins": 64,
      "adaptive_min_points": 300,
      "adaptive_chosen_bin": 63,
      "adaptive_bin_count": 7133,
      "adaptive_layer_bin_left": 62,
      "adaptive_layer_bin_right": 63,
      "adaptive_layer_lo": -0.0017878446571459594,
      "adaptive_layer_hi": 0.004652243722244122,
      "adaptive_layer_points": 21867,
      "adaptive_mad": 0.001310611948318226,
      "adaptive_robust_sigma": 0.0019431132745766017,
      "id_height_center": 0.000752079056053775,
      "height_band_m": 0.015,
      "selected_height_min": -0.01355898654506867,
      "selected_height_max": 0.005059970994122959,
      "selected_points": 25667,
      "selected_ratio": 0.25667
    },
    "plane_estimation": {
      "plane_refine_used": true,
      "coarse_plane_points": 100000,
      "coarse_plane_center": [
        -7.804620928399953,
        -4.055951128470024,
        0.16041565668022817
      ],
      "coarse_plane_normal": [
        -0.009519552891194136,
        -0.006230962984912753,
        0.9999352745108216
      ],
      "coarse_id_layer": {
        "height_mode": "adaptive",
        "status": "adaptive_ok",
        "adaptive_search_q": 0.6,
        "adaptive_upper_q": 0.995,
        "adaptive_bins": 64,
        "adaptive_min_points": 300,
        "adaptive_chosen_bin": 63,
        "adaptive_bin_count": 5529,
        "adaptive_layer_bin_left": 63,
        "adaptive_layer_bin_right": 63,
        "adaptive_layer_lo": 0.15665080301638643,
        "adaptive_layer_hi": 0.15990133484878433,
        "adaptive_layer_points": 5529,
        "adaptive_mad": 0.0007187890328571311,
        "adaptive_robust_sigma": 0.0010656766201139825,
        "id_height_center": 0.15823558397648999,
        "height_band_m": 0.015,
        "selected_height_min": 0.14323604113429833,
        "selected_height_max": 0.16093787467308251,
        "selected_points": 24493,
        "selected_ratio": 0.24493
      },
      "plate_support": {
        "plate_status": "ok",
        "plate_lower": -0.055539805413379155,
        "plate_upper": 0.15323558397648998,
        "plate_lo": 0.14671135305805658,
        "plate_hi": 0.15323558397648998,
        "plate_bins": 64,
        "plate_chosen_bin": 63,
        "plate_bin_count": 8272,
        "plate_left_bin": 62,
        "plate_right_bin": 63,
        "plate_points": 14162,
        "plate_min_points": 500,
        "plane_refine_angle_deg": 0.35309380097626014
      }
    }
  }
}