{
  "source_file": "C:\\Users\\gkwld\\Desktop\\3D-Marker-Pose-Estimation\\CAD_to_PointCloud_conversion\\pointnet2\\result\\eval1_real_newmask_height_auto_boxexpand100\\train\\marker_points\\aug_000054_marker.xyz",
  "image_size": 512,
  "point_radius": 2,
  "view_margin": 1.2,
  "plane_fit_q": 0.8,
  "height_mode": "adaptive",
  "top_candidate_q": 0.85,
  "height_band_m": 0.03,
  "basis_mode": "global",
  "plane_refine_enabled": true,
  "flip_x": true,
  "align_2d": false,
  "align_method": "none",
  "color_mode": "raw_z",
  "color_ref": "marker_all_raw_z",
  "invert_jet": false,
  "color_min": 0.102011,
  "color_max": 0.310834,
  "color_q_min": 0.02,
  "color_q_max": 0.98,
  "plane_center": [
    7.541472497788371,
    1.2235699353521627,
    0.30946469955767286
  ],
  "plane_normal": [
    -0.005457350372404824,
    0.009409485849152669,
    0.9999408377003949
  ],
  "marker_origin": [
    7.541472497788371,
    1.2235699353521627,
    0.30946469955767286
  ],
  "image_u_axis_3d": [
    -0.999985108551579,
    -5.135162580299553e-05,
    -0.005457108767249864
  ],
  "image_v_axis_3d": [
    -6.776263578041178e-21,
    0.9999557284885493,
    -0.009409625972103087
  ],
  "u_min": -0.779508486030579,
  "u_max": 1.265471454578779,
  "v_min": -0.5747845634645068,
  "v_max": 1.4697356493850338,
  "pixel_size_u_m": 0.00400191769199483,
  "pixel_size_v_m": 0.004001018029059766,
  "back_projection_note": {
    "pixel_to_uv": "u = u_min + px * pixel_size_u_m, v = v_max - py * pixel_size_v_m",
    "flip_x_note": "if flip_x is true, saved uv and image_u_axis_3d are already mirrored, so use the same pixel_to_uv formula",
    "point_on_plane_3d": "marker_origin + u * image_u_axis_3d + v * image_v_axis_3d",
    "direction_3d": "du * image_u_axis_3d + dv * image_v_axis_3d"
  },
  "debug": {
    "total_points": 100000,
    "basis_mode": "global",
    "height_mode": "adaptive",
    "top_candidate_q": 0.85,
    "height_band_m_input": 0.03,
    "height_band_m_used": 0.01609170172897325,
    "id_height_center": 0.006414512001132976,
    "top_id_points": 25741,
    "selected_height_min": -0.009653982915073793,
    "selected_height_max": 0.015245778311734858,
    "height_min": -0.2196796263339946,
    "height_mean": -0.1449080686353048,
    "height_max": 0.015245778311734858,
    "height_q50": -0.19526818888859587,
    "height_q70": -0.1898160223628683,
    "height_q80": 0.001969256347564584,
    "height_q85": 0.004143903385099438,
    "height_q90": 0.007218306214995268,
    "height_q95": 0.010690795644556803,
    "height_q99": 0.01378855135784435,
    "layer_selection": {
      "height_mode": "adaptive",
      "status": "adaptive_ok",
      "adaptive_search_q": 0.6,
      "adaptive_upper_q": 0.995,
      "adaptive_bins": 64,
      "adaptive_min_points": 300,
      "adaptive_chosen_bin": 63,
      "adaptive_bin_count": 4050,
      "adaptive_layer_bin_left": 59,
      "adaptive_layer_bin_right": 63,
      "adaptive_layer_lo": -0.0019492855295004663,
      "adaptive_layer_hi": 0.014269945899309376,
      "adaptive_layer_points": 24116,
      "adaptive_mad": 0.0036179013734820025,
      "adaptive_robust_sigma": 0.005363900576324417,
      "id_height_center": 0.006414512001132976,
      "height_band_m": 0.01609170172897325,
      "selected_height_min": -0.009653982915073793,
      "selected_height_max": 0.015245778311734858,
      "selected_points": 25741,
      "selected_ratio": 0.25741
    },
    "plane_estimation": {
      "plane_refine_used": true,
      "coarse_plane_points": 100000,
      "coarse_plane_center": [
        7.297327723460016,
        1.6665113443200152,
        0.15904749740025206
      ],
      "coarse_plane_normal": [
        -0.004718471685472931,
        0.009523986915308034,
        0.999943513252719
      ],
      "coarse_id_layer": {
        "height_mode": "adaptive",
        "status": "adaptive_ok",
        "adaptive_search_q": 0.6,
        "adaptive_upper_q": 0.995,
        "adaptive_bins": 64,
        "adaptive_min_points": 300,
        "adaptive_chosen_bin": 63,
        "adaptive_bin_count": 4358,
        "adaptive_layer_bin_left": 59,
        "adaptive_layer_bin_right": 63,
        "adaptive_layer_lo": 0.14279259130798636,
        "adaptive_layer_hi": 0.15901178054055018,
        "adaptive_layer_points": 24148,
        "adaptive_mad": 0.0035507488968422873,
        "adaptive_robust_sigma": 0.005264340314458375,
        "id_height_center": 0.1511349912545259,
        "height_band_m": 0.015793020943375126,
        "selected_height_min": 0.13535217526505788,
        "selected_height_max": 0.1599686163952346,
        "selected_points": 25735,
        "selected_ratio": 0.25735
      },
      "plate_support": {
        "plate_status": "ok",
        "plate_lower": -0.055132510518687984,
        "plate_upper": 0.1461349912545259,
        "plate_lo": 0.1429901865393194,
        "plate_hi": 0.1461349912545259,
        "plate_bins": 64,
        "plate_chosen_bin": 63,
        "plate_bin_count": 2939,
        "plate_left_bin": 63,
        "plate_right_bin": 63,
        "plate_points": 2939,
        "plate_min_points": 500,
        "plane_refine_angle_deg": 0.04284036478691128
      }
    }
  }
}