{
  "source_file": "C:\\Users\\gkwld\\Desktop\\3D-Marker-Pose-Estimation\\CAD_to_PointCloud_conversion\\pointnet2\\result\\eval1_real_newmask_height_auto_boxexpand100\\train\\marker_points\\aug_000116_marker.xyz",
  "image_size": 512,
  "point_radius": 2,
  "view_margin": 1.2,
  "plane_fit_q": 0.8,
  "height_mode": "adaptive",
  "top_candidate_q": 0.85,
  "height_band_m": 0.03,
  "basis_mode": "global",
  "plane_refine_enabled": true,
  "flip_x": true,
  "align_2d": false,
  "align_method": "none",
  "color_mode": "raw_z",
  "color_ref": "marker_all_raw_z",
  "invert_jet": false,
  "color_min": 0.103338,
  "color_max": 0.312979,
  "color_q_min": 0.02,
  "color_q_max": 0.98,
  "plane_center": [
    -2.8662386018118067,
    -7.275505367293129,
    0.31258370389396156
  ],
  "plane_normal": [
    -0.0039024194454915914,
    0.0032978604731721786,
    0.999986947533202
  ],
  "marker_origin": [
    -2.8662386018118067,
    -7.275505367293129,
    0.31258370389396156
  ],
  "image_u_axis_3d": [
    -0.9999923855312458,
    -1.2869732835178022e-05,
    -0.0039023982239728867
  ],
  "image_v_axis_3d": [
    0.0,
    0.9999945619595486,
    -0.0032978855848156217
  ],
  "u_min": -0.9631081670201233,
  "u_max": 1.2966988199996727,
  "v_min": -1.0002298828684892,
  "v_max": 1.258487939153343,
  "pixel_size_u_m": 0.004422322870880227,
  "pixel_size_v_m": 0.004420191432528048,
  "back_projection_note": {
    "pixel_to_uv": "u = u_min + px * pixel_size_u_m, v = v_max - py * pixel_size_v_m",
    "flip_x_note": "if flip_x is true, saved uv and image_u_axis_3d are already mirrored, so use the same pixel_to_uv formula",
    "point_on_plane_3d": "marker_origin + u * image_u_axis_3d + v * image_v_axis_3d",
    "direction_3d": "du * image_u_axis_3d + dv * image_v_axis_3d"
  },
  "debug": {
    "total_points": 100000,
    "basis_mode": "global",
    "height_mode": "adaptive",
    "top_candidate_q": 0.85,
    "height_band_m_input": 0.03,
    "height_band_m_used": 0.015,
    "id_height_center": 0.0008099420497464872,
    "top_id_points": 25633,
    "selected_height_min": -0.013348001987029099,
    "selected_height_max": 0.004945757038612255,
    "height_min": -0.21945665878893286,
    "height_mean": -0.15116519509247733,
    "height_max": 0.004945757038612255,
    "height_q50": -0.20225039873909517,
    "height_q70": -0.19990590449763782,
    "height_q80": -0.000909049954313165,
    "height_q85": 0.0002892608928524736,
    "height_q90": 0.001088194789350626,
    "height_q95": 0.0036645675117096743,
    "height_q99": 0.004401015404801484,
    "layer_selection": {
      "height_mode": "adaptive",
      "status": "adaptive_ok",
      "adaptive_search_q": 0.6,
      "adaptive_upper_q": 0.995,
      "adaptive_bins": 64,
      "adaptive_min_points": 300,
      "adaptive_chosen_bin": 63,
      "adaptive_bin_count": 7777,
      "adaptive_layer_bin_left": 62,
      "adaptive_layer_bin_right": 63,
      "adaptive_layer_lo": -0.0018588490135989788,
      "adaptive_layer_hi": 0.004578964919663799,
      "adaptive_layer_points": 22499,
      "adaptive_mad": 0.001238082687172755,
      "adaptive_robust_sigma": 0.0018355813920023266,
      "id_height_center": 0.0008099420497464872,
      "height_band_m": 0.015,
      "selected_height_min": -0.013348001987029099,
      "selected_height_max": 0.004945757038612255,
      "selected_points": 25633,
      "selected_ratio": 0.25633
    },
    "plane_estimation": {
      "plane_refine_used": true,
      "coarse_plane_points": 100000,
      "coarse_plane_center": [
        -3.03278247259005,
        -7.151877513530027,
        0.16035889044022608
      ],
      "coarse_plane_normal": [
        -0.009381625251682665,
        0.005144278759046736,
        0.9999427591125837
      ],
      "coarse_id_layer": {
        "height_mode": "adaptive",
        "status": "adaptive_ok",
        "adaptive_search_q": 0.6,
        "adaptive_upper_q": 0.995,
        "adaptive_bins": 64,
        "adaptive_min_points": 300,
        "adaptive_chosen_bin": 63,
        "adaptive_bin_count": 5494,
        "adaptive_layer_bin_left": 63,
        "adaptive_layer_bin_right": 63,
        "adaptive_layer_lo": 0.15637757708704714,
        "adaptive_layer_hi": 0.1596272930437558,
        "adaptive_layer_points": 5494,
        "adaptive_mad": 0.0007087770250847059,
        "adaptive_robust_sigma": 0.001050832817390585,
        "id_height_center": 0.15794110304468065,
        "height_band_m": 0.015,
        "selected_height_min": 0.1429412133150529,
        "selected_height_max": 0.1605100927530637,
        "selected_points": 24587,
        "selected_ratio": 0.24587
      },
      "plate_support": {
        "plate_status": "ok",
        "plate_lower": -0.055221268388696024,
        "plate_upper": 0.15294110304468064,
        "plate_lo": 0.14643602893738766,
        "plate_hi": 0.15294110304468064,
        "plate_bins": 64,
        "plate_chosen_bin": 63,
        "plate_bin_count": 8805,
        "plate_left_bin": 62,
        "plate_right_bin": 63,
        "plate_points": 14792,
        "plate_min_points": 500,
        "plane_refine_angle_deg": 0.3312915424384254
      }
    }
  }
}