{
  "source_file": "C:\\Users\\gkwld\\Desktop\\3D-Marker-Pose-Estimation\\CAD_to_PointCloud_conversion\\pointnet2\\result\\eval1_real_newmask_height_auto_boxexpand100\\train\\marker_points\\aug_000112_marker.xyz",
  "image_size": 512,
  "point_radius": 2,
  "view_margin": 1.2,
  "plane_fit_q": 0.8,
  "height_mode": "adaptive",
  "top_candidate_q": 0.85,
  "height_band_m": 0.03,
  "basis_mode": "global",
  "plane_refine_enabled": true,
  "flip_x": true,
  "align_2d": false,
  "align_method": "none",
  "color_mode": "raw_z",
  "color_ref": "marker_all_raw_z",
  "invert_jet": false,
  "color_min": 0.10326381999999999,
  "color_max": 0.312979,
  "color_q_min": 0.02,
  "color_q_max": 0.98,
  "plane_center": [
    -1.460062395020191,
    -0.45656811877523545,
    0.31169734892329626
  ],
  "plane_normal": [
    0.00822491146446805,
    0.007946620600197036,
    0.9999345988865663
  ],
  "marker_origin": [
    -1.460062395020191,
    -0.45656811877523545,
    0.31169734892329626
  ],
  "image_u_axis_3d": [
    -0.9999661748426303,
    6.536246177376343e-05,
    0.00822465174622356
  ],
  "image_v_axis_3d": [
    0.0,
    0.9999684229748383,
    -0.007946889404973814
  ],
  "u_min": -1.2225021596811778,
  "u_max": 0.5353323734132913,
  "v_min": -0.48967145485850194,
  "v_max": 1.2689032232905513,
  "pixel_size_u_m": 0.003439989301554734,
  "pixel_size_v_m": 0.0034414377263190864,
  "back_projection_note": {
    "pixel_to_uv": "u = u_min + px * pixel_size_u_m, v = v_max - py * pixel_size_v_m",
    "flip_x_note": "if flip_x is true, saved uv and image_u_axis_3d are already mirrored, so use the same pixel_to_uv formula",
    "point_on_plane_3d": "marker_origin + u * image_u_axis_3d + v * image_v_axis_3d",
    "direction_3d": "du * image_u_axis_3d + dv * image_v_axis_3d"
  },
  "debug": {
    "total_points": 100000,
    "basis_mode": "global",
    "height_mode": "adaptive",
    "top_candidate_q": 0.85,
    "height_band_m_input": 0.03,
    "height_band_m_used": 0.0164048931739646,
    "id_height_center": 0.006304840840627952,
    "top_id_points": 25701,
    "selected_height_min": -0.009998025007701139,
    "selected_height_max": 0.01596331007811552,
    "height_min": -0.22031080043627352,
    "height_mean": -0.14517725665932646,
    "height_max": 0.01596331007811552,
    "height_q50": -0.19543704610348192,
    "height_q70": -0.18962132516486047,
    "height_q80": 0.002037141483950228,
    "height_q85": 0.004800895868465197,
    "height_q90": 0.007145036002467444,
    "height_q95": 0.011484329585971956,
    "height_q99": 0.014346193721048643,
    "layer_selection": {
      "height_mode": "adaptive",
      "status": "adaptive_ok",
      "adaptive_search_q": 0.6,
      "adaptive_upper_q": 0.995,
      "adaptive_bins": 64,
      "adaptive_min_points": 300,
      "adaptive_chosen_bin": 63,
      "adaptive_bin_count": 4400,
      "adaptive_layer_bin_left": 59,
      "adaptive_layer_bin_right": 63,
      "adaptive_layer_lo": -0.0014530779237522662,
      "adaptive_layer_hi": 0.01481673910372155,
      "adaptive_layer_points": 23954,
      "adaptive_mad": 0.0036883162853465984,
      "adaptive_robust_sigma": 0.005468297724654867,
      "id_height_center": 0.006304840840627952,
      "height_band_m": 0.0164048931739646,
      "selected_height_min": -0.009998025007701139,
      "selected_height_max": 0.01596331007811552,
      "selected_points": 25701,
      "selected_ratio": 0.25701
    },
    "plane_estimation": {
      "plane_refine_used": true,
      "coarse_plane_points": 100000,
      "coarse_plane_center": [
        -1.1210220483399982,
        -0.06549275470999977,
        0.16061390686022745
      ],
      "coarse_plane_normal": [
        0.008746059253370474,
        0.007600453504104157,
        0.9999328675226494
      ],
      "coarse_id_layer": {
        "height_mode": "adaptive",
        "status": "adaptive_ok",
        "adaptive_search_q": 0.6,
        "adaptive_upper_q": 0.995,
        "adaptive_bins": 64,
        "adaptive_min_points": 300,
        "adaptive_chosen_bin": 63,
        "adaptive_bin_count": 4558,
        "adaptive_layer_bin_left": 59,
        "adaptive_layer_bin_right": 63,
        "adaptive_layer_lo": 0.14379705252208833,
        "adaptive_layer_hi": 0.160070926064105,
        "adaptive_layer_points": 23893,
        "adaptive_mad": 0.0036498354280272427,
        "adaptive_robust_sigma": 0.00541124600559319,
        "id_height_center": 0.15132313037339645,
        "height_band_m": 0.01623373801677957,
        "selected_height_min": 0.13510526604577666,
        "selected_height_max": 0.16120195354691988,
        "selected_points": 25696,
        "selected_ratio": 0.25696
      },
      "plate_support": {
        "plate_status": "ok",
        "plate_lower": -0.0554066298680383,
        "plate_upper": 0.14632313037339645,
        "plate_lo": 0.14317110286962403,
        "plate_hi": 0.14632313037339645,
        "plate_bins": 64,
        "plate_chosen_bin": 63,
        "plate_bin_count": 2972,
        "plate_left_bin": 63,
        "plate_right_bin": 63,
        "plate_points": 2972,
        "plate_min_points": 500,
        "plane_refine_angle_deg": 0.03584691049817836
      }
    }
  }
}