{
  "source_file": "C:\\Users\\gkwld\\Desktop\\3D-Marker-Pose-Estimation\\CAD_to_PointCloud_conversion\\pointnet2\\result\\eval1_real_newmask_height_auto_boxexpand100\\train\\marker_points\\aug_000064_marker.xyz",
  "image_size": 512,
  "point_radius": 2,
  "view_margin": 1.2,
  "plane_fit_q": 0.8,
  "height_mode": "adaptive",
  "top_candidate_q": 0.85,
  "height_band_m": 0.03,
  "basis_mode": "global",
  "plane_refine_enabled": true,
  "flip_x": true,
  "align_2d": false,
  "align_method": "none",
  "color_mode": "raw_z",
  "color_ref": "marker_all_raw_z",
  "invert_jet": false,
  "color_min": 0.101845,
  "color_max": 0.310834,
  "color_q_min": 0.02,
  "color_q_max": 0.98,
  "plane_center": [
    -1.30954821102941,
    -1.5672105463235317,
    0.30995884240197924
  ],
  "plane_normal": [
    -0.0004460753256748792,
    0.011028563999386249,
    0.9999390840400805
  ],
  "marker_origin": [
    -1.30954821102941,
    -1.5672105463235317,
    0.30995884240197924
  ],
  "image_u_axis_3d": [
    -0.999999900507397,
    -4.919570767203533e-06,
    -0.00044604819694582347
  ],
  "image_v_axis_3d": [
    -8.470329472551474e-22,
    0.9999391835256328,
    -0.011028565096635872
  ],
  "u_min": -1.1472599092472686,
  "u_max": 1.1623330610178209,
  "v_min": -0.6501327218100761,
  "v_max": 1.6583150992386113,
  "pixel_size_u_m": 0.004519751409520723,
  "pixel_size_v_m": 0.00451751041301113,
  "back_projection_note": {
    "pixel_to_uv": "u = u_min + px * pixel_size_u_m, v = v_max - py * pixel_size_v_m",
    "flip_x_note": "if flip_x is true, saved uv and image_u_axis_3d are already mirrored, so use the same pixel_to_uv formula",
    "point_on_plane_3d": "marker_origin + u * image_u_axis_3d + v * image_v_axis_3d",
    "direction_3d": "du * image_u_axis_3d + dv * image_v_axis_3d"
  },
  "debug": {
    "total_points": 100000,
    "basis_mode": "global",
    "height_mode": "adaptive",
    "top_candidate_q": 0.85,
    "height_band_m_input": 0.03,
    "height_band_m_used": 0.01625488172620008,
    "id_height_center": 0.005988818852597179,
    "top_id_points": 25694,
    "selected_height_min": -0.010256086220653443,
    "selected_height_max": 0.014883852697202443,
    "height_min": -0.22028814855780599,
    "height_mean": -0.1455142679596252,
    "height_max": 0.014883852697202443,
    "height_q50": -0.19566717280855833,
    "height_q70": -0.19021641599696593,
    "height_q80": 0.0013975600940712902,
    "height_q85": 0.003511641235328243,
    "height_q90": 0.006830131154367294,
    "height_q95": 0.010116372844120014,
    "height_q99": 0.013348849553218467,
    "layer_selection": {
      "height_mode": "adaptive",
      "status": "adaptive_ok",
      "adaptive_search_q": 0.6,
      "adaptive_upper_q": 0.995,
      "adaptive_bins": 64,
      "adaptive_min_points": 300,
      "adaptive_chosen_bin": 63,
      "adaptive_bin_count": 3878,
      "adaptive_layer_bin_left": 59,
      "adaptive_layer_bin_right": 63,
      "adaptive_layer_lo": -0.0023892265521162914,
      "adaptive_layer_hi": 0.013825975688145878,
      "adaptive_layer_points": 24095,
      "adaptive_mad": 0.003654589173568974,
      "adaptive_robust_sigma": 0.0054182939087333605,
      "id_height_center": 0.005988818852597179,
      "height_band_m": 0.01625488172620008,
      "selected_height_min": -0.010256086220653443,
      "selected_height_max": 0.014883852697202443,
      "selected_points": 25694,
      "selected_ratio": 0.25694
    },
    "plane_estimation": {
      "plane_refine_used": true,
      "coarse_plane_points": 100000,
      "coarse_plane_center": [
        -1.3212419144000132,
        -1.066839317269998,
        0.15891178087025126
      ],
      "coarse_plane_normal": [
        0.00042809735239789825,
        0.01217317159167029,
        0.9999258125601401
      ],
      "coarse_id_layer": {
        "height_mode": "adaptive",
        "status": "adaptive_ok",
        "adaptive_search_q": 0.6,
        "adaptive_upper_q": 0.995,
        "adaptive_bins": 64,
        "adaptive_min_points": 300,
        "adaptive_chosen_bin": 63,
        "adaptive_bin_count": 3754,
        "adaptive_layer_bin_left": 59,
        "adaptive_layer_bin_right": 63,
        "adaptive_layer_lo": 0.1438688180927773,
        "adaptive_layer_hi": 0.1601175888051944,
        "adaptive_layer_points": 23300,
        "adaptive_mad": 0.003961048247224611,
        "adaptive_robust_sigma": 0.0058726501313352076,
        "id_height_center": 0.15133886905169677,
        "height_band_m": 0.017617950394005624,
        "selected_height_min": 0.1337213607390237,
        "selected_height_max": 0.1613033541541358,
        "selected_points": 25743,
        "selected_ratio": 0.25743
      },
      "plate_support": {
        "plate_status": "ok",
        "plate_lower": -0.05530099776486978,
        "plate_upper": 0.14633886905169677,
        "plate_lo": 0.14318824613268788,
        "plate_hi": 0.14633886905169677,
        "plate_bins": 64,
        "plate_chosen_bin": 63,
        "plate_bin_count": 4080,
        "plate_left_bin": 63,
        "plate_right_bin": 63,
        "plate_points": 4080,
        "plate_min_points": 500,
        "plane_refine_angle_deg": 0.08252352519788789
      }
    }
  }
}