{
  "source_file": "C:\\Users\\gkwld\\Desktop\\3D-Marker-Pose-Estimation\\CAD_to_PointCloud_conversion\\pointnet2\\result\\eval1_real_newmask_height_auto_boxexpand100\\train\\marker_points\\aug_000052_marker.xyz",
  "image_size": 512,
  "point_radius": 2,
  "view_margin": 1.2,
  "plane_fit_q": 0.8,
  "height_mode": "adaptive",
  "top_candidate_q": 0.85,
  "height_band_m": 0.03,
  "basis_mode": "global",
  "plane_refine_enabled": true,
  "flip_x": true,
  "align_2d": false,
  "align_method": "none",
  "color_mode": "raw_z",
  "color_ref": "marker_all_raw_z",
  "invert_jet": false,
  "color_min": 0.101809,
  "color_max": 0.310834,
  "color_q_min": 0.02,
  "color_q_max": 0.98,
  "plane_center": [
    8.172895512509205,
    -4.073658490066231,
    0.3091797689477559
  ],
  "plane_normal": [
    -0.008749936921975395,
    -0.005784922045075428,
    0.9999449851260788
  ],
  "marker_origin": [
    8.172895512509205,
    -4.073658490066231,
    0.3091797689477559
  ],
  "image_u_axis_3d": [
    -0.9999617185681968,
    5.0619640785180286e-05,
    -0.008749790499789627
  ],
  "image_v_axis_3d": [
    -1.3552527156082362e-20,
    0.9999832659162775,
    0.0057851435086463425
  ],
  "u_min": -0.5665443523484183,
  "u_max": 1.4289813883777853,
  "v_min": -1.2410118861234027,
  "v_max": 0.7552558677601258,
  "pixel_size_u_m": 0.0039051384358634125,
  "pixel_size_v_m": 0.0039065905164061224,
  "back_projection_note": {
    "pixel_to_uv": "u = u_min + px * pixel_size_u_m, v = v_max - py * pixel_size_v_m",
    "flip_x_note": "if flip_x is true, saved uv and image_u_axis_3d are already mirrored, so use the same pixel_to_uv formula",
    "point_on_plane_3d": "marker_origin + u * image_u_axis_3d + v * image_v_axis_3d",
    "direction_3d": "du * image_u_axis_3d + dv * image_v_axis_3d"
  },
  "debug": {
    "total_points": 100000,
    "basis_mode": "global",
    "height_mode": "adaptive",
    "top_candidate_q": 0.85,
    "height_band_m_input": 0.03,
    "height_band_m_used": 0.015499185235479964,
    "id_height_center": 0.006390641089901768,
    "top_id_points": 25820,
    "selected_height_min": -0.00910599368080332,
    "selected_height_max": 0.014870751965575111,
    "height_min": -0.2193846407362174,
    "height_mean": -0.14479569385872143,
    "height_max": 0.014870751965575111,
    "height_q50": -0.1954303922028886,
    "height_q70": -0.19014069532617392,
    "height_q80": 0.0020910198679227458,
    "height_q85": 0.004178985094482237,
    "height_q90": 0.007199282222070742,
    "height_q95": 0.010434980799125183,
    "height_q99": 0.01343634101804584,
    "layer_selection": {
      "height_mode": "adaptive",
      "status": "adaptive_ok",
      "adaptive_search_q": 0.6,
      "adaptive_upper_q": 0.995,
      "adaptive_bins": 64,
      "adaptive_min_points": 300,
      "adaptive_chosen_bin": 63,
      "adaptive_bin_count": 4211,
      "adaptive_layer_bin_left": 59,
      "adaptive_layer_bin_right": 63,
      "adaptive_layer_lo": -0.0023340202464447457,
      "adaptive_layer_hi": 0.013869847884483972,
      "adaptive_layer_points": 24317,
      "adaptive_mad": 0.0034846857402491037,
      "adaptive_robust_sigma": 0.005166395078493321,
      "id_height_center": 0.006390641089901768,
      "height_band_m": 0.015499185235479964,
      "selected_height_min": -0.00910599368080332,
      "selected_height_max": 0.014870751965575111,
      "selected_points": 25820,
      "selected_ratio": 0.2582
    },
    "plane_estimation": {
      "plane_refine_used": true,
      "coarse_plane_points": 100000,
      "coarse_plane_center": [
        7.749182592110026,
        -4.318680798979947,
        0.15925093049024977
      ],
      "coarse_plane_normal": [
        -0.008519759124753983,
        -0.005085764105697076,
        0.9999507731413168
      ],
      "coarse_id_layer": {
        "height_mode": "adaptive",
        "status": "adaptive_ok",
        "adaptive_search_q": 0.6,
        "adaptive_upper_q": 0.995,
        "adaptive_bins": 64,
        "adaptive_min_points": 300,
        "adaptive_chosen_bin": 63,
        "adaptive_bin_count": 4685,
        "adaptive_layer_bin_left": 59,
        "adaptive_layer_bin_right": 63,
        "adaptive_layer_lo": 0.14209597617991013,
        "adaptive_layer_hi": 0.15829028586129248,
        "adaptive_layer_points": 24400,
        "adaptive_mad": 0.0033213345429170538,
        "adaptive_robust_sigma": 0.004924210593328824,
        "id_height_center": 0.15106483514353988,
        "height_band_m": 0.015,
        "selected_height_min": 0.13607021893456378,
        "selected_height_max": 0.15924377870671197,
        "selected_points": 25814,
        "selected_ratio": 0.25814
      },
      "plate_support": {
        "plate_status": "ok",
        "plate_lower": -0.05517982394226191,
        "plate_upper": 0.14606483514353988,
        "plate_lo": 0.14292038734532425,
        "plate_hi": 0.14606483514353988,
        "plate_bins": 64,
        "plate_chosen_bin": 63,
        "plate_bin_count": 2718,
        "plate_left_bin": 63,
        "plate_right_bin": 63,
        "plate_points": 2718,
        "plate_min_points": 500,
        "plane_refine_angle_deg": 0.04217534384427824
      }
    }
  }
}