{
  "source_file": "C:\\Users\\gkwld\\Desktop\\3D-Marker-Pose-Estimation\\CAD_to_PointCloud_conversion\\pointnet2\\result\\eval1_real_newmask_height_auto_boxexpand100\\train\\marker_points\\aug_000180_marker.xyz",
  "image_size": 512,
  "point_radius": 2,
  "view_margin": 1.2,
  "plane_fit_q": 0.8,
  "height_mode": "adaptive",
  "top_candidate_q": 0.85,
  "height_band_m": 0.03,
  "basis_mode": "global",
  "plane_refine_enabled": true,
  "flip_x": true,
  "align_2d": false,
  "align_method": "none",
  "color_mode": "raw_z",
  "color_ref": "marker_all_raw_z",
  "invert_jet": false,
  "color_min": 0.103353,
  "color_max": 0.312979,
  "color_q_min": 0.02,
  "color_q_max": 0.98,
  "plane_center": [
    9.182987038140194,
    -4.3367398561569255,
    0.31151814130041067
  ],
  "plane_normal": [
    0.010512924421250396,
    0.004808087119461455,
    0.999933178125601
  ],
  "marker_origin": [
    9.182987038140194,
    -4.3367398561569255,
    0.31151814130041067
  ],
  "image_u_axis_3d": [
    -0.9999447376820949,
    5.054984999946543e-05,
    0.0105128028897695
  ],
  "image_v_axis_3d": [
    -1.3552527156082356e-20,
    0.9999884398036631,
    -0.0048083528401799015
  ],
  "u_min": -1.4329922558407857,
  "u_max": 0.5421688733060692,
  "v_min": -0.7303085480738791,
  "v_max": 1.2447376992325565,
  "pixel_size_u_m": 0.0038652859670192854,
  "pixel_size_v_m": 0.0038650611493276626,
  "back_projection_note": {
    "pixel_to_uv": "u = u_min + px * pixel_size_u_m, v = v_max - py * pixel_size_v_m",
    "flip_x_note": "if flip_x is true, saved uv and image_u_axis_3d are already mirrored, so use the same pixel_to_uv formula",
    "point_on_plane_3d": "marker_origin + u * image_u_axis_3d + v * image_v_axis_3d",
    "direction_3d": "du * image_u_axis_3d + dv * image_v_axis_3d"
  },
  "debug": {
    "total_points": 100000,
    "basis_mode": "global",
    "height_mode": "adaptive",
    "top_candidate_q": 0.85,
    "height_band_m_input": 0.03,
    "height_band_m_used": 0.016304993441988283,
    "id_height_center": 0.006378073542190876,
    "top_id_points": 25662,
    "selected_height_min": -0.009906140628437619,
    "selected_height_max": 0.016212722475578218,
    "height_min": -0.22021226729320287,
    "height_mean": -0.14512104253274974,
    "height_max": 0.016212722475578218,
    "height_q50": -0.19523467573910586,
    "height_q70": -0.1894228690228336,
    "height_q80": 0.0021390306289837614,
    "height_q85": 0.004983423191212187,
    "height_q90": 0.007226030247734555,
    "height_q95": 0.011724788775976604,
    "height_q99": 0.014535465995171904,
    "layer_selection": {
      "height_mode": "adaptive",
      "status": "adaptive_ok",
      "adaptive_search_q": 0.6,
      "adaptive_upper_q": 0.995,
      "adaptive_bins": 64,
      "adaptive_min_points": 300,
      "adaptive_chosen_bin": 63,
      "adaptive_bin_count": 4369,
      "adaptive_layer_bin_left": 59,
      "adaptive_layer_bin_right": 63,
      "adaptive_layer_lo": -0.001207552529714745,
      "adaptive_layer_hi": 0.015072465421242114,
      "adaptive_layer_points": 23853,
      "adaptive_mad": 0.00366585580331586,
      "adaptive_robust_sigma": 0.005434997813996094,
      "id_height_center": 0.006378073542190876,
      "height_band_m": 0.016304993441988283,
      "selected_height_min": -0.009906140628437619,
      "selected_height_max": 0.016212722475578218,
      "selected_points": 25662,
      "selected_ratio": 0.25662
    },
    "plane_estimation": {
      "plane_refine_used": true,
      "coarse_plane_points": 100000,
      "coarse_plane_center": [
        9.623907526719933,
        -4.080007550270009,
        0.16051725354022672
      ],
      "coarse_plane_normal": [
        0.010743439583780386,
        0.004262860153686331,
        0.9999332010325589
      ],
      "coarse_id_layer": {
        "height_mode": "adaptive",
        "status": "adaptive_ok",
        "adaptive_search_q": 0.6,
        "adaptive_upper_q": 0.995,
        "adaptive_bins": 64,
        "adaptive_min_points": 300,
        "adaptive_chosen_bin": 63,
        "adaptive_bin_count": 4628,
        "adaptive_layer_bin_left": 59,
        "adaptive_layer_bin_right": 63,
        "adaptive_layer_lo": 0.14386957683205454,
        "adaptive_layer_hi": 0.16014841667969326,
        "adaptive_layer_points": 23867,
        "adaptive_mad": 0.0035349019584034747,
        "adaptive_robust_sigma": 0.005240845643528991,
        "id_height_center": 0.15133759938191735,
        "height_band_m": 0.015722536930586974,
        "selected_height_min": 0.13563672451296477,
        "selected_height_max": 0.16126559855078623,
        "selected_points": 25634,
        "selected_ratio": 0.25634
      },
      "plate_support": {
        "plate_status": "ok",
        "plate_lower": -0.05533721095485364,
        "plate_upper": 0.14633759938191734,
        "plate_lo": 0.1431864304704053,
        "plate_hi": 0.14633759938191734,
        "plate_bins": 64,
        "plate_chosen_bin": 63,
        "plate_bin_count": 2753,
        "plate_left_bin": 63,
        "plate_right_bin": 63,
        "plate_points": 2753,
        "plate_min_points": 500,
        "plane_refine_angle_deg": 0.033916667027330365
      }
    }
  }
}