{
  "source_file": "C:\\Users\\gkwld\\Desktop\\3D-Marker-Pose-Estimation\\CAD_to_PointCloud_conversion\\pointnet2\\result\\eval1_real_newmask_height_auto_boxexpand100\\train\\marker_points\\aug_000192_marker.xyz",
  "image_size": 512,
  "point_radius": 2,
  "view_margin": 1.2,
  "plane_fit_q": 0.8,
  "height_mode": "adaptive",
  "top_candidate_q": 0.85,
  "height_band_m": 0.03,
  "basis_mode": "global",
  "plane_refine_enabled": true,
  "flip_x": true,
  "align_2d": false,
  "align_method": "none",
  "color_mode": "raw_z",
  "color_ref": "marker_all_raw_z",
  "invert_jet": false,
  "color_min": 0.103603,
  "color_max": 0.312979,
  "color_q_min": 0.02,
  "color_q_max": 0.98,
  "plane_center": [
    6.962234961246556,
    0.26291537189364483,
    0.3124505434165601
  ],
  "plane_normal": [
    -0.004553971442381497,
    0.0007132975799793192,
    0.9999893762178999
  ],
  "marker_origin": [
    6.962234961246556,
    0.26291537189364483,
    0.3124505434165601
  ],
  "image_u_axis_3d": [
    -0.999989630617289,
    -3.2483704927359816e-06,
    -0.004553970283832823
  ],
  "image_v_axis_3d": [
    0.0,
    0.9999997455969729,
    -0.0007133049765108971
  ],
  "u_min": -0.855995034653539,
  "u_max": 1.311964916440304,
  "v_min": -1.0839058394480747,
  "v_max": 1.0833709510166067,
  "pixel_size_u_m": 0.004242583074547638,
  "pixel_size_v_m": 0.004241246165292919,
  "back_projection_note": {
    "pixel_to_uv": "u = u_min + px * pixel_size_u_m, v = v_max - py * pixel_size_v_m",
    "flip_x_note": "if flip_x is true, saved uv and image_u_axis_3d are already mirrored, so use the same pixel_to_uv formula",
    "point_on_plane_3d": "marker_origin + u * image_u_axis_3d + v * image_v_axis_3d",
    "direction_3d": "du * image_u_axis_3d + dv * image_v_axis_3d"
  },
  "debug": {
    "total_points": 100000,
    "basis_mode": "global",
    "height_mode": "adaptive",
    "top_candidate_q": 0.85,
    "height_band_m_input": 0.03,
    "height_band_m_used": 0.015,
    "id_height_center": 0.0009451834211153188,
    "top_id_points": 25861,
    "selected_height_min": -0.012961329012007014,
    "selected_height_max": 0.004655485790297174,
    "height_min": -0.21887521583979186,
    "height_mean": -0.15058742051031682,
    "height_max": 0.004655485790297174,
    "height_q50": -0.20223913170736962,
    "height_q70": -0.20012371566771428,
    "height_q80": -0.0005222574513760632,
    "height_q85": 0.0004890671030910528,
    "height_q90": 0.0012285295056640962,
    "height_q95": 0.0035687044181045317,
    "height_q99": 0.0041857798157014705,
    "layer_selection": {
      "height_mode": "adaptive",
      "status": "adaptive_ok",
      "adaptive_search_q": 0.6,
      "adaptive_upper_q": 0.995,
      "adaptive_bins": 64,
      "adaptive_min_points": 300,
      "adaptive_chosen_bin": 63,
      "adaptive_bin_count": 10341,
      "adaptive_layer_bin_left": 62,
      "adaptive_layer_bin_right": 63,
      "adaptive_layer_lo": -0.002099609349566961,
      "adaptive_layer_hi": 0.004331723446389886,
      "adaptive_layer_points": 22881,
      "adaptive_mad": 0.0011058472511431602,
      "adaptive_robust_sigma": 0.0016395291345448492,
      "id_height_center": 0.0009451834211153188,
      "height_band_m": 0.015,
      "selected_height_min": -0.012961329012007014,
      "selected_height_max": 0.004655485790297174,
      "selected_points": 25861,
      "selected_ratio": 0.25861
    },
    "plane_estimation": {
      "plane_refine_used": true,
      "coarse_plane_points": 100000,
      "coarse_plane_center": [
        6.73358375449003,
        0.25981793616000437,
        0.1608224503702271
      ],
      "coarse_plane_normal": [
        -0.011790277232636355,
        -0.0011445509619442897,
        0.9999298372205287
      ],
      "coarse_id_layer": {
        "height_mode": "adaptive",
        "status": "adaptive_ok",
        "adaptive_search_q": 0.6,
        "adaptive_upper_q": 0.995,
        "adaptive_bins": 64,
        "adaptive_min_points": 300,
        "adaptive_chosen_bin": 63,
        "adaptive_bin_count": 5169,
        "adaptive_layer_bin_left": 63,
        "adaptive_layer_bin_right": 63,
        "adaptive_layer_lo": 0.1566407478820761,
        "adaptive_layer_hi": 0.1598954528497114,
        "adaptive_layer_points": 5169,
        "adaptive_mad": 0.0007088699167955015,
        "adaptive_robust_sigma": 0.0010509705386410105,
        "id_height_center": 0.1581294452140944,
        "height_band_m": 0.015,
        "selected_height_min": 0.14313437622317207,
        "selected_height_max": 0.1609520679626176,
        "selected_points": 24591,
        "selected_ratio": 0.24591
      },
      "plate_support": {
        "plate_status": "ok",
        "plate_lower": -0.05589778711154751,
        "plate_upper": 0.15312944521409438,
        "plate_lo": 0.1433312936988299,
        "plate_hi": 0.15312944521409438,
        "plate_bins": 64,
        "plate_chosen_bin": 63,
        "plate_bin_count": 7776,
        "plate_left_bin": 61,
        "plate_right_bin": 63,
        "plate_points": 17263,
        "plate_min_points": 500,
        "plane_refine_angle_deg": 0.4280709188945022
      }
    }
  }
}