{
  "source_file": "C:\\Users\\gkwld\\Desktop\\3D-Marker-Pose-Estimation\\CAD_to_PointCloud_conversion\\pointnet2\\result\\eval1_real_newmask_height_auto_boxexpand100\\train\\marker_points\\aug_000128_marker.xyz",
  "image_size": 512,
  "point_radius": 2,
  "view_margin": 1.2,
  "plane_fit_q": 0.8,
  "height_mode": "adaptive",
  "top_candidate_q": 0.85,
  "height_band_m": 0.03,
  "basis_mode": "global",
  "plane_refine_enabled": true,
  "flip_x": true,
  "align_2d": false,
  "align_method": "none",
  "color_mode": "raw_z",
  "color_ref": "marker_all_raw_z",
  "invert_jet": false,
  "color_min": 0.10308582,
  "color_max": 0.312979,
  "color_q_min": 0.02,
  "color_q_max": 0.98,
  "plane_center": [
    9.72588986443958,
    3.9754687986261996,
    0.3124152179886124
  ],
  "plane_normal": [
    0.001327127153102701,
    0.00449858971583022,
    0.9999890006505513
  ],
  "marker_origin": [
    9.72588986443958,
    3.9754687986261996,
    0.3124152179886124
  ],
  "image_u_axis_3d": [
    -0.9999991193653721,
    5.970205820104891e-06,
    0.001327113724267028
  ],
  "image_v_axis_3d": [
    8.470329472551473e-22,
    0.9999898812752683,
    -0.004498593677443091
  ],
  "u_min": -1.1531163762414125,
  "u_max": 1.1037414421238272,
  "v_min": -0.8966563168238331,
  "v_max": 1.361109226764715,
  "pixel_size_u_m": 0.004416551503650176,
  "pixel_size_v_m": 0.004418327873950191,
  "back_projection_note": {
    "pixel_to_uv": "u = u_min + px * pixel_size_u_m, v = v_max - py * pixel_size_v_m",
    "flip_x_note": "if flip_x is true, saved uv and image_u_axis_3d are already mirrored, so use the same pixel_to_uv formula",
    "point_on_plane_3d": "marker_origin + u * image_u_axis_3d + v * image_v_axis_3d",
    "direction_3d": "du * image_u_axis_3d + dv * image_v_axis_3d"
  },
  "debug": {
    "total_points": 100000,
    "basis_mode": "global",
    "height_mode": "adaptive",
    "top_candidate_q": 0.85,
    "height_band_m_input": 0.03,
    "height_band_m_used": 0.015,
    "id_height_center": 0.0010162829807222771,
    "top_id_points": 25707,
    "selected_height_min": -0.012933299734252342,
    "selected_height_max": 0.004788404709830324,
    "height_min": -0.2188694200813337,
    "height_mean": -0.15084273997494393,
    "height_max": 0.004788404709830324,
    "height_q50": -0.20216004163442547,
    "height_q70": -0.20001654466081123,
    "height_q80": -0.0005194613770436922,
    "height_q85": 0.0005317361254675339,
    "height_q90": 0.0012958435848470136,
    "height_q95": 0.003670575996285128,
    "height_q99": 0.004293418006405224,
    "layer_selection": {
      "height_mode": "adaptive",
      "status": "adaptive_ok",
      "adaptive_search_q": 0.6,
      "adaptive_upper_q": 0.995,
      "adaptive_bins": 64,
      "adaptive_min_points": 300,
      "adaptive_chosen_bin": 63,
      "adaptive_bin_count": 9934,
      "adaptive_layer_bin_left": 62,
      "adaptive_layer_bin_right": 63,
      "adaptive_layer_lo": -0.0019766385066684045,
      "adaptive_layer_hi": 0.004455420952476833,
      "adaptive_layer_points": 22683,
      "adaptive_mad": 0.001148339001174548,
      "adaptive_robust_sigma": 0.0017025274031413848,
      "id_height_center": 0.0010162829807222771,
      "height_band_m": 0.015,
      "selected_height_min": -0.012933299734252342,
      "selected_height_max": 0.004788404709830324,
      "selected_points": 25707,
      "selected_ratio": 0.25707
    },
    "plane_estimation": {
      "plane_refine_used": true,
      "coarse_plane_points": 100000,
      "coarse_plane_center": [
        9.750910681209934,
        4.207257543389944,
        0.16049487872022666
      ],
      "coarse_plane_normal": [
        0.0006474269327507234,
        0.011377453403498914,
        0.9999350650869376
      ],
      "coarse_id_layer": {
        "height_mode": "adaptive",
        "status": "adaptive_ok",
        "adaptive_search_q": 0.6,
        "adaptive_upper_q": 0.995,
        "adaptive_bins": 64,
        "adaptive_min_points": 300,
        "adaptive_chosen_bin": 63,
        "adaptive_bin_count": 5403,
        "adaptive_layer_bin_left": 63,
        "adaptive_layer_bin_right": 63,
        "adaptive_layer_lo": 0.1566571084910588,
        "adaptive_layer_hi": 0.15990953095280613,
        "adaptive_layer_points": 5403,
        "adaptive_mad": 0.000687197810561091,
        "adaptive_robust_sigma": 0.0010188394739378734,
        "id_height_center": 0.1581803377824293,
        "height_band_m": 0.015,
        "selected_height_min": 0.14318499457435774,
        "selected_height_max": 0.16091413550265812,
        "selected_points": 24539,
        "selected_ratio": 0.24539
      },
      "plate_support": {
        "plate_status": "ok",
        "plate_lower": -0.05552778109487508,
        "plate_upper": 0.1531803377824293,
        "plate_lo": 0.14339714471005566,
        "plate_hi": 0.1531803377824293,
        "plate_bins": 64,
        "plate_chosen_bin": 63,
        "plate_bin_count": 8194,
        "plate_left_bin": 61,
        "plate_right_bin": 63,
        "plate_points": 17033,
        "plate_min_points": 500,
        "plane_refine_angle_deg": 0.39606207018884426
      }
    }
  }
}