{
  "source_file": "C:\\Users\\gkwld\\Desktop\\3D-Marker-Pose-Estimation\\CAD_to_PointCloud_conversion\\pointnet2\\result\\eval1_real_newmask_height_auto_boxexpand100\\train\\marker_points\\aug_000106_marker.xyz",
  "image_size": 512,
  "point_radius": 2,
  "view_margin": 1.2,
  "plane_fit_q": 0.8,
  "height_mode": "adaptive",
  "top_candidate_q": 0.85,
  "height_band_m": 0.03,
  "basis_mode": "global",
  "plane_refine_enabled": true,
  "flip_x": true,
  "align_2d": false,
  "align_method": "none",
  "color_mode": "raw_z",
  "color_ref": "marker_all_raw_z",
  "invert_jet": false,
  "color_min": 0.103241,
  "color_max": 0.312979,
  "color_q_min": 0.02,
  "color_q_max": 0.98,
  "plane_center": [
    6.58071292459497,
    -5.252021787923418,
    0.3118942447717383
  ],
  "plane_normal": [
    0.011758709326277353,
    -0.0020484944894612316,
    0.9999287656744889
  ],
  "marker_origin": [
    6.58071292459497,
    -5.252021787923418,
    0.3118942447717383
  ],
  "image_u_axis_3d": [
    -0.999930863986596,
    -2.4089316697329452e-05,
    0.01175868465110575
  ],
  "image_v_axis_3d": [
    -3.38813178902059e-21,
    0.999997901541814,
    0.0020486361239937115
  ],
  "u_min": -1.6719915641258887,
  "u_max": 0.6390436745469896,
  "v_min": -1.1524650741507552,
  "v_max": 1.1580512334644761,
  "pixel_size_u_m": 0.004522573852588803,
  "pixel_size_v_m": 0.004521558331928046,
  "back_projection_note": {
    "pixel_to_uv": "u = u_min + px * pixel_size_u_m, v = v_max - py * pixel_size_v_m",
    "flip_x_note": "if flip_x is true, saved uv and image_u_axis_3d are already mirrored, so use the same pixel_to_uv formula",
    "point_on_plane_3d": "marker_origin + u * image_u_axis_3d + v * image_v_axis_3d",
    "direction_3d": "du * image_u_axis_3d + dv * image_v_axis_3d"
  },
  "debug": {
    "total_points": 100000,
    "basis_mode": "global",
    "height_mode": "adaptive",
    "top_candidate_q": 0.85,
    "height_band_m_input": 0.03,
    "height_band_m_used": 0.015,
    "id_height_center": 0.013173816848481998,
    "top_id_points": 24317,
    "selected_height_min": -0.0017983276701243052,
    "selected_height_max": 0.016064518712212532,
    "height_min": -0.22054993938991113,
    "height_mean": -0.14553161477557883,
    "height_max": 0.016064518712212532,
    "height_q50": -0.19524372755666486,
    "height_q70": -0.18949216237366523,
    "height_q80": 0.0017435425011833653,
    "height_q85": 0.004825200825118669,
    "height_q90": 0.006601158072395704,
    "height_q95": 0.01196740798240137,
    "height_q99": 0.01441247165786827,
    "layer_selection": {
      "height_mode": "adaptive",
      "status": "adaptive_ok",
      "adaptive_search_q": 0.6,
      "adaptive_upper_q": 0.995,
      "adaptive_bins": 64,
      "adaptive_min_points": 300,
      "adaptive_chosen_bin": 63,
      "adaptive_bin_count": 4917,
      "adaptive_layer_bin_left": 63,
      "adaptive_layer_bin_right": 63,
      "adaptive_layer_lo": 0.011698249772121444,
      "adaptive_layer_hi": 0.014954021012965191,
      "adaptive_layer_points": 4917,
      "adaptive_mad": 0.0007234272030114865,
      "adaptive_robust_sigma": 0.00107255317118483,
      "id_height_center": 0.013173816848481998,
      "height_band_m": 0.015,
      "selected_height_min": -0.0017983276701243052,
      "selected_height_max": 0.016064518712212532,
      "selected_points": 24317,
      "selected_ratio": 0.24317
    },
    "plane_estimation": {
      "plane_refine_used": true,
      "coarse_plane_points": 100000,
      "coarse_plane_center": [
        7.097384417779989,
        -5.246790551959988,
        0.16028715662022766
      ],
      "coarse_plane_normal": [
        0.012507744185162867,
        -0.002148002847143077,
        0.9999194679658793
      ],
      "coarse_id_layer": {
        "height_mode": "adaptive",
        "status": "adaptive_ok",
        "adaptive_search_q": 0.6,
        "adaptive_upper_q": 0.995,
        "adaptive_bins": 64,
        "adaptive_min_points": 300,
        "adaptive_chosen_bin": 63,
        "adaptive_bin_count": 4646,
        "adaptive_layer_bin_left": 59,
        "adaptive_layer_bin_right": 63,
        "adaptive_layer_lo": 0.14468158269270895,
        "adaptive_layer_hi": 0.16097951370041824,
        "adaptive_layer_points": 22779,
        "adaptive_mad": 0.003626706841922317,
        "adaptive_robust_sigma": 0.0053769555638340264,
        "id_height_center": 0.1514365412945524,
        "height_band_m": 0.01613086669150208,
        "selected_height_min": 0.13530707234967498,
        "selected_height_max": 0.1621642982773872,
        "selected_points": 25533,
        "selected_ratio": 0.25533
      },
      "plate_support": {
        "plate_status": "ok",
        "plate_lower": -0.05553928597577629,
        "plate_upper": 0.14643654129455239,
        "plate_lo": 0.1432806689934535,
        "plate_hi": 0.14643654129455239,
        "plate_bins": 64,
        "plate_chosen_bin": 63,
        "plate_bin_count": 3395,
        "plate_left_bin": 63,
        "plate_right_bin": 63,
        "plate_points": 3395,
        "plate_min_points": 500,
        "plane_refine_angle_deg": 0.04329702237588635
      }
    }
  }
}