{
  "source_file": "C:\\Users\\gkwld\\Desktop\\3D-Marker-Pose-Estimation\\CAD_to_PointCloud_conversion\\pointnet2\\result\\eval1_real_newmask_height_auto_boxexpand100\\train\\marker_points\\aug_000152_marker.xyz",
  "image_size": 512,
  "point_radius": 2,
  "view_margin": 1.2,
  "plane_fit_q": 0.8,
  "height_mode": "adaptive",
  "top_candidate_q": 0.85,
  "height_band_m": 0.03,
  "basis_mode": "global",
  "plane_refine_enabled": true,
  "flip_x": true,
  "align_2d": false,
  "align_method": "none",
  "color_mode": "raw_z",
  "color_ref": "marker_all_raw_z",
  "invert_jet": false,
  "color_min": 0.103208,
  "color_max": 0.312979,
  "color_q_min": 0.02,
  "color_q_max": 0.98,
  "plane_center": [
    -6.874354595144142,
    0.5119984722306543,
    0.31185068892262496
  ],
  "plane_normal": [
    -0.004197119617047911,
    -0.011502453121031517,
    0.9999250360687639
  ],
  "marker_origin": [
    -6.874354595144142,
    0.5119984722306543,
    0.31185068892262496
  ],
  "image_u_axis_3d": [
    -0.9999911920536702,
    4.8277596864840916e-05,
    -0.004196841950011806
  ],
  "image_v_axis_3d": [
    0.0,
    0.9999338434313902,
    0.011502554434902135
  ],
  "u_min": -1.0755815796989878,
  "u_max": 1.2322484158923068,
  "v_min": -1.6666744454142335,
  "v_max": 0.6425130687201243,
  "pixel_size_u_m": 0.00451630136123541,
  "pixel_size_v_m": 0.0045189579532961995,
  "back_projection_note": {
    "pixel_to_uv": "u = u_min + px * pixel_size_u_m, v = v_max - py * pixel_size_v_m",
    "flip_x_note": "if flip_x is true, saved uv and image_u_axis_3d are already mirrored, so use the same pixel_to_uv formula",
    "point_on_plane_3d": "marker_origin + u * image_u_axis_3d + v * image_v_axis_3d",
    "direction_3d": "du * image_u_axis_3d + dv * image_v_axis_3d"
  },
  "debug": {
    "total_points": 100000,
    "basis_mode": "global",
    "height_mode": "adaptive",
    "top_candidate_q": 0.85,
    "height_band_m_input": 0.03,
    "height_band_m_used": 0.015,
    "id_height_center": 0.01352168563238095,
    "top_id_points": 24177,
    "selected_height_min": -0.0014719160172244426,
    "selected_height_max": 0.016435408024094773,
    "height_min": -0.22058044439740895,
    "height_mean": -0.14536066345993928,
    "height_max": 0.016435408024094773,
    "height_q50": -0.19494475794079133,
    "height_q70": -0.18911514675842747,
    "height_q80": 0.0018000185050977718,
    "height_q85": 0.0049157036349741475,
    "height_q90": 0.006649365291535257,
    "height_q95": 0.012350801047816188,
    "height_q99": 0.014745766003788676,
    "layer_selection": {
      "height_mode": "adaptive",
      "status": "adaptive_ok",
      "adaptive_search_q": 0.6,
      "adaptive_upper_q": 0.995,
      "adaptive_bins": 64,
      "adaptive_min_points": 300,
      "adaptive_chosen_bin": 63,
      "adaptive_bin_count": 4971,
      "adaptive_layer_bin_left": 63,
      "adaptive_layer_bin_right": 63,
      "adaptive_layer_lo": 0.012045328182972354,
      "adaptive_layer_hi": 0.015301387457371652,
      "adaptive_layer_points": 4971,
      "adaptive_mad": 0.0007302698984979605,
      "adaptive_robust_sigma": 0.0010826981515130762,
      "id_height_center": 0.01352168563238095,
      "height_band_m": 0.015,
      "selected_height_min": -0.0014719160172244426,
      "selected_height_max": 0.016435408024094773,
      "selected_points": 24177,
      "selected_ratio": 0.24177
    },
    "plane_estimation": {
      "plane_refine_used": true,
      "coarse_plane_points": 100000,
      "coarse_plane_center": [
        -6.949542072259947,
        -0.000819480019999986,
        0.16026442667022683
      ],
      "coarse_plane_normal": [
        -0.004310254562023402,
        -0.012035778549511274,
        0.9999182775298777
      ],
      "coarse_id_layer": {
        "height_mode": "adaptive",
        "status": "adaptive_ok",
        "adaptive_search_q": 0.6,
        "adaptive_upper_q": 0.995,
        "adaptive_bins": 64,
        "adaptive_min_points": 300,
        "adaptive_chosen_bin": 63,
        "adaptive_bin_count": 4718,
        "adaptive_layer_bin_left": 59,
        "adaptive_layer_bin_right": 63,
        "adaptive_layer_lo": 0.14473094071428097,
        "adaptive_layer_hi": 0.1610252202012079,
        "adaptive_layer_points": 22696,
        "adaptive_mad": 0.003551493043118234,
        "adaptive_robust_sigma": 0.005265443585727093,
        "id_height_center": 0.1513549076462402,
        "height_band_m": 0.01579633075718128,
        "selected_height_min": 0.13566547576511584,
        "selected_height_max": 0.1622112744687923,
        "selected_points": 25469,
        "selected_ratio": 0.25469
      },
      "plate_support": {
        "plate_status": "ok",
        "plate_lower": -0.05559068489131293,
        "plate_upper": 0.1463549076462402,
        "plate_lo": 0.1431995077628409,
        "plate_hi": 0.1463549076462402,
        "plate_bins": 64,
        "plate_chosen_bin": 63,
        "plate_bin_count": 3295,
        "plate_left_bin": 63,
        "plate_right_bin": 63,
        "plate_points": 3295,
        "plate_min_points": 500,
        "plane_refine_angle_deg": 0.031239874950993556
      }
    }
  }
}