{
  "source_file": "C:\\Users\\gkwld\\Desktop\\3D-Marker-Pose-Estimation\\CAD_to_PointCloud_conversion\\pointnet2\\result\\eval1_real_newmask_height_auto_boxexpand100\\train\\marker_points\\aug_000069_marker.xyz",
  "image_size": 512,
  "point_radius": 2,
  "view_margin": 1.2,
  "plane_fit_q": 0.8,
  "height_mode": "adaptive",
  "top_candidate_q": 0.85,
  "height_band_m": 0.03,
  "basis_mode": "global",
  "plane_refine_enabled": true,
  "flip_x": true,
  "align_2d": false,
  "align_method": "none",
  "color_mode": "raw_z",
  "color_ref": "marker_all_raw_z",
  "invert_jet": false,
  "color_min": 0.101898,
  "color_max": 0.310834,
  "color_q_min": 0.02,
  "color_q_max": 0.98,
  "plane_center": [
    3.0334152026551036,
    -8.636399933080492,
    0.3097383904091125
  ],
  "plane_normal": [
    0.0003956628645269006,
    0.0107766825486046,
    0.9999418515904535
  ],
  "marker_origin": [
    3.0334152026551036,
    -8.636399933080492,
    0.3097383904091125
  ],
  "image_u_axis_3d": [
    -0.9999999217244459,
    4.26393342103118e-06,
    0.000395639888328752
  ],
  "image_v_axis_3d": [
    0.0,
    0.9999419298604622,
    -0.010776683392144689
  ],
  "u_min": -1.1921988687294682,
  "u_max": 1.091028522135093,
  "v_min": -0.6374715450514783,
  "v_max": 1.644608956271513,
  "pixel_size_u_m": 0.004468155363727125,
  "pixel_size_v_m": 0.004465910961493133,
  "back_projection_note": {
    "pixel_to_uv": "u = u_min + px * pixel_size_u_m, v = v_max - py * pixel_size_v_m",
    "flip_x_note": "if flip_x is true, saved uv and image_u_axis_3d are already mirrored, so use the same pixel_to_uv formula",
    "point_on_plane_3d": "marker_origin + u * image_u_axis_3d + v * image_v_axis_3d",
    "direction_3d": "du * image_u_axis_3d + dv * image_v_axis_3d"
  },
  "debug": {
    "total_points": 100000,
    "basis_mode": "global",
    "height_mode": "adaptive",
    "top_candidate_q": 0.85,
    "height_band_m_input": 0.03,
    "height_band_m_used": 0.015975085746100515,
    "id_height_center": 0.006234848382000157,
    "top_id_points": 25685,
    "selected_height_min": -0.00968678400244822,
    "selected_height_max": 0.014759845262014267,
    "height_min": -0.21991658724084692,
    "height_mean": -0.14535637545302799,
    "height_max": 0.014759845262014267,
    "height_q50": -0.1955475263231913,
    "height_q70": -0.19026581385723693,
    "height_q80": 0.0015785091445627152,
    "height_q85": 0.0036316150126233745,
    "height_q90": 0.007050680635190036,
    "height_q95": 0.010041179128183982,
    "height_q99": 0.013288181063717807,
    "layer_selection": {
      "height_mode": "adaptive",
      "status": "adaptive_ok",
      "adaptive_search_q": 0.6,
      "adaptive_upper_q": 0.995,
      "adaptive_bins": 64,
      "adaptive_min_points": 300,
      "adaptive_chosen_bin": 63,
      "adaptive_bin_count": 3900,
      "adaptive_layer_bin_left": 59,
      "adaptive_layer_bin_right": 63,
      "adaptive_layer_lo": -0.0024702158497373894,
      "adaptive_layer_hi": 0.013732355417062662,
      "adaptive_layer_points": 24121,
      "adaptive_mad": 0.003591682572530356,
      "adaptive_robust_sigma": 0.0053250285820335055,
      "id_height_center": 0.006234848382000157,
      "height_band_m": 0.015975085746100515,
      "selected_height_min": -0.00968678400244822,
      "selected_height_max": 0.014759845262014267,
      "selected_points": 25685,
      "selected_ratio": 0.25685
    },
    "plane_estimation": {
      "plane_refine_used": true,
      "coarse_plane_points": 100000,
      "coarse_plane_center": [
        3.0767198334399803,
        -8.13449551097999,
        0.15894724803025242
      ],
      "coarse_plane_normal": [
        0.001277840648621338,
        0.011198457529988009,
        0.9999364788176427
      ],
      "coarse_id_layer": {
        "height_mode": "adaptive",
        "status": "adaptive_ok",
        "adaptive_search_q": 0.6,
        "adaptive_upper_q": 0.995,
        "adaptive_bins": 64,
        "adaptive_min_points": 300,
        "adaptive_chosen_bin": 63,
        "adaptive_bin_count": 3949,
        "adaptive_layer_bin_left": 59,
        "adaptive_layer_bin_right": 63,
        "adaptive_layer_lo": 0.14324140816658523,
        "adaptive_layer_hi": 0.1594655999139142,
        "adaptive_layer_points": 24000,
        "adaptive_mad": 0.0037420661783406084,
        "adaptive_robust_sigma": 0.005547987316007786,
        "id_height_center": 0.15136888592157421,
        "height_band_m": 0.016643961948023357,
        "selected_height_min": 0.13482935284609085,
        "selected_height_max": 0.16054551459854294,
        "selected_points": 25745,
        "selected_ratio": 0.25745
      },
      "plate_support": {
        "plate_status": "ok",
        "plate_lower": -0.05513206826269339,
        "plate_upper": 0.1463688859215742,
        "plate_lo": 0.14322043351244507,
        "plate_hi": 0.1463688859215742,
        "plate_bins": 64,
        "plate_chosen_bin": 63,
        "plate_bin_count": 3691,
        "plate_left_bin": 63,
        "plate_right_bin": 63,
        "plate_points": 3691,
        "plate_min_points": 500,
        "plane_refine_angle_deg": 0.056025919133740866
      }
    }
  }
}