{
  "source_file": "C:\\Users\\gkwld\\Desktop\\3D-Marker-Pose-Estimation\\CAD_to_PointCloud_conversion\\pointnet2\\result\\eval1_real_newmask_height_auto_boxexpand100\\train\\marker_points\\aug_000090_marker.xyz",
  "image_size": 512,
  "point_radius": 2,
  "view_margin": 1.2,
  "plane_fit_q": 0.8,
  "height_mode": "adaptive",
  "top_candidate_q": 0.85,
  "height_band_m": 0.03,
  "basis_mode": "global",
  "plane_refine_enabled": true,
  "flip_x": true,
  "align_2d": false,
  "align_method": "none",
  "color_mode": "raw_z",
  "color_ref": "marker_all_raw_z",
  "invert_jet": false,
  "color_min": 0.10180198,
  "color_max": 0.310834,
  "color_q_min": 0.02,
  "color_q_max": 0.98,
  "plane_center": [
    8.181141827263499,
    1.1554228211937285,
    0.30978565351544207
  ],
  "plane_normal": [
    0.00901984056289446,
    0.005806124541556213,
    0.9999424640408207
  ],
  "marker_origin": [
    8.181141827263499,
    1.1554228211937285,
    0.30978565351544207
  ],
  "image_u_axis_3d": [
    -0.9999593204096956,
    5.237244814277468e-05,
    0.009019688514931451
  ],
  "image_v_axis_3d": [
    0.0,
    0.9999831429443872,
    -0.005806360741926549
  ],
  "u_min": -1.5285047910547718,
  "u_max": 0.6174992831924849,
  "v_min": -0.8590551943796367,
  "v_max": 1.2875324272968858,
  "pixel_size_u_m": 0.004199616583654123,
  "pixel_size_v_m": 0.004200758555139966,
  "back_projection_note": {
    "pixel_to_uv": "u = u_min + px * pixel_size_u_m, v = v_max - py * pixel_size_v_m",
    "flip_x_note": "if flip_x is true, saved uv and image_u_axis_3d are already mirrored, so use the same pixel_to_uv formula",
    "point_on_plane_3d": "marker_origin + u * image_u_axis_3d + v * image_v_axis_3d",
    "direction_3d": "du * image_u_axis_3d + dv * image_v_axis_3d"
  },
  "debug": {
    "total_points": 100000,
    "basis_mode": "global",
    "height_mode": "adaptive",
    "top_candidate_q": 0.85,
    "height_band_m_input": 0.03,
    "height_band_m_used": 0.016188037622614566,
    "id_height_center": 0.006318492902025992,
    "top_id_points": 26002,
    "selected_height_min": -0.009846885128754243,
    "selected_height_max": 0.014460146721534997,
    "height_min": -0.21990967070558975,
    "height_mean": -0.14487451227174664,
    "height_max": 0.014460146721534997,
    "height_q50": -0.19555038163261768,
    "height_q70": -0.19037911680234318,
    "height_q80": 0.0015255576204326298,
    "height_q85": 0.0036539206613335614,
    "height_q90": 0.0071565041262669805,
    "height_q95": 0.009695874193075356,
    "height_q99": 0.013068354165412037,
    "layer_selection": {
      "height_mode": "adaptive",
      "status": "adaptive_ok",
      "adaptive_search_q": 0.6,
      "adaptive_upper_q": 0.995,
      "adaptive_bins": 64,
      "adaptive_min_points": 300,
      "adaptive_chosen_bin": 63,
      "adaptive_bin_count": 3836,
      "adaptive_layer_bin_left": 59,
      "adaptive_layer_bin_right": 63,
      "adaptive_layer_lo": -0.0026670145419153968,
      "adaptive_layer_hi": 0.01352051831883046,
      "adaptive_layer_points": 24432,
      "adaptive_mad": 0.0036395605968376652,
      "adaptive_robust_sigma": 0.005396012540871522,
      "id_height_center": 0.006318492902025992,
      "height_band_m": 0.016188037622614566,
      "selected_height_min": -0.009846885128754243,
      "selected_height_max": 0.014460146721534997,
      "selected_points": 26002,
      "selected_ratio": 0.26002
    },
    "plane_estimation": {
      "plane_refine_used": true,
      "coarse_plane_points": 100000,
      "coarse_plane_center": [
        8.632577450770027,
        1.37359387540999,
        0.15956389243024954
      ],
      "coarse_plane_normal": [
        0.010019166478473266,
        0.004982776715998574,
        0.9999373921587668
      ],
      "coarse_id_layer": {
        "height_mode": "adaptive",
        "status": "adaptive_ok",
        "adaptive_search_q": 0.6,
        "adaptive_upper_q": 0.995,
        "adaptive_bins": 64,
        "adaptive_min_points": 300,
        "adaptive_chosen_bin": 63,
        "adaptive_bin_count": 3916,
        "adaptive_layer_bin_left": 59,
        "adaptive_layer_bin_right": 63,
        "adaptive_layer_lo": 0.14260659360249617,
        "adaptive_layer_hi": 0.15882281612335364,
        "adaptive_layer_points": 24319,
        "adaptive_mad": 0.0037158847207451884,
        "adaptive_robust_sigma": 0.005509170686976816,
        "id_height_center": 0.15090088066485036,
        "height_band_m": 0.016527512060930446,
        "selected_height_min": 0.13437464055929718,
        "selected_height_max": 0.15981702255125313,
        "selected_points": 26027,
        "selected_ratio": 0.26027
      },
      "plate_support": {
        "plate_status": "ok",
        "plate_lower": -0.055723590224084935,
        "plate_upper": 0.14590088066485035,
        "plate_lo": 0.14275049830721073,
        "plate_hi": 0.14590088066485035,
        "plate_bins": 64,
        "plate_chosen_bin": 63,
        "plate_bin_count": 3954,
        "plate_left_bin": 63,
        "plate_right_bin": 63,
        "plate_points": 3954,
        "plate_min_points": 500,
        "plane_refine_angle_deg": 0.07418827552659743
      }
    }
  }
}