{
  "source_file": "C:\\Users\\gkwld\\Desktop\\3D-Marker-Pose-Estimation\\CAD_to_PointCloud_conversion\\pointnet2\\result\\eval1_real_newmask_height_auto_boxexpand100\\train\\marker_points\\aug_000025_marker.xyz",
  "image_size": 512,
  "point_radius": 2,
  "view_margin": 1.2,
  "plane_fit_q": 0.8,
  "height_mode": "adaptive",
  "top_candidate_q": 0.85,
  "height_band_m": 0.03,
  "basis_mode": "global",
  "plane_refine_enabled": true,
  "flip_x": true,
  "align_2d": false,
  "align_method": "none",
  "color_mode": "raw_z",
  "color_ref": "marker_all_raw_z",
  "invert_jet": false,
  "color_min": 0.10189786,
  "color_max": 0.310834,
  "color_q_min": 0.02,
  "color_q_max": 0.98,
  "plane_center": [
    -0.27338994335937516,
    2.663080097656251,
    0.30943814778645823
  ],
  "plane_normal": [
    0.007722870182409093,
    -0.007499350602267961,
    0.9999420568286395
  ],
  "marker_origin": [
    -0.27338994335937516,
    2.663080097656251,
    0.30943814778645823
  ],
  "image_u_axis_3d": [
    -0.9999701781924029,
    -5.791823838013242e-05,
    0.007722652998275128
  ],
  "image_v_axis_3d": [
    0.0,
    0.9999718777965819,
    0.007499574253120899
  ],
  "u_min": -1.209034527526945,
  "u_max": 0.5261765387559885,
  "v_min": -1.235449399867241,
  "v_max": 0.499674097270709,
  "pixel_size_u_m": 0.0033957163723736467,
  "pixel_size_v_m": 0.003395545004183855,
  "back_projection_note": {
    "pixel_to_uv": "u = u_min + px * pixel_size_u_m, v = v_max - py * pixel_size_v_m",
    "flip_x_note": "if flip_x is true, saved uv and image_u_axis_3d are already mirrored, so use the same pixel_to_uv formula",
    "point_on_plane_3d": "marker_origin + u * image_u_axis_3d + v * image_v_axis_3d",
    "direction_3d": "du * image_u_axis_3d + dv * image_v_axis_3d"
  },
  "debug": {
    "total_points": 100000,
    "basis_mode": "global",
    "height_mode": "adaptive",
    "top_candidate_q": 0.85,
    "height_band_m_input": 0.03,
    "height_band_m_used": 0.016041387936196402,
    "id_height_center": 0.0063890989530869784,
    "top_id_points": 25862,
    "selected_height_min": -0.00955014902408873,
    "selected_height_max": 0.015025023124336073,
    "height_min": -0.2196786915789418,
    "height_mean": -0.14477565858638994,
    "height_max": 0.015025023124336073,
    "height_q50": -0.19539723687252655,
    "height_q70": -0.1899708817401331,
    "height_q80": 0.0019422080925198793,
    "height_q85": 0.0040418469827087815,
    "height_q90": 0.007211186550077884,
    "height_q95": 0.010479314527495497,
    "height_q99": 0.013596370917472539,
    "layer_selection": {
      "height_mode": "adaptive",
      "status": "adaptive_ok",
      "adaptive_search_q": 0.6,
      "adaptive_upper_q": 0.995,
      "adaptive_bins": 64,
      "adaptive_min_points": 300,
      "adaptive_chosen_bin": 63,
      "adaptive_bin_count": 4070,
      "adaptive_layer_bin_left": 59,
      "adaptive_layer_bin_right": 63,
      "adaptive_layer_lo": -0.0021750575619897405,
      "adaptive_layer_hi": 0.014035473032303274,
      "adaptive_layer_points": 24320,
      "adaptive_mad": 0.003606589310714601,
      "adaptive_robust_sigma": 0.005347129312065467,
      "id_height_center": 0.0063890989530869784,
      "height_band_m": 0.016041387936196402,
      "selected_height_min": -0.00955014902408873,
      "selected_height_max": 0.015025023124336073,
      "selected_points": 25862,
      "selected_ratio": 0.25862
    },
    "plane_estimation": {
      "plane_refine_used": true,
      "coarse_plane_points": 100000,
      "coarse_plane_center": [
        0.06984627159000024,
        2.302426238729982,
        0.15929835116025123
      ],
      "coarse_plane_normal": [
        0.007083372925733862,
        -0.007775814735029748,
        0.9999446797354348
      ],
      "coarse_id_layer": {
        "height_mode": "adaptive",
        "status": "adaptive_ok",
        "adaptive_search_q": 0.6,
        "adaptive_upper_q": 0.995,
        "adaptive_bins": 64,
        "adaptive_min_points": 300,
        "adaptive_chosen_bin": 63,
        "adaptive_bin_count": 4389,
        "adaptive_layer_bin_left": 59,
        "adaptive_layer_bin_right": 63,
        "adaptive_layer_lo": 0.1424545202946063,
        "adaptive_layer_hi": 0.15866486921952366,
        "adaptive_layer_points": 24374,
        "adaptive_mad": 0.0035272786034408754,
        "adaptive_robust_sigma": 0.005229543257461442,
        "id_height_center": 0.15098636167998686,
        "height_band_m": 0.015688629772384326,
        "selected_height_min": 0.13534413604871337,
        "selected_height_max": 0.15963902957168233,
        "selected_points": 25860,
        "selected_ratio": 0.2586
      },
      "plate_support": {
        "plate_status": "ok",
        "plate_lower": -0.05534588230455299,
        "plate_upper": 0.14598636167998685,
        "plate_lo": 0.14284054536772844,
        "plate_hi": 0.14598636167998685,
        "plate_bins": 64,
        "plate_chosen_bin": 63,
        "plate_bin_count": 3072,
        "plate_left_bin": 63,
        "plate_right_bin": 63,
        "plate_points": 3072,
        "plate_min_points": 500,
        "plane_refine_angle_deg": 0.039918346541135304
      }
    }
  }
}