{
  "source_file": "/Users/hajiwan/Desktop/object_detection/result/eval1_real_newmask_height_auto_boxexpand100/val/marker_points/1_19_2026_163055_complete_denoise_marker.xyz",
  "projection_mode": "manual_view_same_cut",
  "capture_image": false,
  "note": "수동 view 방향만 사용하고, top_id 선택은 기존 make_top_id_projection.py의 select_top_id_layer를 그대로 사용함.",
  "image_size": 512,
  "point_radius": 2,
  "view_margin": 1.2,
  "height_mode": "adaptive",
  "top_candidate_q": 0.85,
  "height_band_m": 0.03,
  "adaptive_search_q": 0.6,
  "adaptive_upper_q": 0.995,
  "adaptive_bins": 64,
  "adaptive_min_points": 20,
  "adaptive_min_ratio": 0.003,
  "adaptive_neighbor_ratio": 0.35,
  "adaptive_band_scale": 2.5,
  "adaptive_min_band_m": 0.01,
  "adaptive_max_band_m": 0.06,
  "adaptive_max_selected_ratio": 0.35,
  "manual_normal_from_view": "back",
  "manual_front_3d": [
    0.0,
    0.0,
    -0.9999999999989999
  ],
  "manual_up_3d": [
    0.0,
    0.9999999999989999,
    0.0
  ],
  "manual_lookat_3d": [
    -0.9664360416046254,
    0.561876663191342,
    -1.4946663191343301
  ],
  "plane_center": [
    -0.9664360416046254,
    0.561876663191342,
    -1.4946663191343301
  ],
  "plane_normal": [
    -0.0,
    -0.0,
    0.9999999999989999
  ],
  "marker_origin": [
    -0.9664360416046254,
    0.561876663191342,
    -1.4946663191343301
  ],
  "image_u_axis_3d": [
    0.999999999999,
    0.0,
    0.0
  ],
  "image_v_axis_3d": [
    -0.0,
    0.999999999999,
    0.0
  ],
  "u_min": -0.6387639583947358,
  "u_max": 0.4076360416042177,
  "v_min": -0.4591766631908828,
  "v_max": 0.5044233368081535,
  "pixel_size_u_m": 0.0020477495107611614,
  "pixel_size_v_m": 0.0018857142857123998,
  "color_mode": "raw_z",
  "color_ref": "marker_all_raw_z",
  "invert_jet": false,
  "color_min": -1.589,
  "color_max": -1.378,
  "color_q_min": 0.02,
  "color_q_max": 0.98,
  "debug": {
    "total_points": 80568,
    "top_id_points": 25156,
    "id_height_center": 0.08766631913424242,
    "height_band_m_used": 0.04818449999995143,
    "selected_height_min": 0.03966631913429038,
    "selected_height_max": 0.12966631913420046,
    "height_min": -0.10733368086556262,
    "height_max": 0.12966631913420046,
    "layer_selection": {
      "height_mode": "adaptive",
      "status": "adaptive_ok",
      "adaptive_search_q": 0.6,
      "adaptive_upper_q": 0.995,
      "adaptive_bins": 64,
      "adaptive_min_points": 242,
      "adaptive_chosen_bin": 62,
      "adaptive_bin_count": 315,
      "adaptive_layer_bin_left": 23,
      "adaptive_layer_bin_right": 63,
      "adaptive_layer_lo": 0.04722881913428286,
      "adaptive_layer_hi": 0.12666631913420334,
      "adaptive_layer_points": 24518,
      "adaptive_mad": 0.012999999999986897,
      "adaptive_robust_sigma": 0.019273799999980572,
      "id_height_center": 0.08766631913424242,
      "height_band_m": 0.04818449999995143,
      "selected_height_min": 0.03966631913429038,
      "selected_height_max": 0.12966631913420046,
      "selected_points": 25156,
      "selected_ratio": 0.312233144672823
    }
  }
}