{
  "front": [
    0.0,
    0.0,
    -0.9999999999989999
  ],
  "up": [
    0.0,
    0.9999999999989999,
    0.0
  ],
  "lookat": [
    -0.9738965700258754,
    0.5635530418629359,
    -1.4846412791083223
  ],
  "normal_from_view": "back",
  "normal": [
    -0.0,
    -0.0,
    0.9999999999989999
  ],
  "u_axis": [
    0.999999999999,
    0.0,
    0.0
  ],
  "v_axis": [
    -0.0,
    0.999999999999,
    0.0
  ]
}