{
  "source_file": "/Users/hajiwan/Desktop/object_detection/result/eval1_real_newmask_height_auto_boxexpand100/val/marker_points/1_19_2026_164325_complete_denoise_marker.xyz",
  "projection_mode": "manual_view_same_cut",
  "capture_image": false,
  "note": "수동 view 방향만 사용하고, top_id 선택은 기존 make_top_id_projection.py의 select_top_id_layer를 그대로 사용함.",
  "image_size": 512,
  "point_radius": 2,
  "view_margin": 1.2,
  "height_mode": "adaptive",
  "top_candidate_q": 0.85,
  "height_band_m": 0.03,
  "adaptive_search_q": 0.6,
  "adaptive_upper_q": 0.995,
  "adaptive_bins": 64,
  "adaptive_min_points": 20,
  "adaptive_min_ratio": 0.003,
  "adaptive_neighbor_ratio": 0.35,
  "adaptive_band_scale": 2.5,
  "adaptive_min_band_m": 0.01,
  "adaptive_max_band_m": 0.06,
  "adaptive_max_selected_ratio": 0.35,
  "manual_normal_from_view": "back",
  "manual_front_3d": [
    0.0,
    0.0,
    -0.9999999999989999
  ],
  "manual_up_3d": [
    0.0,
    0.9999999999989999,
    0.0
  ],
  "manual_lookat_3d": [
    -1.574567091888945,
    1.1118770038884016,
    -1.4833203492734826
  ],
  "plane_center": [
    -1.574567091888945,
    1.1118770038884016,
    -1.4833203492734826
  ],
  "plane_normal": [
    -0.0,
    -0.0,
    0.9999999999989999
  ],
  "marker_origin": [
    -1.574567091888945,
    1.1118770038884016,
    -1.4833203492734826
  ],
  "image_u_axis_3d": [
    0.999999999999,
    0.0,
    0.0
  ],
  "image_v_axis_3d": [
    -0.0,
    0.999999999999,
    0.0
  ],
  "u_min": -0.39043290811066456,
  "u_max": 0.4375670918885075,
  "v_min": -0.3890770038880125,
  "v_max": 0.4893229961111091,
  "pixel_size_u_m": 0.0016203522504876166,
  "pixel_size_v_m": 0.001718982387473819,
  "color_mode": "raw_z",
  "color_ref": "marker_all_raw_z",
  "invert_jet": false,
  "color_min": -1.622,
  "color_max": -1.303,
  "color_q_min": 0.02,
  "color_q_max": 0.98,
  "debug": {
    "total_points": 14659,
    "top_id_points": 4257,
    "id_height_center": 0.0863203492733962,
    "height_band_m_used": 0.06,
    "selected_height_min": 0.026320349273456157,
    "selected_height_max": 0.14632034927333626,
    "height_min": -0.14067965072637686,
    "height_max": 0.26632034927321613,
    "layer_selection": {
      "height_mode": "adaptive",
      "status": "adaptive_ok",
      "adaptive_search_q": 0.6,
      "adaptive_upper_q": 0.995,
      "adaptive_bins": 64,
      "adaptive_min_points": 44,
      "adaptive_chosen_bin": 41,
      "adaptive_bin_count": 56,
      "adaptive_layer_bin_left": 0,
      "adaptive_layer_bin_right": 43,
      "adaptive_layer_lo": 0.010320349273472144,
      "adaptive_layer_hi": 0.1760078492733065,
      "adaptive_layer_points": 5680,
      "adaptive_mad": 0.04199999999995803,
      "adaptive_robust_sigma": 0.06226919999993777,
      "id_height_center": 0.0863203492733962,
      "height_band_m": 0.06,
      "selected_height_min": 0.026320349273456157,
      "selected_height_max": 0.14632034927333626,
      "selected_points": 4257,
      "selected_ratio": 0.29040180094140117
    }
  }
}