{
  "source_file": "/Users/hajiwan/Desktop/object_detection/result/eval1_real_newmask_height_auto_boxexpand100/val/marker_points/1_19_2026_164738_complete_denoise_marker.xyz",
  "projection_mode": "manual_view_same_cut",
  "capture_image": false,
  "note": "수동 view 방향만 사용하고, top_id 선택은 기존 make_top_id_projection.py의 select_top_id_layer를 그대로 사용함.",
  "image_size": 512,
  "point_radius": 2,
  "view_margin": 1.2,
  "height_mode": "adaptive",
  "top_candidate_q": 0.85,
  "height_band_m": 0.03,
  "adaptive_search_q": 0.6,
  "adaptive_upper_q": 0.995,
  "adaptive_bins": 64,
  "adaptive_min_points": 20,
  "adaptive_min_ratio": 0.003,
  "adaptive_neighbor_ratio": 0.35,
  "adaptive_band_scale": 2.5,
  "adaptive_min_band_m": 0.01,
  "adaptive_max_band_m": 0.06,
  "adaptive_max_selected_ratio": 0.35,
  "manual_normal_from_view": "back",
  "manual_front_3d": [
    0.0,
    0.0,
    -0.9999999999989999
  ],
  "manual_up_3d": [
    0.0,
    0.9999999999989999,
    0.0
  ],
  "manual_lookat_3d": [
    -1.0923621305841924,
    0.5727138487972502,
    -1.48908347079039
  ],
  "plane_center": [
    -1.0923621305841924,
    0.5727138487972502,
    -1.48908347079039
  ],
  "plane_normal": [
    -0.0,
    -0.0,
    0.9999999999989999
  ],
  "marker_origin": [
    -1.0923621305841924,
    0.5727138487972502,
    -1.48908347079039
  ],
  "image_u_axis_3d": [
    0.999999999999,
    0.0,
    0.0
  ],
  "image_v_axis_3d": [
    -0.0,
    0.999999999999,
    0.0
  ],
  "u_min": -0.5741378694152336,
  "u_max": 0.43986213058375256,
  "v_min": -0.41231384879683786,
  "v_max": 0.4588861512022908,
  "pixel_size_u_m": 0.001984344422698603,
  "pixel_size_v_m": 0.0017048923679043614,
  "color_mode": "raw_z",
  "color_ref": "marker_all_raw_z",
  "invert_jet": false,
  "color_min": -1.578,
  "color_max": -1.356,
  "color_q_min": 0.02,
  "color_q_max": 0.98,
  "debug": {
    "total_points": 29100,
    "top_id_points": 9511,
    "id_height_center": 0.10208347079028783,
    "height_band_m_used": 0.06,
    "selected_height_min": 0.04208347079034779,
    "selected_height_max": 0.16108347079022878,
    "height_min": -0.11291652920949723,
    "height_max": 0.1660834707902239,
    "layer_selection": {
      "height_mode": "adaptive",
      "status": "adaptive_ok",
      "adaptive_search_q": 0.6,
      "adaptive_upper_q": 0.995,
      "adaptive_bins": 64,
      "adaptive_min_points": 88,
      "adaptive_chosen_bin": 60,
      "adaptive_bin_count": 187,
      "adaptive_layer_bin_left": 25,
      "adaptive_layer_bin_right": 60,
      "adaptive_layer_lo": 0.05528659579033466,
      "adaptive_layer_hi": 0.13909909579025084,
      "adaptive_layer_points": 9078,
      "adaptive_mad": 0.01999999999998002,
      "adaptive_robust_sigma": 0.029651999999970376,
      "id_height_center": 0.10208347079028783,
      "height_band_m": 0.06,
      "selected_height_min": 0.04208347079034779,
      "selected_height_max": 0.16108347079022878,
      "selected_points": 9511,
      "selected_ratio": 0.3268384879725086
    }
  }
}