{
  "source_file": "/Users/hajiwan/Desktop/object_detection/result/eval1_real_newmask_height_auto_boxexpand100/val/marker_points/1_19_2026_164154_complete_denoise_marker.xyz",
  "projection_mode": "manual_view_same_cut",
  "capture_image": false,
  "note": "수동 view 방향만 사용하고, top_id 선택은 기존 make_top_id_projection.py의 select_top_id_layer를 그대로 사용함.",
  "image_size": 512,
  "point_radius": 2,
  "view_margin": 1.2,
  "height_mode": "adaptive",
  "top_candidate_q": 0.85,
  "height_band_m": 0.03,
  "adaptive_search_q": 0.6,
  "adaptive_upper_q": 0.995,
  "adaptive_bins": 64,
  "adaptive_min_points": 20,
  "adaptive_min_ratio": 0.003,
  "adaptive_neighbor_ratio": 0.35,
  "adaptive_band_scale": 2.5,
  "adaptive_min_band_m": 0.01,
  "adaptive_max_band_m": 0.06,
  "adaptive_max_selected_ratio": 0.35,
  "manual_normal_from_view": "back",
  "manual_front_3d": [
    0.0,
    0.0,
    -0.9999999999989999
  ],
  "manual_up_3d": [
    0.0,
    0.9999999999989999,
    0.0
  ],
  "manual_lookat_3d": [
    -1.299037482806056,
    1.067605226960108,
    -1.4878924232003419
  ],
  "plane_center": [
    -1.299037482806056,
    1.067605226960108,
    -1.4878924232003419
  ],
  "plane_normal": [
    -0.0,
    -0.0,
    0.9999999999989999
  ],
  "marker_origin": [
    -1.299037482806056,
    1.067605226960108,
    -1.4878924232003419
  ],
  "image_u_axis_3d": [
    0.999999999999,
    0.0,
    0.0
  ],
  "image_v_axis_3d": [
    -0.0,
    0.999999999999,
    0.0
  ],
  "u_min": -0.48566251719345843,
  "u_max": 0.4227374828056333,
  "v_min": -0.39380522695971415,
  "v_max": 0.5325947730393594,
  "pixel_size_u_m": 0.0017776908023465592,
  "pixel_size_v_m": 0.0018129158512702026,
  "color_mode": "raw_z",
  "color_ref": "marker_all_raw_z",
  "invert_jet": false,
  "color_min": -1.619,
  "color_max": -1.315,
  "color_q_min": 0.02,
  "color_q_max": 0.98,
  "debug": {
    "total_points": 17448,
    "top_id_points": 4797,
    "id_height_center": 0.09289242320024896,
    "height_band_m_used": 0.06,
    "selected_height_min": 0.032892423200308905,
    "selected_height_max": 0.152892423200189,
    "height_min": -0.135107576799523,
    "height_max": 0.2768924232000649,
    "layer_selection": {
      "height_mode": "adaptive",
      "status": "adaptive_ok",
      "adaptive_search_q": 0.6,
      "adaptive_upper_q": 0.995,
      "adaptive_bins": 64,
      "adaptive_min_points": 53,
      "adaptive_chosen_bin": 34,
      "adaptive_bin_count": 103,
      "adaptive_layer_bin_left": 0,
      "adaptive_layer_bin_right": 34,
      "adaptive_layer_lo": -0.01610757679964202,
      "adaptive_layer_hi": 0.14193929820019988,
      "adaptive_layer_points": 6528,
      "adaptive_mad": 0.02899999999997091,
      "adaptive_robust_sigma": 0.04299539999995687,
      "id_height_center": 0.09289242320024896,
      "height_band_m": 0.06,
      "selected_height_min": 0.032892423200308905,
      "selected_height_max": 0.152892423200189,
      "selected_points": 4797,
      "selected_ratio": 0.2749312242090784
    }
  }
}