{
  "source": "open3d_extrinsic",
  "normal_from_view": "back",
  "extrinsic": [
    [
      0.8832119210168461,
      0.45690457119794314,
      -0.10571147237720267,
      0.7173176615039183
    ],
    [
      0.4501546844569241,
      -0.8891657331488075,
      -0.08212830849001439,
      0.9684937228579267
    ],
    [
      -0.13151981841235774,
      0.024950186619893237,
      -0.990999508351247,
      0.035880105204421614
    ],
    [
      0.0,
      0.0,
      0.0,
      1.0
    ]
  ],
  "lookat": [
    -1.1877349002615372,
    0.5824318079776489,
    -1.4948854094655413
  ],
  "normal": [
    0.1315198184122262,
    -0.024950186619868284,
    0.9909995083502559
  ],
  "u_axis": [
    0.883211921015963,
    0.4569045711974863,
    -0.10571147237709698
  ],
  "v_axis": [
    -0.4501546844564739,
    0.8891657331479182,
    0.08212830848993224
  ],
  "camera_right": [
    0.8832119210159628,
    0.4569045711974862,
    -0.10571147237709695
  ],
  "camera_up": [
    -0.4501546844564739,
    0.8891657331479182,
    0.08212830848993226
  ],
  "camera_view": [
    -0.1315198184122262,
    0.024950186619868284,
    -0.9909995083502559
  ]
}