{
  "front": [
    0.0,
    0.0,
    -0.9999999999989999
  ],
  "up": [
    0.0,
    0.9999999999989999,
    0.0
  ],
  "lookat": [
    -0.6801865830538213,
    0.8118571678576655,
    -1.531539711244
  ],
  "normal_from_view": "back",
  "normal": [
    -0.0,
    -0.0,
    0.9999999999989999
  ],
  "u_axis": [
    0.999999999999,
    0.0,
    0.0
  ],
  "v_axis": [
    -0.0,
    0.999999999999,
    0.0
  ]
}