{
  "front": [
    0.0,
    0.0,
    -0.9999999999989999
  ],
  "up": [
    0.0,
    0.9999999999989999,
    0.0
  ],
  "lookat": [
    -1.0923621305841924,
    0.5727138487972502,
    -1.48908347079039
  ],
  "normal_from_view": "back",
  "normal": [
    -0.0,
    -0.0,
    0.9999999999989999
  ],
  "u_axis": [
    0.999999999999,
    0.0,
    0.0
  ],
  "v_axis": [
    -0.0,
    0.999999999999,
    0.0
  ]
}