{
  "front": [
    0.0,
    0.0,
    -0.9999999999989999
  ],
  "up": [
    0.0,
    0.9999999999989999,
    0.0
  ],
  "lookat": [
    -1.574567091888945,
    1.1118770038884016,
    -1.4833203492734826
  ],
  "normal_from_view": "back",
  "normal": [
    -0.0,
    -0.0,
    0.9999999999989999
  ],
  "u_axis": [
    0.999999999999,
    0.0,
    0.0
  ],
  "v_axis": [
    -0.0,
    0.999999999999,
    0.0
  ]
}