{
  "front": [
    0.0,
    0.0,
    -0.9999999999989999
  ],
  "up": [
    0.0,
    0.9999999999989999,
    0.0
  ],
  "lookat": [
    -0.9638511663111572,
    0.5617650175462734,
    -1.494332691116777
  ],
  "normal_from_view": "back",
  "normal": [
    -0.0,
    -0.0,
    0.9999999999989999
  ],
  "u_axis": [
    0.999999999999,
    0.0,
    0.0
  ],
  "v_axis": [
    -0.0,
    0.999999999999,
    0.0
  ]
}