{
  "source_file": "/Users/hajiwan/Desktop/object_detection/result/eval1_real_newmask_height_auto_boxexpand100/val/marker_points/1_19_2026_163908_complete_denoise_marker.xyz",
  "projection_mode": "manual_view_same_cut",
  "capture_image": false,
  "note": "수동 view 방향만 사용하고, top_id 선택은 기존 make_top_id_projection.py의 select_top_id_layer를 그대로 사용함.",
  "image_size": 512,
  "point_radius": 2,
  "view_margin": 1.2,
  "height_mode": "adaptive",
  "top_candidate_q": 0.85,
  "height_band_m": 0.03,
  "adaptive_search_q": 0.6,
  "adaptive_upper_q": 0.995,
  "adaptive_bins": 64,
  "adaptive_min_points": 20,
  "adaptive_min_ratio": 0.003,
  "adaptive_neighbor_ratio": 0.35,
  "adaptive_band_scale": 2.5,
  "adaptive_min_band_m": 0.01,
  "adaptive_max_band_m": 0.06,
  "adaptive_max_selected_ratio": 0.35,
  "manual_normal_from_view": "back",
  "manual_front_3d": [
    0.0,
    0.0,
    -0.9999999999989999
  ],
  "manual_up_3d": [
    0.0,
    0.9999999999989999,
    0.0
  ],
  "manual_lookat_3d": [
    -0.6852582323399462,
    0.8122532703816211,
    -1.5267469100532547
  ],
  "plane_center": [
    -0.6852582323399462,
    0.8122532703816211,
    -1.5267469100532547
  ],
  "plane_normal": [
    -0.0,
    -0.0,
    0.9999999999989999
  ],
  "marker_origin": [
    -0.6852582323399462,
    0.8122532703816211,
    -1.5267469100532547
  ],
  "image_u_axis_3d": [
    0.999999999999,
    0.0,
    0.0
  ],
  "image_v_axis_3d": [
    -0.0,
    0.999999999999,
    0.0
  ],
  "u_min": -0.3976417676596562,
  "u_max": 0.33315823233961317,
  "v_min": -0.4336532703811874,
  "v_max": 0.42314672961795563,
  "pixel_size_u_m": 0.00143013698629994,
  "pixel_size_v_m": 0.0016767123287654462,
  "color_mode": "raw_z",
  "color_ref": "marker_all_raw_z",
  "invert_jet": false,
  "color_min": -1.606,
  "color_max": -1.404,
  "color_q_min": 0.02,
  "color_q_max": 0.98,
  "debug": {
    "total_points": 33253,
    "top_id_points": 10983,
    "id_height_center": 0.08474691005316999,
    "height_band_m_used": 0.04077149999995966,
    "selected_height_min": 0.04474691005320996,
    "selected_height_max": 0.12474691005313002,
    "height_min": -0.08125308994666415,
    "height_max": 0.20974691005304497,
    "layer_selection": {
      "height_mode": "adaptive",
      "status": "adaptive_ok",
      "adaptive_search_q": 0.6,
      "adaptive_upper_q": 0.995,
      "adaptive_bins": 64,
      "adaptive_min_points": 100,
      "adaptive_chosen_bin": 45,
      "adaptive_bin_count": 126,
      "adaptive_layer_bin_left": 20,
      "adaptive_layer_bin_right": 46,
      "adaptive_layer_lo": 0.05099691005320365,
      "adaptive_layer_hi": 0.12693441005312767,
      "adaptive_layer_points": 10905,
      "adaptive_mad": 0.010999999999989116,
      "adaptive_robust_sigma": 0.016308599999983863,
      "id_height_center": 0.08474691005316999,
      "height_band_m": 0.04077149999995966,
      "selected_height_min": 0.04474691005320996,
      "selected_height_max": 0.12474691005313002,
      "selected_points": 10983,
      "selected_ratio": 0.33028598923405406
    }
  }
}