{
  "source_file": "C:\\Users\\gkwld\\Desktop\\3D-Marker-Pose-Estimation\\CAD_to_PointCloud_conversion\\pointnet2\\result\\eval1_real_newmask_height_auto_boxexpand100\\train\\marker_points\\aug_000098_marker.xyz",
  "image_size": 512,
  "point_radius": 2,
  "view_margin": 1.2,
  "plane_fit_q": 0.8,
  "height_mode": "adaptive",
  "top_candidate_q": 0.85,
  "height_band_m": 0.03,
  "basis_mode": "global",
  "plane_refine_enabled": true,
  "flip_x": true,
  "align_2d": false,
  "align_method": "none",
  "color_mode": "raw_z",
  "color_ref": "marker_all_raw_z",
  "invert_jet": false,
  "color_min": 0.10179098,
  "color_max": 0.310834,
  "color_q_min": 0.02,
  "color_q_max": 0.98,
  "plane_center": [
    3.8797765933987023,
    -7.124373232001902,
    0.30995244510884523
  ],
  "plane_normal": [
    0.009314712043158481,
    -0.00543608855847402,
    0.9999418408481253
  ],
  "marker_origin": [
    3.8797765933987023,
    -7.124373232001902,
    0.30995244510884523
  ],
  "image_u_axis_3d": [
    -0.9999566171277399,
    -5.063779637624444e-05,
    0.009314574400378835
  ],
  "image_v_axis_3d": [
    -6.77626357804118e-21,
    0.9999852230783204,
    0.005436324401835674
  ],
  "u_min": -1.2840708336984603,
  "u_max": 0.4660979486759457,
  "v_min": -1.1751496062360767,
  "v_max": 0.5755895041883858,
  "pixel_size_u_m": 0.003424987832435237,
  "pixel_size_v_m": 0.003426103934294447,
  "back_projection_note": {
    "pixel_to_uv": "u = u_min + px * pixel_size_u_m, v = v_max - py * pixel_size_v_m",
    "flip_x_note": "if flip_x is true, saved uv and image_u_axis_3d are already mirrored, so use the same pixel_to_uv formula",
    "point_on_plane_3d": "marker_origin + u * image_u_axis_3d + v * image_v_axis_3d",
    "direction_3d": "du * image_u_axis_3d + dv * image_v_axis_3d"
  },
  "debug": {
    "total_points": 100000,
    "basis_mode": "global",
    "height_mode": "adaptive",
    "top_candidate_q": 0.85,
    "height_band_m_input": 0.03,
    "height_band_m_used": 0.01609325417141575,
    "id_height_center": 0.006164805281441021,
    "top_id_points": 25904,
    "selected_height_min": -0.009927925329724554,
    "selected_height_max": 0.014452742080740986,
    "height_min": -0.22006119919627512,
    "height_mean": -0.14519804050761423,
    "height_max": 0.014452742080740986,
    "height_q50": -0.19567056172071667,
    "height_q70": -0.19050126455854166,
    "height_q80": 0.0013288171125755768,
    "height_q85": 0.003480608464123373,
    "height_q90": 0.007012320271823629,
    "height_q95": 0.00961051764327586,
    "height_q99": 0.013016069451054525,
    "layer_selection": {
      "height_mode": "adaptive",
      "status": "adaptive_ok",
      "adaptive_search_q": 0.6,
      "adaptive_upper_q": 0.995,
      "adaptive_bins": 64,
      "adaptive_min_points": 300,
      "adaptive_chosen_bin": 63,
      "adaptive_bin_count": 3756,
      "adaptive_layer_bin_left": 59,
      "adaptive_layer_bin_right": 63,
      "adaptive_layer_lo": -0.002709025147233951,
      "adaptive_layer_hi": 0.013482448315437687,
      "adaptive_layer_points": 24279,
      "adaptive_mad": 0.0036182504095093647,
      "adaptive_robust_sigma": 0.005364418057138584,
      "id_height_center": 0.006164805281441021,
      "height_band_m": 0.01609325417141575,
      "selected_height_min": -0.009927925329724554,
      "selected_height_max": 0.014452742080740986,
      "selected_points": 25904,
      "selected_ratio": 0.25904
    },
    "plane_estimation": {
      "plane_refine_used": true,
      "coarse_plane_points": 100000,
      "coarse_plane_center": [
        4.287017551469954,
        -7.417481583270022,
        0.1593589510002508
      ],
      "coarse_plane_normal": [
        0.009331573878448974,
        -0.0068531924633379055,
        0.9999329754938636
      ],
      "coarse_id_layer": {
        "height_mode": "adaptive",
        "status": "adaptive_ok",
        "adaptive_search_q": 0.6,
        "adaptive_upper_q": 0.995,
        "adaptive_bins": 64,
        "adaptive_min_points": 300,
        "adaptive_chosen_bin": 63,
        "adaptive_bin_count": 3704,
        "adaptive_layer_bin_left": 59,
        "adaptive_layer_bin_right": 63,
        "adaptive_layer_lo": 0.14309587310929817,
        "adaptive_layer_hi": 0.15932087621912533,
        "adaptive_layer_points": 23993,
        "adaptive_mad": 0.0038290897404807955,
        "adaptive_robust_sigma": 0.005677008449236827,
        "id_height_center": 0.15110521198516308,
        "height_band_m": 0.017031025347710484,
        "selected_height_min": 0.1340784540163588,
        "selected_height_max": 0.16037925859250568,
        "selected_points": 25948,
        "selected_ratio": 0.25948
      },
      "plate_support": {
        "plate_status": "ok",
        "plate_lower": -0.05561677350709194,
        "plate_upper": 0.14610521198516307,
        "plate_lo": 0.14295330596184658,
        "plate_hi": 0.14610521198516307,
        "plate_bins": 64,
        "plate_chosen_bin": 63,
        "plate_bin_count": 4181,
        "plate_left_bin": 63,
        "plate_right_bin": 63,
        "plate_points": 4181,
        "plate_min_points": 500,
        "plane_refine_angle_deg": 0.08120149683202976
      }
    }
  }
}