{
  "source_file": "C:\\Users\\gkwld\\Desktop\\3D-Marker-Pose-Estimation\\CAD_to_PointCloud_conversion\\pointnet2\\result\\eval1_real_newmask_height_auto_boxexpand100\\train\\marker_points\\aug_000092_marker.xyz",
  "image_size": 512,
  "point_radius": 2,
  "view_margin": 1.2,
  "plane_fit_q": 0.8,
  "height_mode": "adaptive",
  "top_candidate_q": 0.85,
  "height_band_m": 0.03,
  "basis_mode": "global",
  "plane_refine_enabled": true,
  "flip_x": true,
  "align_2d": false,
  "align_method": "none",
  "color_mode": "raw_z",
  "color_ref": "marker_all_raw_z",
  "invert_jet": false,
  "color_min": 0.10168394,
  "color_max": 0.310834,
  "color_q_min": 0.02,
  "color_q_max": 0.98,
  "plane_center": [
    -2.251412399585916,
    -6.220362737651581,
    0.30970509464655627
  ],
  "plane_normal": [
    0.006254950384664794,
    -0.009062281267723953,
    0.9999393734881681
  ],
  "marker_origin": [
    -2.251412399585916,
    -6.220362737651581,
    0.30970509464655627
  ],
  "image_u_axis_3d": [
    -0.9999804376054992,
    -5.6685228600181384e-05,
    0.006254693525611012
  ],
  "image_v_axis_3d": [
    -6.77626357804118e-21,
    0.999958935078341,
    0.009062458551104218
  ],
  "u_min": -1.2640486690222437,
  "u_max": 0.7062978174751782,
  "v_min": -1.4219568855717237,
  "v_max": 0.547990244788708,
  "pixel_size_u_m": 0.0038558639657483794,
  "pixel_size_v_m": 0.0038550824468892987,
  "back_projection_note": {
    "pixel_to_uv": "u = u_min + px * pixel_size_u_m, v = v_max - py * pixel_size_v_m",
    "flip_x_note": "if flip_x is true, saved uv and image_u_axis_3d are already mirrored, so use the same pixel_to_uv formula",
    "point_on_plane_3d": "marker_origin + u * image_u_axis_3d + v * image_v_axis_3d",
    "direction_3d": "du * image_u_axis_3d + dv * image_v_axis_3d"
  },
  "debug": {
    "total_points": 100000,
    "basis_mode": "global",
    "height_mode": "adaptive",
    "top_candidate_q": 0.85,
    "height_band_m_input": 0.03,
    "height_band_m_used": 0.016299324260747247,
    "id_height_center": 0.006336795672166207,
    "top_id_points": 25659,
    "selected_height_min": -0.00993082268495526,
    "selected_height_max": 0.015269705628072642,
    "height_min": -0.21987591871711645,
    "height_mean": -0.1452533958868496,
    "height_max": 0.015269705628072642,
    "height_q50": -0.195359208060936,
    "height_q70": -0.1898723805998128,
    "height_q80": 0.0017455688178230752,
    "height_q85": 0.0038510343922151485,
    "height_q90": 0.007138515254039567,
    "height_q95": 0.010549548469767302,
    "height_q99": 0.013770572513098444,
    "layer_selection": {
      "height_mode": "adaptive",
      "status": "adaptive_ok",
      "adaptive_search_q": 0.6,
      "adaptive_upper_q": 0.995,
      "adaptive_bins": 64,
      "adaptive_min_points": 300,
      "adaptive_chosen_bin": 63,
      "adaptive_bin_count": 3948,
      "adaptive_layer_bin_left": 59,
      "adaptive_layer_bin_right": 63,
      "adaptive_layer_lo": -0.0019793098068791315,
      "adaptive_layer_hi": 0.014241111680033423,
      "adaptive_layer_points": 23992,
      "adaptive_mad": 0.0036645811998622345,
      "adaptive_robust_sigma": 0.005433108086915749,
      "id_height_center": 0.006336795672166207,
      "height_band_m": 0.016299324260747247,
      "selected_height_min": -0.00993082268495526,
      "selected_height_max": 0.015269705628072642,
      "selected_points": 25659,
      "selected_ratio": 0.25659
    },
    "plane_estimation": {
      "plane_refine_used": true,
      "coarse_plane_points": 100000,
      "coarse_plane_center": [
        -1.97261684668003,
        -6.65003656146009,
        0.15880487281025177
      ],
      "coarse_plane_normal": [
        0.005682611841227948,
        -0.009762255302720992,
        0.9999362011108841
      ],
      "coarse_id_layer": {
        "height_mode": "adaptive",
        "status": "adaptive_ok",
        "adaptive_search_q": 0.6,
        "adaptive_upper_q": 0.995,
        "adaptive_bins": 64,
        "adaptive_min_points": 300,
        "adaptive_chosen_bin": 63,
        "adaptive_bin_count": 4100,
        "adaptive_layer_bin_left": 59,
        "adaptive_layer_bin_right": 63,
        "adaptive_layer_lo": 0.1434561407473881,
        "adaptive_layer_hi": 0.15969096933573412,
        "adaptive_layer_points": 23929,
        "adaptive_mad": 0.0037509905051825443,
        "adaptive_robust_sigma": 0.00556121852298364,
        "id_height_center": 0.1513444294438169,
        "height_band_m": 0.01668365556895092,
        "selected_height_min": 0.1346820405227573,
        "selected_height_max": 0.16075537059803427,
        "selected_points": 25690,
        "selected_ratio": 0.2569
      },
      "plate_support": {
        "plate_status": "ok",
        "plate_lower": -0.05505438049045504,
        "plate_upper": 0.1463444294438169,
        "plate_lo": 0.14319757303859393,
        "plate_hi": 0.1463444294438169,
        "plate_bins": 64,
        "plate_chosen_bin": 63,
        "plate_bin_count": 3381,
        "plate_left_bin": 63,
        "plate_right_bin": 63,
        "plate_points": 3381,
        "plate_min_points": 500,
        "plane_refine_angle_deg": 0.051805942051599774
      }
    }
  }
}