{
  "source_file": "C:\\Users\\gkwld\\Desktop\\3D-Marker-Pose-Estimation\\CAD_to_PointCloud_conversion\\pointnet2\\result\\eval1_real_newmask_height_auto_boxexpand100\\train\\marker_points\\aug_000190_marker.xyz",
  "image_size": 512,
  "point_radius": 2,
  "view_margin": 1.2,
  "plane_fit_q": 0.8,
  "height_mode": "adaptive",
  "top_candidate_q": 0.85,
  "height_band_m": 0.03,
  "basis_mode": "global",
  "plane_refine_enabled": true,
  "flip_x": true,
  "align_2d": false,
  "align_method": "none",
  "color_mode": "raw_z",
  "color_ref": "marker_all_raw_z",
  "invert_jet": false,
  "color_min": 0.10328,
  "color_max": 0.312979,
  "color_q_min": 0.02,
  "color_q_max": 0.98,
  "plane_center": [
    6.397212379732299,
    -8.816506426581922,
    0.312585055976168
  ],
  "plane_normal": [
    -0.003665802197959908,
    -0.003794712429745268,
    0.9999860809280402
  ],
  "marker_origin": [
    6.397212379732299,
    -8.816506426581922,
    0.312585055976168
  ],
  "image_u_axis_3d": [
    -0.9999932809235497,
    1.3910758633008903e-05,
    -0.0036657758040158695
  ],
  "image_v_axis_3d": [
    1.6940658945102953e-21,
    0.9999927999551129,
    0.003794737926875713
  ],
  "u_min": -0.9613544311965156,
  "u_max": 1.2458908916864166,
  "v_min": -1.2460196141068223,
  "v_max": 0.9634005038783462,
  "pixel_size_u_m": 0.004319462471395171,
  "pixel_size_v_m": 0.004323718430499351,
  "back_projection_note": {
    "pixel_to_uv": "u = u_min + px * pixel_size_u_m, v = v_max - py * pixel_size_v_m",
    "flip_x_note": "if flip_x is true, saved uv and image_u_axis_3d are already mirrored, so use the same pixel_to_uv formula",
    "point_on_plane_3d": "marker_origin + u * image_u_axis_3d + v * image_v_axis_3d",
    "direction_3d": "du * image_u_axis_3d + dv * image_v_axis_3d"
  },
  "debug": {
    "total_points": 100000,
    "basis_mode": "global",
    "height_mode": "adaptive",
    "top_candidate_q": 0.85,
    "height_band_m_input": 0.03,
    "height_band_m_used": 0.015,
    "id_height_center": 0.0008132195867205348,
    "top_id_points": 25924,
    "selected_height_min": -0.013509424641201823,
    "selected_height_max": 0.005088780912724802,
    "height_min": -0.21965706157189024,
    "height_mean": -0.15060076215123863,
    "height_max": 0.005088780912724802,
    "height_q50": -0.20222345171450073,
    "height_q70": -0.1997137981535876,
    "height_q80": -0.0009595189383091194,
    "height_q85": 0.0002676472018793506,
    "height_q90": 0.0010672305748787923,
    "height_q95": 0.0037036395277495883,
    "height_q99": 0.0044817313726375095,
    "layer_selection": {
      "height_mode": "adaptive",
      "status": "adaptive_ok",
      "adaptive_search_q": 0.6,
      "adaptive_upper_q": 0.995,
      "adaptive_bins": 64,
      "adaptive_min_points": 300,
      "adaptive_chosen_bin": 63,
      "adaptive_bin_count": 7376,
      "adaptive_layer_bin_left": 62,
      "adaptive_layer_bin_right": 63,
      "adaptive_layer_lo": -0.0017784553344814547,
      "adaptive_layer_hi": 0.004659990870815946,
      "adaptive_layer_points": 22279,
      "adaptive_mad": 0.0012558933140796168,
      "adaptive_robust_sigma": 0.0018619874274544397,
      "id_height_center": 0.0008132195867205348,
      "height_band_m": 0.015,
      "selected_height_min": -0.013509424641201823,
      "selected_height_max": 0.005088780912724802,
      "selected_points": 25924,
      "selected_ratio": 0.25924
    },
    "plane_estimation": {
      "plane_refine_used": true,
      "coarse_plane_points": 100000,
      "coarse_plane_center": [
        6.260456033130101,
        -8.956747583529937,
        0.16094868661022618
      ],
      "coarse_plane_normal": [
        -0.006196025190974771,
        -0.009101608372894646,
        0.9999393831602291
      ],
      "coarse_id_layer": {
        "height_mode": "adaptive",
        "status": "adaptive_ok",
        "adaptive_search_q": 0.6,
        "adaptive_upper_q": 0.995,
        "adaptive_bins": 64,
        "adaptive_min_points": 300,
        "adaptive_chosen_bin": 63,
        "adaptive_bin_count": 5502,
        "adaptive_layer_bin_left": 63,
        "adaptive_layer_bin_right": 63,
        "adaptive_layer_lo": 0.155913148989202,
        "adaptive_layer_hi": 0.15916187793142592,
        "adaptive_layer_points": 5502,
        "adaptive_mad": 0.0007028006183128488,
        "adaptive_robust_sigma": 0.0010419721967106295,
        "id_height_center": 0.15747634899213625,
        "height_band_m": 0.015,
        "selected_height_min": 0.14248290863561383,
        "selected_height_max": 0.16018895630905342,
        "selected_points": 24832,
        "selected_ratio": 0.24832
      },
      "plate_support": {
        "plate_status": "ok",
        "plate_lower": -0.05593652811797887,
        "plate_upper": 0.15247634899213625,
        "plate_lo": 0.14596344658244514,
        "plate_hi": 0.15247634899213625,
        "plate_bins": 64,
        "plate_chosen_bin": 63,
        "plate_bin_count": 8880,
        "plate_left_bin": 62,
        "plate_right_bin": 63,
        "plate_points": 14792,
        "plate_min_points": 500,
        "plane_refine_angle_deg": 0.3368653559042469
      }
    }
  }
}