{
  "source_file": "C:\\Users\\gkwld\\Desktop\\3D-Marker-Pose-Estimation\\CAD_to_PointCloud_conversion\\pointnet2\\result\\eval1_real_newmask_height_auto_boxexpand100\\train\\marker_points\\aug_000165_marker.xyz",
  "image_size": 512,
  "point_radius": 2,
  "view_margin": 1.2,
  "plane_fit_q": 0.8,
  "height_mode": "adaptive",
  "top_candidate_q": 0.85,
  "height_band_m": 0.03,
  "basis_mode": "global",
  "plane_refine_enabled": true,
  "flip_x": true,
  "align_2d": false,
  "align_method": "none",
  "color_mode": "raw_z",
  "color_ref": "marker_all_raw_z",
  "invert_jet": false,
  "color_min": 0.10319192,
  "color_max": 0.312979,
  "color_q_min": 0.02,
  "color_q_max": 0.98,
  "plane_center": [
    -3.5820118494574653,
    -5.22640509950052,
    0.3124684814261993
  ],
  "plane_normal": [
    0.0003449476920212072,
    -0.00448728686543053,
    0.9999898725815562
  ],
  "marker_origin": [
    -3.5820118494574653,
    -5.22640509950052,
    0.3124684814261993
  ],
  "image_u_axis_3d": [
    -0.9999999405045431,
    -1.5478793397560317e-06,
    0.00034494421911351295
  ],
  "image_v_axis_3d": [
    0.0,
    0.9999899320754142,
    0.004487287132399241
  ],
  "u_min": -1.0153488654299585,
  "u_max": 0.9086857060022584,
  "v_min": -1.1852775030593172,
  "v_max": 0.7390332381543752,
  "pixel_size_u_m": 0.003765233994974984,
  "pixel_size_v_m": 0.0037657744446451904,
  "back_projection_note": {
    "pixel_to_uv": "u = u_min + px * pixel_size_u_m, v = v_max - py * pixel_size_v_m",
    "flip_x_note": "if flip_x is true, saved uv and image_u_axis_3d are already mirrored, so use the same pixel_to_uv formula",
    "point_on_plane_3d": "marker_origin + u * image_u_axis_3d + v * image_v_axis_3d",
    "direction_3d": "du * image_u_axis_3d + dv * image_v_axis_3d"
  },
  "debug": {
    "total_points": 100000,
    "basis_mode": "global",
    "height_mode": "adaptive",
    "top_candidate_q": 0.85,
    "height_band_m_input": 0.03,
    "height_band_m_used": 0.015,
    "id_height_center": 0.0009124159669864956,
    "top_id_points": 25847,
    "selected_height_min": -0.012935667906720636,
    "selected_height_max": 0.004549383738082027,
    "height_min": -0.21883102354418227,
    "height_mean": -0.15067068080497317,
    "height_max": 0.004549383738082027,
    "height_q50": -0.20231274078566458,
    "height_q70": -0.20023383195953187,
    "height_q80": -0.000498021723845902,
    "height_q85": 0.00046681868702547105,
    "height_q90": 0.001195682464348913,
    "height_q95": 0.0034652474402272608,
    "height_q99": 0.004085800548973697,
    "layer_selection": {
      "height_mode": "adaptive",
      "status": "adaptive_ok",
      "adaptive_search_q": 0.6,
      "adaptive_upper_q": 0.995,
      "adaptive_bins": 64,
      "adaptive_min_points": 300,
      "adaptive_chosen_bin": 63,
      "adaptive_bin_count": 10784,
      "adaptive_layer_bin_left": 62,
      "adaptive_layer_bin_right": 63,
      "adaptive_layer_lo": -0.002201430527972642,
      "adaptive_layer_hi": 0.004229855140430859,
      "adaptive_layer_points": 22970,
      "adaptive_mad": 0.0010511296912325651,
      "adaptive_robust_sigma": 0.001558404880221401,
      "id_height_center": 0.0009124159669864956,
      "height_band_m": 0.015,
      "selected_height_min": -0.012935667906720636,
      "selected_height_max": 0.004549383738082027,
      "selected_points": 25847,
      "selected_ratio": 0.25847
    },
    "plane_estimation": {
      "plane_refine_used": true,
      "coarse_plane_points": 100000,
      "coarse_plane_center": [
        -3.526247886690018,
        -5.445778341230008,
        0.16079263822022602
      ],
      "coarse_plane_normal": [
        0.004058133260963613,
        -0.011094818695754747,
        0.9999302158403579
      ],
      "coarse_id_layer": {
        "height_mode": "adaptive",
        "status": "adaptive_ok",
        "adaptive_search_q": 0.6,
        "adaptive_upper_q": 0.995,
        "adaptive_bins": 64,
        "adaptive_min_points": 300,
        "adaptive_chosen_bin": 63,
        "adaptive_bin_count": 4959,
        "adaptive_layer_bin_left": 63,
        "adaptive_layer_bin_right": 63,
        "adaptive_layer_lo": 0.1567049080544609,
        "adaptive_layer_hi": 0.15995979741079547,
        "adaptive_layer_points": 4959,
        "adaptive_mad": 0.0007311144397126879,
        "adaptive_robust_sigma": 0.001083950268318031,
        "id_height_center": 0.15819618126345134,
        "height_band_m": 0.015,
        "selected_height_min": 0.14322235107832437,
        "selected_height_max": 0.1610540092432309,
        "selected_points": 24629,
        "selected_ratio": 0.24629
      },
      "plate_support": {
        "plate_status": "ok",
        "plate_lower": -0.055821827376475085,
        "plate_upper": 0.15319618126345133,
        "plate_lo": 0.14339846210845478,
        "plate_hi": 0.15319618126345133,
        "plate_bins": 64,
        "plate_chosen_bin": 63,
        "plate_bin_count": 7912,
        "plate_left_bin": 61,
        "plate_right_bin": 63,
        "plate_points": 17417,
        "plate_min_points": 500,
        "plane_refine_angle_deg": 0.43428183353647454
      }
    }
  }
}