{
  "source_file": "C:\\Users\\gkwld\\Desktop\\3D-Marker-Pose-Estimation\\CAD_to_PointCloud_conversion\\pointnet2\\result\\eval1_real_newmask_height_auto_boxexpand100\\train\\marker_points\\aug_000036_marker.xyz",
  "image_size": 512,
  "point_radius": 2,
  "view_margin": 1.2,
  "plane_fit_q": 0.8,
  "height_mode": "adaptive",
  "top_candidate_q": 0.85,
  "height_band_m": 0.03,
  "basis_mode": "global",
  "plane_refine_enabled": true,
  "flip_x": true,
  "align_2d": false,
  "align_method": "none",
  "color_mode": "raw_z",
  "color_ref": "marker_all_raw_z",
  "invert_jet": false,
  "color_min": 0.101985,
  "color_max": 0.310834,
  "color_q_min": 0.02,
  "color_q_max": 0.98,
  "plane_center": [
    8.42398913092931,
    2.689340540900273,
    0.30997512173283603
  ],
  "plane_normal": [
    0.007458080485401819,
    0.0077778750958348445,
    0.999941939160703
  ],
  "marker_origin": [
    8.42398913092931,
    2.689340540900273,
    0.30997512173283603
  ],
  "image_u_axis_3d": [
    -0.9999721881299867,
    5.8009631826362524e-05,
    0.0074578548798648735
  ],
  "image_v_axis_3d": [
    6.77626357804118e-21,
    0.9999697501884126,
    -0.007778091419094566
  ],
  "u_min": -1.3427418296540017,
  "u_max": 0.5584857384553361,
  "v_min": -0.6287609508349588,
  "v_max": 1.2725384810409426,
  "pixel_size_u_m": 0.0037206018945388215,
  "pixel_size_v_m": 0.0037207425281328794,
  "back_projection_note": {
    "pixel_to_uv": "u = u_min + px * pixel_size_u_m, v = v_max - py * pixel_size_v_m",
    "flip_x_note": "if flip_x is true, saved uv and image_u_axis_3d are already mirrored, so use the same pixel_to_uv formula",
    "point_on_plane_3d": "marker_origin + u * image_u_axis_3d + v * image_v_axis_3d",
    "direction_3d": "du * image_u_axis_3d + dv * image_v_axis_3d"
  },
  "debug": {
    "total_points": 100000,
    "basis_mode": "global",
    "height_mode": "adaptive",
    "top_candidate_q": 0.85,
    "height_band_m_input": 0.03,
    "height_band_m_used": 0.016152225144843123,
    "id_height_center": 0.0062332429978390344,
    "top_id_points": 25806,
    "selected_height_min": -0.009910738045182737,
    "selected_height_max": 0.014387967761341328,
    "height_min": -0.22005424421910028,
    "height_mean": -0.14537316397524666,
    "height_max": 0.014387967761341328,
    "height_q50": -0.19562435327974492,
    "height_q70": -0.19051163849650962,
    "height_q80": 0.0013414544277480487,
    "height_q85": 0.003478751812498678,
    "height_q90": 0.007070693424236699,
    "height_q95": 0.00953833955177276,
    "height_q99": 0.012936425683979279,
    "layer_selection": {
      "height_mode": "adaptive",
      "status": "adaptive_ok",
      "adaptive_search_q": 0.6,
      "adaptive_upper_q": 0.995,
      "adaptive_bins": 64,
      "adaptive_min_points": 300,
      "adaptive_chosen_bin": 63,
      "adaptive_bin_count": 3819,
      "adaptive_layer_bin_left": 59,
      "adaptive_layer_bin_right": 63,
      "adaptive_layer_lo": -0.002834944110483295,
      "adaptive_layer_hi": 0.013347176273412632,
      "adaptive_layer_points": 24253,
      "adaptive_mad": 0.0036315088683940653,
      "adaptive_robust_sigma": 0.005384075048281041,
      "id_height_center": 0.0062332429978390344,
      "height_band_m": 0.016152225144843123,
      "selected_height_min": -0.009910738045182737,
      "selected_height_max": 0.014387967761341328,
      "selected_points": 25806,
      "selected_ratio": 0.25806
    },
    "plane_estimation": {
      "plane_refine_used": true,
      "coarse_plane_points": 100000,
      "coarse_plane_center": [
        8.810017808520088,
        3.014729576019952,
        0.15918333444025365
      ],
      "coarse_plane_normal": [
        0.009089982605039706,
        0.007300788313356427,
        0.9999320330423682
      ],
      "coarse_id_layer": {
        "height_mode": "adaptive",
        "status": "adaptive_ok",
        "adaptive_search_q": 0.6,
        "adaptive_upper_q": 0.995,
        "adaptive_bins": 64,
        "adaptive_min_points": 300,
        "adaptive_chosen_bin": 63,
        "adaptive_bin_count": 3846,
        "adaptive_layer_bin_left": 59,
        "adaptive_layer_bin_right": 63,
        "adaptive_layer_lo": 0.14320772421498454,
        "adaptive_layer_hi": 0.15942952783185535,
        "adaptive_layer_points": 23932,
        "adaptive_mad": 0.0038527294868249268,
        "adaptive_robust_sigma": 0.005712056737166636,
        "id_height_center": 0.1512861688130108,
        "height_band_m": 0.017136170211499907,
        "selected_height_min": 0.13416545206071454,
        "selected_height_max": 0.16059337275535326,
        "selected_points": 25857,
        "selected_ratio": 0.25857
      },
      "plate_support": {
        "plate_status": "ok",
        "plate_lower": -0.05543798020103029,
        "plate_upper": 0.1462861688130108,
        "plate_lo": 0.14313422898466638,
        "plate_hi": 0.1462861688130108,
        "plate_bins": 64,
        "plate_chosen_bin": 63,
        "plate_bin_count": 4132,
        "plate_left_bin": 63,
        "plate_right_bin": 63,
        "plate_points": 4132,
        "plate_min_points": 500,
        "plane_refine_angle_deg": 0.09741662832245519
      }
    }
  }
}