{
  "source_file": "C:\\Users\\gkwld\\Desktop\\3D-Marker-Pose-Estimation\\CAD_to_PointCloud_conversion\\pointnet2\\result\\eval1_real_newmask_height_auto_boxexpand100\\train\\marker_points\\aug_000074_marker.xyz",
  "image_size": 512,
  "point_radius": 2,
  "view_margin": 1.2,
  "plane_fit_q": 0.8,
  "height_mode": "adaptive",
  "top_candidate_q": 0.85,
  "height_band_m": 0.03,
  "basis_mode": "global",
  "plane_refine_enabled": true,
  "flip_x": true,
  "align_2d": false,
  "align_method": "none",
  "color_mode": "raw_z",
  "color_ref": "marker_all_raw_z",
  "invert_jet": false,
  "color_min": 0.101782,
  "color_max": 0.310834,
  "color_q_min": 0.02,
  "color_q_max": 0.98,
  "plane_center": [
    -9.431169254803908,
    8.61610357725719,
    0.3098355172413911
  ],
  "plane_normal": [
    0.010366202934556881,
    0.0024014153580132615,
    0.9999433859169218
  ],
  "marker_origin": [
    -9.431169254803908,
    8.61610357725719,
    0.3098355172413911
  ],
  "image_u_axis_3d": [
    -0.9999462694738752,
    2.489489654716655e-05,
    0.010366173041393423
  ],
  "image_v_axis_3d": [
    0.0,
    0.9999971162871034,
    -0.002401544394254676
  ],
  "u_min": -1.6619438023038136,
  "u_max": 0.642138286751328,
  "v_min": -1.0861331894362314,
  "v_max": 1.2186060869873354,
  "pixel_size_u_m": 0.004508966906174446,
  "pixel_size_v_m": 0.0045102529871302675,
  "back_projection_note": {
    "pixel_to_uv": "u = u_min + px * pixel_size_u_m, v = v_max - py * pixel_size_v_m",
    "flip_x_note": "if flip_x is true, saved uv and image_u_axis_3d are already mirrored, so use the same pixel_to_uv formula",
    "point_on_plane_3d": "marker_origin + u * image_u_axis_3d + v * image_v_axis_3d",
    "direction_3d": "du * image_u_axis_3d + dv * image_v_axis_3d"
  },
  "debug": {
    "total_points": 100000,
    "basis_mode": "global",
    "height_mode": "adaptive",
    "top_candidate_q": 0.85,
    "height_band_m_input": 0.03,
    "height_band_m_used": 0.01594014053491389,
    "id_height_center": 0.006269009766964867,
    "top_id_points": 25882,
    "selected_height_min": -0.009642364356494649,
    "selected_height_max": 0.014511482276572783,
    "height_min": -0.21983871714691094,
    "height_mean": -0.1450667405042,
    "height_max": 0.014511482276572783,
    "height_q50": -0.19563199354432356,
    "height_q70": -0.19041360080326244,
    "height_q80": 0.001582768982540429,
    "height_q85": 0.003699356893568977,
    "height_q90": 0.007107612382870429,
    "height_q95": 0.009795322525203954,
    "height_q99": 0.013098676027321064,
    "layer_selection": {
      "height_mode": "adaptive",
      "status": "adaptive_ok",
      "adaptive_search_q": 0.6,
      "adaptive_upper_q": 0.995,
      "adaptive_bins": 64,
      "adaptive_min_points": 300,
      "adaptive_chosen_bin": 63,
      "adaptive_bin_count": 3868,
      "adaptive_layer_bin_left": 59,
      "adaptive_layer_bin_right": 63,
      "adaptive_layer_lo": -0.002643922471561283,
      "adaptive_layer_hi": 0.013551883569247927,
      "adaptive_layer_points": 24383,
      "adaptive_mad": 0.003583825831852577,
      "adaptive_robust_sigma": 0.00531338017830463,
      "id_height_center": 0.006269009766964867,
      "height_band_m": 0.01594014053491389,
      "selected_height_min": -0.009642364356494649,
      "selected_height_max": 0.014511482276572783,
      "selected_points": 25882,
      "selected_ratio": 0.25882
    },
    "plane_estimation": {
      "plane_refine_used": true,
      "coarse_plane_points": 100000,
      "coarse_plane_center": [
        -8.926083265980017,
        8.68704404087,
        0.1593540759902496
      ],
      "coarse_plane_normal": [
        0.01099301017168152,
        0.0014064362341982637,
        0.9999385859453991
      ],
      "coarse_id_layer": {
        "height_mode": "adaptive",
        "status": "adaptive_ok",
        "adaptive_search_q": 0.6,
        "adaptive_upper_q": 0.995,
        "adaptive_bins": 64,
        "adaptive_min_points": 300,
        "adaptive_chosen_bin": 63,
        "adaptive_bin_count": 3986,
        "adaptive_layer_bin_left": 59,
        "adaptive_layer_bin_right": 63,
        "adaptive_layer_lo": 0.14276619007154043,
        "adaptive_layer_hi": 0.15898580363832968,
        "adaptive_layer_points": 24281,
        "adaptive_mad": 0.0036872390295454305,
        "adaptive_robust_sigma": 0.005466700585204055,
        "id_height_center": 0.15106426282934632,
        "height_band_m": 0.016400101755612163,
        "selected_height_min": 0.13466994726040135,
        "selected_height_max": 0.1600093097530266,
        "selected_points": 25923,
        "selected_ratio": 0.25923
      },
      "plate_support": {
        "plate_status": "ok",
        "plate_lower": -0.055479053251948594,
        "plate_upper": 0.14606426282934631,
        "plate_lo": 0.14291514851557607,
        "plate_hi": 0.14606426282934631,
        "plate_bins": 64,
        "plate_chosen_bin": 63,
        "plate_bin_count": 3799,
        "plate_left_bin": 63,
        "plate_right_bin": 63,
        "plate_points": 3799,
        "plate_min_points": 500,
        "plane_refine_angle_deg": 0.06737793579861061
      }
    }
  }
}