{
  "source_file": "C:\\Users\\gkwld\\Desktop\\3D-Marker-Pose-Estimation\\CAD_to_PointCloud_conversion\\pointnet2\\result\\eval1_real_newmask_height_auto_boxexpand100\\train\\marker_points\\aug_000159_marker.xyz",
  "image_size": 512,
  "point_radius": 2,
  "view_margin": 1.2,
  "plane_fit_q": 0.8,
  "height_mode": "adaptive",
  "top_candidate_q": 0.85,
  "height_band_m": 0.03,
  "basis_mode": "global",
  "plane_refine_enabled": true,
  "flip_x": true,
  "align_2d": false,
  "align_method": "none",
  "color_mode": "raw_z",
  "color_ref": "marker_all_raw_z",
  "invert_jet": false,
  "color_min": 0.103233,
  "color_max": 0.312979,
  "color_q_min": 0.02,
  "color_q_max": 0.98,
  "plane_center": [
    5.71539293031013,
    -5.002525667583414,
    0.312457401462846
  ],
  "plane_normal": [
    0.00046568703349783694,
    0.004562890455511986,
    0.9999894815268199
  ],
  "marker_origin": [
    5.71539293031013,
    -5.002525667583414,
    0.312457401462846
  ],
  "image_u_axis_3d": [
    -0.9999998915667875,
    2.124879150806193e-06,
    0.0004656821856757488
  ],
  "image_v_axis_3d": [
    -4.235164736275737e-22,
    0.9999895899579035,
    -0.004562890950276346
  ],
  "u_min": -1.0389924766082563,
  "u_max": 1.0698666883141805,
  "v_min": -0.8288841009471324,
  "v_max": 1.2805472142813086,
  "pixel_size_u_m": 0.004126925958752322,
  "pixel_size_v_m": 0.004128045626670139,
  "back_projection_note": {
    "pixel_to_uv": "u = u_min + px * pixel_size_u_m, v = v_max - py * pixel_size_v_m",
    "flip_x_note": "if flip_x is true, saved uv and image_u_axis_3d are already mirrored, so use the same pixel_to_uv formula",
    "point_on_plane_3d": "marker_origin + u * image_u_axis_3d + v * image_v_axis_3d",
    "direction_3d": "du * image_u_axis_3d + dv * image_v_axis_3d"
  },
  "debug": {
    "total_points": 100000,
    "basis_mode": "global",
    "height_mode": "adaptive",
    "top_candidate_q": 0.85,
    "height_band_m_input": 0.03,
    "height_band_m_used": 0.015,
    "id_height_center": 0.0009230835572085677,
    "top_id_points": 25665,
    "selected_height_min": -0.012946182469230716,
    "selected_height_max": 0.004596899047533723,
    "height_min": -0.2188511516659694,
    "height_mean": -0.15103129180326955,
    "height_max": 0.004596899047533723,
    "height_q50": -0.20227172317033926,
    "height_q70": -0.2002176427171008,
    "height_q80": -0.0005749653767793307,
    "height_q85": 0.0004341375651469173,
    "height_q90": 0.001197161260372242,
    "height_q95": 0.003511765752238139,
    "height_q99": 0.004142200662670468,
    "layer_selection": {
      "height_mode": "adaptive",
      "status": "adaptive_ok",
      "adaptive_search_q": 0.6,
      "adaptive_upper_q": 0.995,
      "adaptive_bins": 64,
      "adaptive_min_points": 300,
      "adaptive_chosen_bin": 63,
      "adaptive_bin_count": 10380,
      "adaptive_layer_bin_left": 62,
      "adaptive_layer_bin_right": 63,
      "adaptive_layer_lo": -0.002148406144740961,
      "adaptive_layer_hi": 0.004282979100760097,
      "adaptive_layer_points": 22657,
      "adaptive_mad": 0.001114465992569971,
      "adaptive_robust_sigma": 0.0016523072805842388,
      "id_height_center": 0.0009230835572085677,
      "height_band_m": 0.015,
      "selected_height_min": -0.012946182469230716,
      "selected_height_max": 0.004596899047533723,
      "selected_points": 25665,
      "selected_ratio": 0.25665
    },
    "plane_estimation": {
      "plane_refine_used": true,
      "coarse_plane_points": 100000,
      "coarse_plane_center": [
        5.697880766319949,
        -4.777888090540044,
        0.1604076688602279
      ],
      "coarse_plane_normal": [
        -0.0018783994716926025,
        0.012058864901617547,
        0.999925524922086
      ],
      "coarse_id_layer": {
        "height_mode": "adaptive",
        "status": "adaptive_ok",
        "adaptive_search_q": 0.6,
        "adaptive_upper_q": 0.995,
        "adaptive_bins": 64,
        "adaptive_min_points": 300,
        "adaptive_chosen_bin": 63,
        "adaptive_bin_count": 5002,
        "adaptive_layer_bin_left": 63,
        "adaptive_layer_bin_right": 63,
        "adaptive_layer_lo": 0.15728026226516745,
        "adaptive_layer_hi": 0.16053678464908133,
        "adaptive_layer_points": 5002,
        "adaptive_mad": 0.0007179787693929324,
        "adaptive_robust_sigma": 0.0010644753235019614,
        "id_height_center": 0.15878194843884724,
        "height_band_m": 0.015,
        "selected_height_min": 0.14378860866693957,
        "selected_height_max": 0.16163405838979147,
        "selected_points": 24276,
        "selected_ratio": 0.24276
      },
      "plate_support": {
        "plate_status": "ok",
        "plate_lower": -0.0556384829901224,
        "plate_upper": 0.15378194843884724,
        "plate_lo": 0.14396536571561427,
        "plate_hi": 0.15378194843884724,
        "plate_bins": 64,
        "plate_chosen_bin": 63,
        "plate_bin_count": 7057,
        "plate_left_bin": 61,
        "plate_right_bin": 63,
        "plate_points": 17090,
        "plate_min_points": 500,
        "plane_refine_angle_deg": 0.4500137091757133
      }
    }
  }
}