{
  "source_file": "C:\\Users\\gkwld\\Desktop\\3D-Marker-Pose-Estimation\\CAD_to_PointCloud_conversion\\pointnet2\\result\\eval1_real_newmask_height_auto_boxexpand100\\train\\marker_points\\aug_000175_marker.xyz",
  "image_size": 512,
  "point_radius": 2,
  "view_margin": 1.2,
  "plane_fit_q": 0.8,
  "height_mode": "adaptive",
  "top_candidate_q": 0.85,
  "height_band_m": 0.03,
  "basis_mode": "global",
  "plane_refine_enabled": true,
  "flip_x": true,
  "align_2d": false,
  "align_method": "none",
  "color_mode": "raw_z",
  "color_ref": "marker_all_raw_z",
  "invert_jet": false,
  "color_min": 0.10355886,
  "color_max": 0.312979,
  "color_q_min": 0.02,
  "color_q_max": 0.98,
  "plane_center": [
    -5.8242215285223295,
    4.7692189941580745,
    0.3117146855670222
  ],
  "plane_normal": [
    -0.011791859190612609,
    -0.00139988034382286,
    0.9999294937093572
  ],
  "marker_origin": [
    -5.8242215285223295,
    4.7692189941580745,
    0.3117146855670222
  ],
  "image_u_axis_3d": [
    -0.9999304736104552,
    1.6508339663286692e-05,
    -0.011791847634929839
  ],
  "image_v_axis_3d": [
    3.38813178902059e-21,
    0.9999990200297687,
    0.0013999776792149399
  ],
  "u_min": -0.6037632503235124,
  "u_max": 1.6186387278995076,
  "v_min": -1.245363394839073,
  "v_max": 0.9766613642165878,
  "pixel_size_u_m": 0.004349123245054834,
  "pixel_size_v_m": 0.004348385047075657,
  "back_projection_note": {
    "pixel_to_uv": "u = u_min + px * pixel_size_u_m, v = v_max - py * pixel_size_v_m",
    "flip_x_note": "if flip_x is true, saved uv and image_u_axis_3d are already mirrored, so use the same pixel_to_uv formula",
    "point_on_plane_3d": "marker_origin + u * image_u_axis_3d + v * image_v_axis_3d",
    "direction_3d": "du * image_u_axis_3d + dv * image_v_axis_3d"
  },
  "debug": {
    "total_points": 100000,
    "basis_mode": "global",
    "height_mode": "adaptive",
    "top_candidate_q": 0.85,
    "height_band_m_input": 0.03,
    "height_band_m_used": 0.016484553033547667,
    "id_height_center": 0.006307655069507585,
    "top_id_points": 25875,
    "selected_height_min": -0.010123532274912018,
    "selected_height_max": 0.01644781656329253,
    "height_min": -0.2203781059761854,
    "height_mean": -0.14462796774610015,
    "height_max": 0.01644781656329253,
    "height_q50": -0.1950605006738862,
    "height_q70": -0.18910728707981572,
    "height_q80": 0.002113623701548689,
    "height_q85": 0.005195221419953111,
    "height_q90": 0.007147602590514911,
    "height_q95": 0.012095342552343576,
    "height_q99": 0.01477595213002755,
    "layer_selection": {
      "height_mode": "adaptive",
      "status": "adaptive_ok",
      "adaptive_search_q": 0.6,
      "adaptive_upper_q": 0.995,
      "adaptive_bins": 64,
      "adaptive_min_points": 300,
      "adaptive_chosen_bin": 63,
      "adaptive_bin_count": 4602,
      "adaptive_layer_bin_left": 59,
      "adaptive_layer_bin_right": 63,
      "adaptive_layer_lo": -0.0009884312144992913,
      "adaptive_layer_hi": 0.01529364559841019,
      "adaptive_layer_points": 23846,
      "adaptive_mad": 0.0037062262317432595,
      "adaptive_robust_sigma": 0.005494851011182556,
      "id_height_center": 0.006307655069507585,
      "height_band_m": 0.016484553033547667,
      "selected_height_min": -0.010123532274912018,
      "selected_height_max": 0.01644781656329253,
      "selected_points": 25875,
      "selected_ratio": 0.25875
    },
    "plane_estimation": {
      "plane_refine_used": true,
      "coarse_plane_points": 100000,
      "coarse_plane_center": [
        -6.327273907800113,
        4.6322554510900185,
        0.1609524327402271
      ],
      "coarse_plane_normal": [
        -0.011936624626825952,
        -0.0009639709362271674,
        0.9999282913042077
      ],
      "coarse_id_layer": {
        "height_mode": "adaptive",
        "status": "adaptive_ok",
        "adaptive_search_q": 0.6,
        "adaptive_upper_q": 0.995,
        "adaptive_bins": 64,
        "adaptive_min_points": 300,
        "adaptive_chosen_bin": 63,
        "adaptive_bin_count": 4808,
        "adaptive_layer_bin_left": 59,
        "adaptive_layer_bin_right": 63,
        "adaptive_layer_lo": 0.14365686663629046,
        "adaptive_layer_hi": 0.15993795252479945,
        "adaptive_layer_points": 23817,
        "adaptive_mad": 0.0036237210627799166,
        "adaptive_robust_sigma": 0.005372528847677504,
        "id_height_center": 0.1508165235144723,
        "height_band_m": 0.01611758654303251,
        "selected_height_min": 0.1347306745583986,
        "selected_height_max": 0.16108863284110975,
        "selected_points": 25869,
        "selected_ratio": 0.25869
      },
      "plate_support": {
        "plate_status": "ok",
        "plate_lower": -0.0559068203691899,
        "plate_upper": 0.1458165235144723,
        "plate_lo": 0.14266459626629008,
        "plate_hi": 0.1458165235144723,
        "plate_bins": 64,
        "plate_chosen_bin": 63,
        "plate_bin_count": 2910,
        "plate_left_bin": 63,
        "plate_right_bin": 63,
        "plate_points": 2910,
        "plate_min_points": 500,
        "plane_refine_angle_deg": 0.026317386251031416
      }
    }
  }
}