{
  "source_file": "C:\\Users\\gkwld\\Desktop\\3D-Marker-Pose-Estimation\\CAD_to_PointCloud_conversion\\pointnet2\\result\\eval1_real_newmask_height_auto_boxexpand100\\train\\marker_points\\aug_000119_marker.xyz",
  "image_size": 512,
  "point_radius": 2,
  "view_margin": 1.2,
  "plane_fit_q": 0.8,
  "height_mode": "adaptive",
  "top_candidate_q": 0.85,
  "height_band_m": 0.03,
  "basis_mode": "global",
  "plane_refine_enabled": true,
  "flip_x": true,
  "align_2d": false,
  "align_method": "none",
  "color_mode": "raw_z",
  "color_ref": "marker_all_raw_z",
  "invert_jet": false,
  "color_min": 0.1031429,
  "color_max": 0.312979,
  "color_q_min": 0.02,
  "color_q_max": 0.98,
  "plane_center": [
    3.8481099440950484,
    10.25181034835781,
    0.31171404367576266
  ],
  "plane_normal": [
    -0.006856284863648316,
    -0.010002675248381516,
    0.9999264662182635
  ],
  "marker_origin": [
    3.8481099440950484,
    10.25181034835781,
    0.31171404367576266
  ],
  "image_u_axis_3d": [
    -0.9999764954017013,
    6.858280291256336e-05,
    -0.006855941841238855
  ],
  "image_v_axis_3d": [
    1.355252715608236e-20,
    0.9999499696396189,
    0.010002910362761408
  ],
  "u_min": -0.8507393711973985,
  "u_max": 1.2968548725325282,
  "v_min": -1.5454489707889723,
  "v_max": 0.6040401267476794,
  "pixel_size_u_m": 0.004202728461311011,
  "pixel_size_v_m": 0.004206436590091294,
  "back_projection_note": {
    "pixel_to_uv": "u = u_min + px * pixel_size_u_m, v = v_max - py * pixel_size_v_m",
    "flip_x_note": "if flip_x is true, saved uv and image_u_axis_3d are already mirrored, so use the same pixel_to_uv formula",
    "point_on_plane_3d": "marker_origin + u * image_u_axis_3d + v * image_v_axis_3d",
    "direction_3d": "du * image_u_axis_3d + dv * image_v_axis_3d"
  },
  "debug": {
    "total_points": 100000,
    "basis_mode": "global",
    "height_mode": "adaptive",
    "top_candidate_q": 0.85,
    "height_band_m_input": 0.03,
    "height_band_m_used": 0.015790860379971513,
    "id_height_center": 0.006248599293928903,
    "top_id_points": 25642,
    "selected_height_min": -0.009540870945534406,
    "selected_height_max": 0.016601840534137245,
    "height_min": -0.22045754277650084,
    "height_mean": -0.14494915076809164,
    "height_max": 0.016601840534137245,
    "height_q50": -0.1948971502919596,
    "height_q70": -0.18893785115446712,
    "height_q80": 0.002071641080737296,
    "height_q85": 0.005195071385752087,
    "height_q90": 0.00700721989272549,
    "height_q95": 0.01233096586109537,
    "height_q99": 0.01488961187744713,
    "layer_selection": {
      "height_mode": "adaptive",
      "status": "adaptive_ok",
      "adaptive_search_q": 0.6,
      "adaptive_upper_q": 0.995,
      "adaptive_bins": 64,
      "adaptive_min_points": 300,
      "adaptive_chosen_bin": 63,
      "adaptive_bin_count": 4752,
      "adaptive_layer_bin_left": 59,
      "adaptive_layer_bin_right": 63,
      "adaptive_layer_lo": -0.0008471687156454966,
      "adaptive_layer_hi": 0.015435246798991496,
      "adaptive_layer_points": 23468,
      "adaptive_mad": 0.0035502631368252878,
      "adaptive_robust_sigma": 0.005263620126657171,
      "id_height_center": 0.006248599293928903,
      "height_band_m": 0.015790860379971513,
      "selected_height_min": -0.009540870945534406,
      "selected_height_max": 0.016601840534137245,
      "selected_points": 25642,
      "selected_ratio": 0.25642
    },
    "plane_estimation": {
      "plane_refine_used": true,
      "coarse_plane_points": 100000,
      "coarse_plane_center": [
        3.629763054850034,
        9.779691963129856,
        0.16053428073022816
      ],
      "coarse_plane_normal": [
        -0.007337669935283229,
        -0.00996051932368489,
        0.9999234703979718
      ],
      "coarse_id_layer": {
        "height_mode": "adaptive",
        "status": "adaptive_ok",
        "adaptive_search_q": 0.6,
        "adaptive_upper_q": 0.995,
        "adaptive_bins": 64,
        "adaptive_min_points": 300,
        "adaptive_chosen_bin": 63,
        "adaptive_bin_count": 4855,
        "adaptive_layer_bin_left": 59,
        "adaptive_layer_bin_right": 63,
        "adaptive_layer_lo": 0.14420707077718709,
        "adaptive_layer_hi": 0.1604899516952852,
        "adaptive_layer_points": 23303,
        "adaptive_mad": 0.00349948164366104,
        "adaptive_robust_sigma": 0.005188331484891858,
        "id_height_center": 0.15110126482631842,
        "height_band_m": 0.015564994454675574,
        "selected_height_min": 0.13553827780862673,
        "selected_height_max": 0.16166015194531363,
        "selected_points": 25618,
        "selected_ratio": 0.25618
      },
      "plate_support": {
        "plate_status": "ok",
        "plate_lower": -0.05573169368627784,
        "plate_upper": 0.1461012648263184,
        "plate_lo": 0.14294762484955909,
        "plate_hi": 0.1461012648263184,
        "plate_bins": 64,
        "plate_chosen_bin": 63,
        "plate_bin_count": 2862,
        "plate_left_bin": 63,
        "plate_right_bin": 63,
        "plate_points": 2862,
        "plate_min_points": 500,
        "plane_refine_angle_deg": 0.027687659367612378
      }
    }
  }
}