{
  "source_file": "C:\\Users\\gkwld\\Desktop\\3D-Marker-Pose-Estimation\\CAD_to_PointCloud_conversion\\pointnet2\\result\\eval1_real_newmask_height_auto_boxexpand100\\train\\marker_points\\aug_000044_marker.xyz",
  "image_size": 512,
  "point_radius": 2,
  "view_margin": 1.2,
  "plane_fit_q": 0.8,
  "height_mode": "adaptive",
  "top_candidate_q": 0.85,
  "height_band_m": 0.03,
  "basis_mode": "global",
  "plane_refine_enabled": true,
  "flip_x": true,
  "align_2d": false,
  "align_method": "none",
  "color_mode": "raw_z",
  "color_ref": "marker_all_raw_z",
  "invert_jet": false,
  "color_min": 0.10171395999999999,
  "color_max": 0.310834,
  "color_q_min": 0.02,
  "color_q_max": 0.98,
  "plane_center": [
    -2.6739528642484163,
    -8.87778642813963,
    0.3097944916185852
  ],
  "plane_normal": [
    0.005220380695656305,
    -0.009818457703989317,
    0.9999381708444315
  ],
  "marker_origin": [
    -2.6739528642484163,
    -8.87778642813963,
    0.3097944916185852
  ],
  "image_u_axis_3d": [
    -0.9999863737188586,
    -5.125678549829087e-05,
    0.005220129054861803
  ],
  "image_v_axis_3d": [
    -6.77626357804118e-21,
    0.9999517964677382,
    0.009818591494867622
  ],
  "u_min": -1.2753068527220064,
  "u_max": 0.8253591178020661,
  "v_min": -1.513923733748936,
  "v_max": 0.5862004509609332,
  "pixel_size_u_m": 0.004110892310223234,
  "pixel_size_v_m": 0.004109832064011486,
  "back_projection_note": {
    "pixel_to_uv": "u = u_min + px * pixel_size_u_m, v = v_max - py * pixel_size_v_m",
    "flip_x_note": "if flip_x is true, saved uv and image_u_axis_3d are already mirrored, so use the same pixel_to_uv formula",
    "point_on_plane_3d": "marker_origin + u * image_u_axis_3d + v * image_v_axis_3d",
    "direction_3d": "du * image_u_axis_3d + dv * image_v_axis_3d"
  },
  "debug": {
    "total_points": 100000,
    "basis_mode": "global",
    "height_mode": "adaptive",
    "top_candidate_q": 0.85,
    "height_band_m_input": 0.03,
    "height_band_m_used": 0.016331938079223354,
    "id_height_center": 0.006268785091264578,
    "top_id_points": 25923,
    "selected_height_min": -0.010041542164401174,
    "selected_height_max": 0.015286584947076102,
    "height_min": -0.21964851174731412,
    "height_mean": -0.1447684908932264,
    "height_max": 0.015286584947076102,
    "height_q50": -0.19534741494688432,
    "height_q70": -0.18973029677880743,
    "height_q80": 0.0017528203740232826,
    "height_q85": 0.003868891055229902,
    "height_q90": 0.007123843269628288,
    "height_q95": 0.010547075808439724,
    "height_q99": 0.01379431874416228,
    "layer_selection": {
      "height_mode": "adaptive",
      "status": "adaptive_ok",
      "adaptive_search_q": 0.6,
      "adaptive_upper_q": 0.995,
      "adaptive_bins": 64,
      "adaptive_min_points": 300,
      "adaptive_chosen_bin": 63,
      "adaptive_bin_count": 3926,
      "adaptive_layer_bin_left": 59,
      "adaptive_layer_bin_right": 63,
      "adaptive_layer_lo": -0.001965141710497692,
      "adaptive_layer_hi": 0.01425312752392993,
      "adaptive_layer_points": 24245,
      "adaptive_mad": 0.0036719137729266955,
      "adaptive_robust_sigma": 0.005443979359741119,
      "id_height_center": 0.006268785091264578,
      "height_band_m": 0.016331938079223354,
      "selected_height_min": -0.010041542164401174,
      "selected_height_max": 0.015286584947076102,
      "selected_points": 25923,
      "selected_ratio": 0.25923
    },
    "plane_estimation": {
      "plane_refine_used": true,
      "coarse_plane_points": 100000,
      "coarse_plane_center": [
        -2.447690712679986,
        -9.334938684710114,
        0.15934699402025143
      ],
      "coarse_plane_normal": [
        0.004643254356084472,
        -0.010749663889674542,
        0.9999314401063923
      ],
      "coarse_id_layer": {
        "height_mode": "adaptive",
        "status": "adaptive_ok",
        "adaptive_search_q": 0.6,
        "adaptive_upper_q": 0.995,
        "adaptive_bins": 64,
        "adaptive_min_points": 300,
        "adaptive_chosen_bin": 63,
        "adaptive_bin_count": 3984,
        "adaptive_layer_bin_left": 59,
        "adaptive_layer_bin_right": 63,
        "adaptive_layer_lo": 0.143190526422046,
        "adaptive_layer_hi": 0.1594302368829798,
        "adaptive_layer_points": 23931,
        "adaptive_mad": 0.003840293064309358,
        "adaptive_robust_sigma": 0.0056936184971450535,
        "id_height_center": 0.15080607532214438,
        "height_band_m": 0.017080855491435162,
        "selected_height_min": 0.13375072726818,
        "selected_height_max": 0.16052506747036235,
        "selected_points": 25952,
        "selected_ratio": 0.25952
      },
      "plate_support": {
        "plate_status": "ok",
        "plate_lower": -0.05565439956163689,
        "plate_upper": 0.14580607532214437,
        "plate_lo": 0.1426582554020853,
        "plate_hi": 0.14580607532214437,
        "plate_bins": 64,
        "plate_chosen_bin": 63,
        "plate_bin_count": 3639,
        "plate_left_bin": 63,
        "plate_right_bin": 63,
        "plate_points": 3639,
        "plate_min_points": 500,
        "plane_refine_angle_deg": 0.06277142132037276
      }
    }
  }
}