{
  "source_file": "C:\\Users\\gkwld\\Desktop\\3D-Marker-Pose-Estimation\\CAD_to_PointCloud_conversion\\pointnet2\\result\\eval1_real_newmask_height_auto_boxexpand100\\train\\marker_points\\aug_000004_marker.xyz",
  "image_size": 512,
  "point_radius": 2,
  "view_margin": 1.2,
  "plane_fit_q": 0.8,
  "height_mode": "adaptive",
  "top_candidate_q": 0.85,
  "height_band_m": 0.03,
  "basis_mode": "global",
  "plane_refine_enabled": true,
  "flip_x": true,
  "align_2d": false,
  "align_method": "none",
  "color_mode": "raw_z",
  "color_ref": "marker_all_raw_z",
  "invert_jet": false,
  "color_min": 0.101841,
  "color_max": 0.310834,
  "color_q_min": 0.02,
  "color_q_max": 0.98,
  "plane_center": [
    -3.59951485749931,
    -1.2496399667313614,
    0.30976371583033785
  ],
  "plane_normal": [
    -0.010440718756413944,
    0.0014873437118346046,
    0.9999443880529217
  ],
  "marker_origin": [
    -3.59951485749931,
    -1.2496399667313614,
    0.30976371583033785
  ],
  "image_u_axis_3d": [
    -0.9999454942094843,
    -1.552978385250026e-05,
    -0.01044070720669397
  ],
  "image_v_axis_3d": [
    0.0,
    0.9999988937821426,
    -0.0014874247850968623
  ],
  "u_min": -0.6044000568713619,
  "u_max": 1.5878647261878647,
  "v_min": -0.9589698414610567,
  "v_max": 1.2341481374394854,
  "pixel_size_u_m": 0.004290146346495551,
  "pixel_size_v_m": 0.004291816005676207,
  "back_projection_note": {
    "pixel_to_uv": "u = u_min + px * pixel_size_u_m, v = v_max - py * pixel_size_v_m",
    "flip_x_note": "if flip_x is true, saved uv and image_u_axis_3d are already mirrored, so use the same pixel_to_uv formula",
    "point_on_plane_3d": "marker_origin + u * image_u_axis_3d + v * image_v_axis_3d",
    "direction_3d": "du * image_u_axis_3d + dv * image_v_axis_3d"
  },
  "debug": {
    "total_points": 100000,
    "basis_mode": "global",
    "height_mode": "adaptive",
    "top_candidate_q": 0.85,
    "height_band_m_input": 0.03,
    "height_band_m_used": 0.0157786756384463,
    "id_height_center": 0.0062821274817088,
    "top_id_points": 25782,
    "selected_height_min": -0.00947355813134703,
    "selected_height_max": 0.014370021694820129,
    "height_min": -0.21942967933972043,
    "height_mean": -0.14528872589387765,
    "height_max": 0.014370021694820129,
    "height_q50": -0.19564811639761975,
    "height_q70": -0.1906123348979474,
    "height_q80": 0.001579307086336933,
    "height_q85": 0.003632999042254874,
    "height_q90": 0.007143109114818247,
    "height_q95": 0.009648392228046348,
    "height_q99": 0.012932995210593561,
    "layer_selection": {
      "height_mode": "adaptive",
      "status": "adaptive_ok",
      "adaptive_search_q": 0.6,
      "adaptive_upper_q": 0.995,
      "adaptive_bins": 64,
      "adaptive_min_points": 300,
      "adaptive_chosen_bin": 63,
      "adaptive_bin_count": 3872,
      "adaptive_layer_bin_left": 59,
      "adaptive_layer_bin_right": 63,
      "adaptive_layer_lo": -0.0028223576860504085,
      "adaptive_layer_hi": 0.013365539742281777,
      "adaptive_layer_points": 24339,
      "adaptive_mad": 0.0035475236383034994,
      "adaptive_robust_sigma": 0.005259558546148768,
      "id_height_center": 0.0062821274817088,
      "height_band_m": 0.0157786756384463,
      "selected_height_min": -0.00947355813134703,
      "selected_height_max": 0.014370021694820129,
      "selected_points": 25782,
      "selected_ratio": 0.25782
    },
    "plane_estimation": {
      "plane_refine_used": true,
      "coarse_plane_points": 100000,
      "coarse_plane_center": [
        -4.088595329830027,
        -1.119292983930015,
        0.15916639250024806
      ],
      "coarse_plane_normal": [
        -0.010544000719875248,
        0.002775500924959151,
        0.9999405585540747
      ],
      "coarse_id_layer": {
        "height_mode": "adaptive",
        "status": "adaptive_ok",
        "adaptive_search_q": 0.6,
        "adaptive_upper_q": 0.995,
        "adaptive_bins": 64,
        "adaptive_min_points": 300,
        "adaptive_chosen_bin": 63,
        "adaptive_bin_count": 4070,
        "adaptive_layer_bin_left": 59,
        "adaptive_layer_bin_right": 63,
        "adaptive_layer_lo": 0.14277564156428477,
        "adaptive_layer_hi": 0.15898838075378574,
        "adaptive_layer_points": 24216,
        "adaptive_mad": 0.0036297125799846924,
        "adaptive_robust_sigma": 0.005381411871085305,
        "id_height_center": 0.15127096966985526,
        "height_band_m": 0.016144235613255915,
        "selected_height_min": 0.13513144059392504,
        "selected_height_max": 0.16005410905719292,
        "selected_points": 25820,
        "selected_ratio": 0.2582
      },
      "plate_support": {
        "plate_status": "ok",
        "plate_lower": -0.05526714324071153,
        "plate_upper": 0.14627096966985526,
        "plate_lo": 0.14312193665562764,
        "plate_hi": 0.14627096966985526,
        "plate_bins": 64,
        "plate_chosen_bin": 63,
        "plate_bin_count": 3607,
        "plate_left_bin": 63,
        "plate_right_bin": 63,
        "plate_points": 3607,
        "plate_min_points": 500,
        "plane_refine_angle_deg": 0.07404324225494002
      }
    }
  }
}