{
  "source_file": "C:\\Users\\gkwld\\Desktop\\3D-Marker-Pose-Estimation\\CAD_to_PointCloud_conversion\\pointnet2\\result\\eval1_real_newmask_height_auto_boxexpand100\\train\\marker_points\\aug_000174_marker.xyz",
  "image_size": 512,
  "point_radius": 2,
  "view_margin": 1.2,
  "plane_fit_q": 0.8,
  "height_mode": "adaptive",
  "top_candidate_q": 0.85,
  "height_band_m": 0.03,
  "basis_mode": "global",
  "plane_refine_enabled": true,
  "flip_x": true,
  "align_2d": false,
  "align_method": "none",
  "color_mode": "raw_z",
  "color_ref": "marker_all_raw_z",
  "invert_jet": false,
  "color_min": 0.10335296,
  "color_max": 0.312979,
  "color_q_min": 0.02,
  "color_q_max": 0.98,
  "plane_center": [
    2.526177096055127,
    2.878841857956551,
    0.3125882378172652
  ],
  "plane_normal": [
    0.0043477874279265315,
    0.00321752644455361,
    0.9999853720260413
  ],
  "marker_origin": [
    2.526177096055127,
    2.878841857956551,
    0.3125882378172652
  ],
  "image_u_axis_3d": [
    -0.9999905483265739,
    1.3989253246476526e-05,
    0.004347764922250742
  ],
  "image_v_axis_3d": [
    1.694065894510295e-21,
    0.9999948236495425,
    -0.0032175568558470246
  ],
  "u_min": -1.1888305686434584,
  "u_max": 0.8709404866713683,
  "v_min": -0.9237905476013794,
  "v_max": 1.1386109644015812,
  "pixel_size_u_m": 0.004030863121946823,
  "pixel_size_v_m": 0.004036010786698552,
  "back_projection_note": {
    "pixel_to_uv": "u = u_min + px * pixel_size_u_m, v = v_max - py * pixel_size_v_m",
    "flip_x_note": "if flip_x is true, saved uv and image_u_axis_3d are already mirrored, so use the same pixel_to_uv formula",
    "point_on_plane_3d": "marker_origin + u * image_u_axis_3d + v * image_v_axis_3d",
    "direction_3d": "du * image_u_axis_3d + dv * image_v_axis_3d"
  },
  "debug": {
    "total_points": 100000,
    "basis_mode": "global",
    "height_mode": "adaptive",
    "top_candidate_q": 0.85,
    "height_band_m_input": 0.03,
    "height_band_m_used": 0.015,
    "id_height_center": 0.0007996627911826976,
    "top_id_points": 25398,
    "selected_height_min": -0.013573237240527811,
    "selected_height_max": 0.005156671594637366,
    "height_min": -0.21979444874924378,
    "height_mean": -0.15168221271175672,
    "height_max": 0.005156671594637366,
    "height_q50": -0.20223013010230995,
    "height_q70": -0.1997295589552781,
    "height_q80": -0.0011272398221146306,
    "height_q85": 0.00014960185762681694,
    "height_q90": 0.000995551872350358,
    "height_q95": 0.003718095834134036,
    "height_q99": 0.0045493362504753195,
    "layer_selection": {
      "height_mode": "adaptive",
      "status": "adaptive_ok",
      "adaptive_search_q": 0.6,
      "adaptive_upper_q": 0.995,
      "adaptive_bins": 64,
      "adaptive_min_points": 300,
      "adaptive_chosen_bin": 63,
      "adaptive_bin_count": 6923,
      "adaptive_layer_bin_left": 62,
      "adaptive_layer_bin_right": 63,
      "adaptive_layer_lo": -0.0016920954212608919,
      "adaptive_layer_hi": 0.0047494579690927075,
      "adaptive_layer_points": 21448,
      "adaptive_mad": 0.0012758810226861273,
      "adaptive_robust_sigma": 0.001891621204234452,
      "id_height_center": 0.0007996627911826976,
      "height_band_m": 0.015,
      "selected_height_min": -0.013573237240527811,
      "selected_height_max": 0.005156671594637366,
      "selected_points": 25398,
      "selected_ratio": 0.25398
    },
    "plane_estimation": {
      "plane_refine_used": true,
      "coarse_plane_points": 100000,
      "coarse_plane_center": [
        2.6817292210000248,
        2.987428944470011,
        0.159878101870227
      ],
      "coarse_plane_normal": [
        0.0077798985012368085,
        0.008126608658110745,
        0.9999367137019364
      ],
      "coarse_id_layer": {
        "height_mode": "adaptive",
        "status": "adaptive_ok",
        "adaptive_search_q": 0.6,
        "adaptive_upper_q": 0.995,
        "adaptive_bins": 64,
        "adaptive_min_points": 300,
        "adaptive_chosen_bin": 63,
        "adaptive_bin_count": 5312,
        "adaptive_layer_bin_left": 63,
        "adaptive_layer_bin_right": 63,
        "adaptive_layer_lo": 0.15715671309559054,
        "adaptive_layer_hi": 0.16040843370537222,
        "adaptive_layer_points": 5312,
        "adaptive_mad": 0.000727825583854369,
        "adaptive_robust_sigma": 0.0010790742106224875,
        "id_height_center": 0.15868570674262245,
        "height_band_m": 0.015,
        "selected_height_min": 0.14368630242690986,
        "selected_height_max": 0.16140738414441108,
        "selected_points": 24226,
        "selected_ratio": 0.24226
      },
      "plate_support": {
        "plate_status": "ok",
        "plate_lower": -0.054922767655786735,
        "plate_upper": 0.15368570674262244,
        "plate_lo": 0.14716669191767215,
        "plate_hi": 0.15368570674262244,
        "plate_bins": 64,
        "plate_chosen_bin": 63,
        "plate_bin_count": 8381,
        "plate_left_bin": 62,
        "plate_right_bin": 63,
        "plate_points": 14221,
        "plate_min_points": 500,
        "plane_refine_angle_deg": 0.3432058013121612
      }
    }
  }
}