{
  "source_file": "C:\\Users\\gkwld\\Desktop\\3D-Marker-Pose-Estimation\\CAD_to_PointCloud_conversion\\pointnet2\\result\\eval1_real_newmask_height_auto_boxexpand100\\train\\marker_points\\aug_000002_marker.xyz",
  "image_size": 512,
  "point_radius": 2,
  "view_margin": 1.2,
  "plane_fit_q": 0.8,
  "height_mode": "adaptive",
  "top_candidate_q": 0.85,
  "height_band_m": 0.03,
  "basis_mode": "global",
  "plane_refine_enabled": true,
  "flip_x": true,
  "align_2d": false,
  "align_method": "none",
  "color_mode": "raw_z",
  "color_ref": "marker_all_raw_z",
  "invert_jet": false,
  "color_min": 0.10191797999999999,
  "color_max": 0.310834,
  "color_q_min": 0.02,
  "color_q_max": 0.98,
  "plane_center": [
    9.332967140213704,
    -1.0150155876987257,
    0.3098198603075445
  ],
  "plane_normal": [
    -0.002101210532563956,
    -0.01040718184081767,
    0.9999436361507733
  ],
  "marker_origin": [
    9.332967140213704,
    -1.0150155876987257,
    0.3098198603075445
  ],
  "image_u_axis_3d": [
    -0.9999977924537123,
    2.1867728372213284e-05,
    -0.0021010967385144083
  ],
  "image_v_axis_3d": [
    0.0,
    0.9999458435765083,
    0.010407204815193619
  ],
  "u_min": -0.85422440496633,
  "u_max": 1.2174583444803697,
  "v_min": -1.5062652202817277,
  "v_max": 0.5662559119992323,
  "pixel_size_u_m": 0.004054173677977886,
  "pixel_size_v_m": 0.0040558143488864185,
  "back_projection_note": {
    "pixel_to_uv": "u = u_min + px * pixel_size_u_m, v = v_max - py * pixel_size_v_m",
    "flip_x_note": "if flip_x is true, saved uv and image_u_axis_3d are already mirrored, so use the same pixel_to_uv formula",
    "point_on_plane_3d": "marker_origin + u * image_u_axis_3d + v * image_v_axis_3d",
    "direction_3d": "du * image_u_axis_3d + dv * image_v_axis_3d"
  },
  "debug": {
    "total_points": 100000,
    "basis_mode": "global",
    "height_mode": "adaptive",
    "top_candidate_q": 0.85,
    "height_band_m_input": 0.03,
    "height_band_m_used": 0.015732047968965757,
    "id_height_center": 0.0063246910920844845,
    "top_id_points": 25609,
    "selected_height_min": -0.009374233774839594,
    "selected_height_max": 0.014161216859784718,
    "height_min": -0.21979281641275913,
    "height_mean": -0.14567281313280317,
    "height_max": 0.014161216859784718,
    "height_q50": -0.19557145274178306,
    "height_q70": -0.19074577397596285,
    "height_q80": 0.001328927291719638,
    "height_q85": 0.003530616548213436,
    "height_q90": 0.007172906399316086,
    "height_q95": 0.009240192150591403,
    "height_q99": 0.012771301807654154,
    "layer_selection": {
      "height_mode": "adaptive",
      "status": "adaptive_ok",
      "adaptive_search_q": 0.6,
      "adaptive_upper_q": 0.995,
      "adaptive_bins": 64,
      "adaptive_min_points": 300,
      "adaptive_chosen_bin": 63,
      "adaptive_bin_count": 3637,
      "adaptive_layer_bin_left": 59,
      "adaptive_layer_bin_right": 63,
      "adaptive_layer_lo": -0.0029487563684386653,
      "adaptive_layer_hi": 0.0132263354583897,
      "adaptive_layer_points": 24168,
      "adaptive_mad": 0.00353704032756998,
      "adaptive_robust_sigma": 0.005244015989655252,
      "id_height_center": 0.0063246910920844845,
      "height_band_m": 0.015732047968965757,
      "selected_height_min": -0.009374233774839594,
      "selected_height_max": 0.014161216859784718,
      "selected_points": 25609,
      "selected_ratio": 0.25609
    },
    "plane_estimation": {
      "plane_refine_used": true,
      "coarse_plane_points": 100000,
      "coarse_plane_center": [
        9.158083820229878,
        -1.4843027727499851,
        0.15888711628025196
      ],
      "coarse_plane_normal": [
        -0.003637897975951953,
        -0.010233444952473726,
        0.9999410194110057
      ],
      "coarse_id_layer": {
        "height_mode": "adaptive",
        "status": "adaptive_ok",
        "adaptive_search_q": 0.6,
        "adaptive_upper_q": 0.995,
        "adaptive_bins": 64,
        "adaptive_min_points": 300,
        "adaptive_chosen_bin": 63,
        "adaptive_bin_count": 3885,
        "adaptive_layer_bin_left": 59,
        "adaptive_layer_bin_right": 63,
        "adaptive_layer_lo": 0.1430257138772802,
        "adaptive_layer_hi": 0.15923358773379082,
        "adaptive_layer_points": 24055,
        "adaptive_mad": 0.003610617814532674,
        "adaptive_robust_sigma": 0.005353101971826142,
        "id_height_center": 0.1516973079173472,
        "height_band_m": 0.016059305915478425,
        "selected_height_min": 0.13565782923491004,
        "selected_height_max": 0.16024665973810653,
        "selected_points": 25640,
        "selected_ratio": 0.2564
      },
      "plate_support": {
        "plate_status": "ok",
        "plate_lower": -0.05499448201996883,
        "plate_upper": 0.1466973079173472,
        "plate_lo": 0.1435458736995766,
        "plate_hi": 0.1466973079173472,
        "plate_bins": 64,
        "plate_chosen_bin": 63,
        "plate_bin_count": 3837,
        "plate_left_bin": 63,
        "plate_right_bin": 63,
        "plate_points": 3837,
        "plate_min_points": 500,
        "plane_refine_angle_deg": 0.08860684635919261
      }
    }
  }
}