{
  "source_file": "C:\\Users\\gkwld\\Desktop\\3D-Marker-Pose-Estimation\\CAD_to_PointCloud_conversion\\pointnet2\\result\\eval1_real_newmask_height_auto_boxexpand100\\train\\marker_points\\aug_000193_marker.xyz",
  "image_size": 512,
  "point_radius": 2,
  "view_margin": 1.2,
  "plane_fit_q": 0.8,
  "height_mode": "adaptive",
  "top_candidate_q": 0.85,
  "height_band_m": 0.03,
  "basis_mode": "global",
  "plane_refine_enabled": true,
  "flip_x": true,
  "align_2d": false,
  "align_method": "none",
  "color_mode": "raw_z",
  "color_ref": "marker_all_raw_z",
  "invert_jet": false,
  "color_min": 0.103296,
  "color_max": 0.312979,
  "color_q_min": 0.02,
  "color_q_max": 0.98,
  "plane_center": [
    8.07105399864007,
    -0.7955073141432442,
    0.3110466165004586
  ],
  "plane_normal": [
    0.0062844126078854265,
    0.009342492468157375,
    0.9999366099861813
  ],
  "marker_origin": [
    8.07105399864007,
    -0.7955073141432442,
    0.3110466165004586
  ],
  "image_u_axis_3d": [
    -0.9999802528831127,
    5.871323687299679e-05,
    0.00628413833248499
  ],
  "image_v_axis_3d": [
    6.77626357804118e-21,
    0.9999563562402303,
    -0.009342676959081985
  ],
  "u_min": -1.2691389720549915,
  "u_max": 0.7912296547555001,
  "v_min": -0.5993775897061275,
  "v_max": 1.4629731721188985,
  "pixel_size_u_m": 0.004032032537789612,
  "pixel_size_v_m": 0.004035911471281852,
  "back_projection_note": {
    "pixel_to_uv": "u = u_min + px * pixel_size_u_m, v = v_max - py * pixel_size_v_m",
    "flip_x_note": "if flip_x is true, saved uv and image_u_axis_3d are already mirrored, so use the same pixel_to_uv formula",
    "point_on_plane_3d": "marker_origin + u * image_u_axis_3d + v * image_v_axis_3d",
    "direction_3d": "du * image_u_axis_3d + dv * image_v_axis_3d"
  },
  "debug": {
    "total_points": 100000,
    "basis_mode": "global",
    "height_mode": "adaptive",
    "top_candidate_q": 0.85,
    "height_band_m_input": 0.03,
    "height_band_m_used": 0.016188167640009563,
    "id_height_center": 0.006504078097401803,
    "top_id_points": 25733,
    "selected_height_min": -0.00964732238007679,
    "selected_height_max": 0.016000981285656076,
    "height_min": -0.21984869026254722,
    "height_mean": -0.144871535127741,
    "height_max": 0.016000981285656076,
    "height_q50": -0.19521348886906287,
    "height_q70": -0.18946737707798947,
    "height_q80": 0.0024117292910299662,
    "height_q85": 0.005276126871702929,
    "height_q90": 0.007348779034795208,
    "height_q95": 0.011804711809928823,
    "height_q99": 0.014475791430223301,
    "layer_selection": {
      "height_mode": "adaptive",
      "status": "adaptive_ok",
      "adaptive_search_q": 0.6,
      "adaptive_upper_q": 0.995,
      "adaptive_bins": 64,
      "adaptive_min_points": 300,
      "adaptive_chosen_bin": 63,
      "adaptive_bin_count": 4594,
      "adaptive_layer_bin_left": 59,
      "adaptive_layer_bin_right": 63,
      "adaptive_layer_lo": -0.0012839816878389143,
      "adaptive_layer_hi": 0.01498880482114676,
      "adaptive_layer_points": 24045,
      "adaptive_mad": 0.0036395898286814966,
      "adaptive_robust_sigma": 0.005396055880003187,
      "id_height_center": 0.006504078097401803,
      "height_band_m": 0.016188167640009563,
      "selected_height_min": -0.00964732238007679,
      "selected_height_max": 0.016000981285656076,
      "selected_points": 25733,
      "selected_ratio": 0.25733
    },
    "plane_estimation": {
      "plane_refine_used": true,
      "coarse_plane_points": 100000,
      "coarse_plane_center": [
        8.304227720339941,
        -0.36297151373999775,
        0.1606592259802275
      ],
      "coarse_plane_normal": [
        0.006260369272072399,
        0.008506923500847795,
        0.9999442184577738
      ],
      "coarse_id_layer": {
        "height_mode": "adaptive",
        "status": "adaptive_ok",
        "adaptive_search_q": 0.6,
        "adaptive_upper_q": 0.995,
        "adaptive_bins": 64,
        "adaptive_min_points": 300,
        "adaptive_chosen_bin": 63,
        "adaptive_bin_count": 5141,
        "adaptive_layer_bin_left": 59,
        "adaptive_layer_bin_right": 63,
        "adaptive_layer_lo": 0.14310528537896483,
        "adaptive_layer_hi": 0.15935791982087463,
        "adaptive_layer_points": 24180,
        "adaptive_mad": 0.0033417903520508996,
        "adaptive_robust_sigma": 0.0049545383759506635,
        "id_height_center": 0.15128166914636276,
        "height_band_m": 0.015,
        "selected_height_min": 0.1363196755082976,
        "selected_height_max": 0.1602975794385163,
        "selected_points": 25678,
        "selected_ratio": 0.25678
      },
      "plate_support": {
        "plate_status": "ok",
        "plate_lower": -0.055240638702745655,
        "plate_upper": 0.14628166914636276,
        "plate_lo": 0.14313288308622044,
        "plate_hi": 0.14628166914636276,
        "plate_bins": 64,
        "plate_chosen_bin": 63,
        "plate_bin_count": 2206,
        "plate_left_bin": 63,
        "plate_right_bin": 63,
        "plate_points": 2206,
        "plate_min_points": 500,
        "plane_refine_angle_deg": 0.04789651339142319
      }
    }
  }
}