{
  "source_file": "C:\\Users\\gkwld\\Desktop\\3D-Marker-Pose-Estimation\\CAD_to_PointCloud_conversion\\pointnet2\\result\\eval1_real_newmask_height_auto_boxexpand100\\train\\marker_points\\aug_000187_marker.xyz",
  "image_size": 512,
  "point_radius": 2,
  "view_margin": 1.2,
  "plane_fit_q": 0.8,
  "height_mode": "adaptive",
  "top_candidate_q": 0.85,
  "height_band_m": 0.03,
  "basis_mode": "global",
  "plane_refine_enabled": true,
  "flip_x": true,
  "align_2d": false,
  "align_method": "none",
  "color_mode": "raw_z",
  "color_ref": "marker_all_raw_z",
  "invert_jet": false,
  "color_min": 0.103156,
  "color_max": 0.312979,
  "color_q_min": 0.02,
  "color_q_max": 0.98,
  "plane_center": [
    1.3590446760122463,
    -5.640612247567162,
    0.3125795282748857
  ],
  "plane_normal": [
    -0.0009503059843078543,
    0.005021640328456144,
    0.9999869399371913
  ],
  "marker_origin": [
    1.3590446760122463,
    -5.640612247567162,
    0.3125795282748857
  ],
  "image_u_axis_3d": [
    -0.9999995484581662,
    -4.7720970099654245e-06,
    -0.0009502940023476078
  ],
  "image_v_axis_3d": [
    -8.470329472551474e-22,
    0.999987391472332,
    -0.005021642595932829
  ],
  "u_min": -0.8619393972512758,
  "u_max": 0.9582291288232995,
  "v_min": -0.7077114218561625,
  "v_max": 1.1125774013921763,
  "pixel_size_u_m": 0.0035619736322398733,
  "pixel_size_v_m": 0.003562209047452718,
  "back_projection_note": {
    "pixel_to_uv": "u = u_min + px * pixel_size_u_m, v = v_max - py * pixel_size_v_m",
    "flip_x_note": "if flip_x is true, saved uv and image_u_axis_3d are already mirrored, so use the same pixel_to_uv formula",
    "point_on_plane_3d": "marker_origin + u * image_u_axis_3d + v * image_v_axis_3d",
    "direction_3d": "du * image_u_axis_3d + dv * image_v_axis_3d"
  },
  "debug": {
    "total_points": 100000,
    "basis_mode": "global",
    "height_mode": "adaptive",
    "top_candidate_q": 0.85,
    "height_band_m_input": 0.03,
    "height_band_m_used": 0.015,
    "id_height_center": 0.0008194527413719189,
    "top_id_points": 25721,
    "selected_height_min": -0.013331451654970976,
    "selected_height_max": 0.00495361457923123,
    "height_min": -0.21946222990606912,
    "height_mean": -0.15099278573056396,
    "height_max": 0.00495361457923123,
    "height_q50": -0.20224465051687973,
    "height_q70": -0.19988264655050317,
    "height_q80": -0.0009079127009463218,
    "height_q85": 0.0002811781201950939,
    "height_q90": 0.0010916605754095145,
    "height_q95": 0.0036643378013397282,
    "height_q99": 0.0044130080919221465,
    "layer_selection": {
      "height_mode": "adaptive",
      "status": "adaptive_ok",
      "adaptive_search_q": 0.6,
      "adaptive_upper_q": 0.995,
      "adaptive_bins": 64,
      "adaptive_min_points": 300,
      "adaptive_chosen_bin": 63,
      "adaptive_bin_count": 7804,
      "adaptive_layer_bin_left": 62,
      "adaptive_layer_bin_right": 63,
      "adaptive_layer_lo": -0.0018574808993042369,
      "adaptive_layer_hi": 0.004580030287069698,
      "adaptive_layer_points": 22466,
      "adaptive_mad": 0.0012719508661379905,
      "adaptive_robust_sigma": 0.0018857943541361847,
      "id_height_center": 0.0008194527413719189,
      "height_band_m": 0.015,
      "selected_height_min": -0.013331451654970976,
      "selected_height_max": 0.00495361457923123,
      "selected_points": 25721,
      "selected_ratio": 0.25721
    },
    "plane_estimation": {
      "plane_refine_used": true,
      "coarse_plane_points": 100000,
      "coarse_plane_center": [
        1.3104065634000015,
        -5.439905185509953,
        0.16053065701022778
      ],
      "coarse_plane_normal": [
        -0.0041557235412347255,
        0.009928782973124169,
        0.9999420729364883
      ],
      "coarse_id_layer": {
        "height_mode": "adaptive",
        "status": "adaptive_ok",
        "adaptive_search_q": 0.6,
        "adaptive_upper_q": 0.995,
        "adaptive_bins": 64,
        "adaptive_min_points": 300,
        "adaptive_chosen_bin": 63,
        "adaptive_bin_count": 5550,
        "adaptive_layer_bin_left": 63,
        "adaptive_layer_bin_right": 63,
        "adaptive_layer_lo": 0.15624569862144252,
        "adaptive_layer_hi": 0.15949574922121018,
        "adaptive_layer_points": 5550,
        "adaptive_mad": 0.0007127813000603056,
        "adaptive_robust_sigma": 0.0010567695554694091,
        "id_height_center": 0.1577650074109774,
        "height_band_m": 0.015,
        "selected_height_min": 0.14277432064541773,
        "selected_height_max": 0.1604477694803015,
        "selected_points": 24612,
        "selected_ratio": 0.24612
      },
      "plate_support": {
        "plate_status": "ok",
        "plate_lower": -0.05539962874357259,
        "plate_upper": 0.1527650074109774,
        "plate_lo": 0.1462598625311477,
        "plate_hi": 0.1527650074109774,
        "plate_bins": 64,
        "plate_chosen_bin": 63,
        "plate_bin_count": 8739,
        "plate_left_bin": 62,
        "plate_right_bin": 63,
        "plate_points": 14695,
        "plate_min_points": 500,
        "plane_refine_angle_deg": 0.33583766626034084
      }
    }
  }
}