{
  "source_file": "C:\\Users\\gkwld\\Desktop\\3D-Marker-Pose-Estimation\\CAD_to_PointCloud_conversion\\pointnet2\\result\\eval1_real_newmask_height_auto_boxexpand100\\train\\marker_points\\aug_000142_marker.xyz",
  "image_size": 512,
  "point_radius": 2,
  "view_margin": 1.2,
  "plane_fit_q": 0.8,
  "height_mode": "adaptive",
  "top_candidate_q": 0.85,
  "height_band_m": 0.03,
  "basis_mode": "global",
  "plane_refine_enabled": true,
  "flip_x": true,
  "align_2d": false,
  "align_method": "none",
  "color_mode": "raw_z",
  "color_ref": "marker_all_raw_z",
  "invert_jet": false,
  "color_min": 0.102858,
  "color_max": 0.312979,
  "color_q_min": 0.02,
  "color_q_max": 0.98,
  "plane_center": [
    9.121059594830717,
    7.585148666545311,
    0.3114279388423835
  ],
  "plane_normal": [
    -0.011140684449497637,
    -0.0038503441683966745,
    0.9999305275856827
  ],
  "marker_origin": [
    9.121059594830717,
    7.585148666545311,
    0.3114279388423835
  ],
  "image_u_axis_3d": [
    -0.9999379406483171,
    4.289813163222247e-05,
    -0.011140601857758158
  ],
  "image_v_axis_3d": [
    -6.77626357804118e-21,
    0.9999925864762875,
    0.003850583133085666
  ],
  "u_min": -0.5712944068413662,
  "u_max": 1.4844210952402017,
  "v_min": -1.2482009772035807,
  "v_max": 0.8072826827067561,
  "pixel_size_u_m": 0.004022926618554927,
  "pixel_size_v_m": 0.004022472915675806,
  "back_projection_note": {
    "pixel_to_uv": "u = u_min + px * pixel_size_u_m, v = v_max - py * pixel_size_v_m",
    "flip_x_note": "if flip_x is true, saved uv and image_u_axis_3d are already mirrored, so use the same pixel_to_uv formula",
    "point_on_plane_3d": "marker_origin + u * image_u_axis_3d + v * image_v_axis_3d",
    "direction_3d": "du * image_u_axis_3d + dv * image_v_axis_3d"
  },
  "debug": {
    "total_points": 100000,
    "basis_mode": "global",
    "height_mode": "adaptive",
    "top_candidate_q": 0.85,
    "height_band_m_input": 0.03,
    "height_band_m_used": 0.016336857424962672,
    "id_height_center": 0.006423864490489984,
    "top_id_points": 25463,
    "selected_height_min": -0.009841102825937724,
    "selected_height_max": 0.016461192961390685,
    "height_min": -0.2202845806014148,
    "height_mean": -0.145380229809299,
    "height_max": 0.016461192961390685,
    "height_q50": -0.1950713534445152,
    "height_q70": -0.18921492081072197,
    "height_q80": 0.0021153748063690125,
    "height_q85": 0.005069263765976029,
    "height_q90": 0.00720120354319987,
    "height_q95": 0.012014607276616792,
    "height_q99": 0.014740592461287871,
    "layer_selection": {
      "height_mode": "adaptive",
      "status": "adaptive_ok",
      "adaptive_search_q": 0.6,
      "adaptive_upper_q": 0.995,
      "adaptive_bins": 64,
      "adaptive_min_points": 300,
      "adaptive_chosen_bin": 63,
      "adaptive_bin_count": 4448,
      "adaptive_layer_bin_left": 59,
      "adaptive_layer_bin_right": 63,
      "adaptive_layer_lo": -0.0009777878811317586,
      "adaptive_layer_hi": 0.015306206023395878,
      "adaptive_layer_points": 23549,
      "adaptive_mad": 0.003673019790674642,
      "adaptive_robust_sigma": 0.0054456191416542244,
      "id_height_center": 0.006423864490489984,
      "height_band_m": 0.016336857424962672,
      "selected_height_min": -0.009841102825937724,
      "selected_height_max": 0.016461192961390685,
      "selected_points": 25463,
      "selected_ratio": 0.25463
    },
    "plane_estimation": {
      "plane_refine_used": true,
      "coarse_plane_points": 100000,
      "coarse_plane_center": [
        8.667651165379993,
        7.36164572490008,
        0.1601253541902268
      ],
      "coarse_plane_normal": [
        -0.011200864332415822,
        -0.0032905979088934502,
        0.9999318539788643
      ],
      "coarse_id_layer": {
        "height_mode": "adaptive",
        "status": "adaptive_ok",
        "adaptive_search_q": 0.6,
        "adaptive_upper_q": 0.995,
        "adaptive_bins": 64,
        "adaptive_min_points": 300,
        "adaptive_chosen_bin": 63,
        "adaptive_bin_count": 4760,
        "adaptive_layer_bin_left": 59,
        "adaptive_layer_bin_right": 63,
        "adaptive_layer_lo": 0.14428448941924266,
        "adaptive_layer_hi": 0.16056185561091466,
        "adaptive_layer_points": 23639,
        "adaptive_mad": 0.003505992135266256,
        "adaptive_robust_sigma": 0.005197983939745751,
        "id_height_center": 0.1516546857571961,
        "height_band_m": 0.015593951819237253,
        "selected_height_min": 0.13609065915979313,
        "selected_height_max": 0.1616850454597508,
        "selected_points": 25422,
        "selected_ratio": 0.25422
      },
      "plate_support": {
        "plate_status": "ok",
        "plate_lower": -0.05505521653354822,
        "plate_upper": 0.1466546857571961,
        "plate_lo": 0.1435029685339032,
        "plate_hi": 0.1466546857571961,
        "plate_bins": 64,
        "plate_chosen_bin": 63,
        "plate_bin_count": 2747,
        "plate_left_bin": 63,
        "plate_right_bin": 63,
        "plate_points": 2747,
        "plate_min_points": 500,
        "plane_refine_angle_deg": 0.032256214122019386
      }
    }
  }
}