{
  "source_file": "C:\\Users\\gkwld\\Desktop\\3D-Marker-Pose-Estimation\\CAD_to_PointCloud_conversion\\pointnet2\\result\\eval1_real_newmask_height_auto_boxexpand100\\train\\marker_points\\aug_000160_marker.xyz",
  "image_size": 512,
  "point_radius": 2,
  "view_margin": 1.2,
  "plane_fit_q": 0.8,
  "height_mode": "adaptive",
  "top_candidate_q": 0.85,
  "height_band_m": 0.03,
  "basis_mode": "global",
  "plane_refine_enabled": true,
  "flip_x": true,
  "align_2d": false,
  "align_method": "none",
  "color_mode": "raw_z",
  "color_ref": "marker_all_raw_z",
  "invert_jet": false,
  "color_min": 0.10315992,
  "color_max": 0.312979,
  "color_q_min": 0.02,
  "color_q_max": 0.98,
  "plane_center": [
    6.502183668193261,
    -10.036689757998099,
    0.31258452004510384
  ],
  "plane_normal": [
    0.004640864520565096,
    0.001464613459102398,
    0.999988158570849
  ],
  "marker_origin": [
    6.502183668193261,
    -10.036689757998099,
    0.31258452004510384
  ],
  "image_u_axis_3d": [
    -0.9999892311292666,
    6.79714583626171e-06,
    0.004640859542903904
  ],
  "image_v_axis_3d": [
    8.470329472551474e-22,
    0.999998927429032,
    -0.0014646292315037997
  ],
  "u_min": -1.048912757256543,
  "u_max": 0.634036043304623,
  "v_min": -0.752870406461764,
  "v_max": 0.9303289885847903,
  "pixel_size_u_m": 0.0032934418797674484,
  "pixel_size_v_m": 0.0032939322799345485,
  "back_projection_note": {
    "pixel_to_uv": "u = u_min + px * pixel_size_u_m, v = v_max - py * pixel_size_v_m",
    "flip_x_note": "if flip_x is true, saved uv and image_u_axis_3d are already mirrored, so use the same pixel_to_uv formula",
    "point_on_plane_3d": "marker_origin + u * image_u_axis_3d + v * image_v_axis_3d",
    "direction_3d": "du * image_u_axis_3d + dv * image_v_axis_3d"
  },
  "debug": {
    "total_points": 100000,
    "basis_mode": "global",
    "height_mode": "adaptive",
    "top_candidate_q": 0.85,
    "height_band_m_input": 0.03,
    "height_band_m_used": 0.015,
    "id_height_center": 0.0008411451540061213,
    "top_id_points": 25680,
    "selected_height_min": -0.01316635539916769,
    "selected_height_max": 0.004765272559408581,
    "height_min": -0.219182879550386,
    "height_mean": -0.15105687204069942,
    "height_max": 0.004765272559408581,
    "height_q50": -0.2022682079169358,
    "height_q70": -0.20003714378185264,
    "height_q80": -0.0007796820088231295,
    "height_q85": 0.0003300566667892322,
    "height_q90": 0.001123480476993598,
    "height_q95": 0.0035890792472778963,
    "height_q99": 0.004257976425506337,
    "layer_selection": {
      "height_mode": "adaptive",
      "status": "adaptive_ok",
      "adaptive_search_q": 0.6,
      "adaptive_upper_q": 0.995,
      "adaptive_bins": 64,
      "adaptive_min_points": 300,
      "adaptive_chosen_bin": 63,
      "adaptive_bin_count": 9021,
      "adaptive_layer_bin_left": 62,
      "adaptive_layer_bin_right": 63,
      "adaptive_layer_lo": -0.0020210638308166273,
      "adaptive_layer_hi": 0.004412506783269586,
      "adaptive_layer_points": 22552,
      "adaptive_mad": 0.0011943358625026049,
      "adaptive_robust_sigma": 0.0017707223497463618,
      "id_height_center": 0.0008411451540061213,
      "height_band_m": 0.015,
      "selected_height_min": -0.01316635539916769,
      "selected_height_max": 0.004765272559408581,
      "selected_points": 25680,
      "selected_ratio": 0.2568
    },
    "plane_estimation": {
      "plane_refine_used": true,
      "coarse_plane_points": 100000,
      "coarse_plane_center": [
        6.7061773989798805,
        -9.946439371600064,
        0.1604469572802258
      ],
      "coarse_plane_normal": [
        0.009597449768413098,
        0.004349768448025127,
        0.99994448269411
      ],
      "coarse_id_layer": {
        "height_mode": "adaptive",
        "status": "adaptive_ok",
        "adaptive_search_q": 0.6,
        "adaptive_upper_q": 0.995,
        "adaptive_bins": 64,
        "adaptive_min_points": 300,
        "adaptive_chosen_bin": 63,
        "adaptive_bin_count": 6130,
        "adaptive_layer_bin_left": 63,
        "adaptive_layer_bin_right": 63,
        "adaptive_layer_lo": 0.15594472077323115,
        "adaptive_layer_hi": 0.15918795025615623,
        "adaptive_layer_points": 6130,
        "adaptive_mad": 0.0006196795849515158,
        "adaptive_robust_sigma": 0.0009187369526491172,
        "id_height_center": 0.1576536164865383,
        "height_band_m": 0.015,
        "selected_height_min": 0.14266237929810105,
        "selected_height_max": 0.16006938694505518,
        "selected_points": 24556,
        "selected_ratio": 0.24556
      },
      "plate_support": {
        "plate_status": "ok",
        "plate_lower": -0.05550100484555658,
        "plate_upper": 0.1526536164865383,
        "plate_lo": 0.14614878456991034,
        "plate_hi": 0.1526536164865383,
        "plate_bins": 64,
        "plate_chosen_bin": 63,
        "plate_bin_count": 9054,
        "plate_left_bin": 62,
        "plate_right_bin": 63,
        "plate_points": 15066,
        "plate_min_points": 500,
        "plane_refine_angle_deg": 0.32860944472342496
      }
    }
  }
}