{
  "source_file": "C:\\Users\\gkwld\\Desktop\\3D-Marker-Pose-Estimation\\CAD_to_PointCloud_conversion\\pointnet2\\result\\eval1_real_newmask_height_auto_boxexpand100\\train\\marker_points\\aug_000140_marker.xyz",
  "image_size": 512,
  "point_radius": 2,
  "view_margin": 1.2,
  "plane_fit_q": 0.8,
  "height_mode": "adaptive",
  "top_candidate_q": 0.85,
  "height_band_m": 0.03,
  "basis_mode": "global",
  "plane_refine_enabled": true,
  "flip_x": true,
  "align_2d": false,
  "align_method": "none",
  "color_mode": "raw_z",
  "color_ref": "marker_all_raw_z",
  "invert_jet": false,
  "color_min": 0.10323286000000001,
  "color_max": 0.312979,
  "color_q_min": 0.02,
  "color_q_max": 0.98,
  "plane_center": [
    8.640729066854806,
    8.313175384077134,
    0.31247371617569325
  ],
  "plane_normal": [
    -0.0034729393604179285,
    0.002531921551617455,
    0.9999907639890757
  ],
  "marker_origin": [
    8.640729066854806,
    8.313175384077134,
    0.31247371617569325
  ],
  "image_u_axis_3d": [
    -0.9999939693269149,
    -8.793263043379872e-06,
    -0.003472928228399904
  ],
  "image_v_axis_3d": [
    1.694065894510295e-21,
    0.9999967946418303,
    -0.002531936820898162
  ],
  "u_min": -0.9457791514620739,
  "u_max": 1.356378267372261,
  "v_min": -1.0449848558822508,
  "v_max": 1.2559640919939739,
  "pixel_size_u_m": 0.004505200428247231,
  "pixel_size_v_m": 0.004502835514434882,
  "back_projection_note": {
    "pixel_to_uv": "u = u_min + px * pixel_size_u_m, v = v_max - py * pixel_size_v_m",
    "flip_x_note": "if flip_x is true, saved uv and image_u_axis_3d are already mirrored, so use the same pixel_to_uv formula",
    "point_on_plane_3d": "marker_origin + u * image_u_axis_3d + v * image_v_axis_3d",
    "direction_3d": "du * image_u_axis_3d + dv * image_v_axis_3d"
  },
  "debug": {
    "total_points": 100000,
    "basis_mode": "global",
    "height_mode": "adaptive",
    "top_candidate_q": 0.85,
    "height_band_m_input": 0.03,
    "height_band_m_used": 0.015,
    "id_height_center": 0.0009047585483529843,
    "top_id_points": 25578,
    "selected_height_min": -0.01286662016518669,
    "selected_height_max": 0.004364663496588411,
    "height_min": -0.21871720853137586,
    "height_mean": -0.15125557860244132,
    "height_max": 0.004364663496588411,
    "height_q50": -0.20241750654851298,
    "height_q70": -0.20044349238252818,
    "height_q80": -0.0005104293477618123,
    "height_q85": 0.00045390900471659187,
    "height_q90": 0.001165267805811355,
    "height_q95": 0.0033375323962255114,
    "height_q99": 0.003916567070635728,
    "layer_selection": {
      "height_mode": "adaptive",
      "status": "adaptive_ok",
      "adaptive_search_q": 0.6,
      "adaptive_upper_q": 0.995,
      "adaptive_bins": 64,
      "adaptive_min_points": 300,
      "adaptive_chosen_bin": 63,
      "adaptive_bin_count": 11768,
      "adaptive_layer_bin_left": 62,
      "adaptive_layer_bin_right": 63,
      "adaptive_layer_lo": -0.0023648565686126,
      "adaptive_layer_hi": 0.004065381036829809,
      "adaptive_layer_points": 22675,
      "adaptive_mad": 0.001043906437416182,
      "adaptive_robust_sigma": 0.0015476956841132315,
      "id_height_center": 0.0009047585483529843,
      "height_band_m": 0.015,
      "selected_height_min": -0.01286662016518669,
      "selected_height_max": 0.004364663496588411,
      "selected_points": 25578,
      "selected_ratio": 0.25578
    },
    "plane_estimation": {
      "plane_refine_used": true,
      "coarse_plane_points": 100000,
      "coarse_plane_center": [
        8.434213306899968,
        8.414504632150038,
        0.16024295715022666
      ],
      "coarse_plane_normal": [
        -0.011020253017359186,
        0.004111769028335207,
        0.999930821295599
      ],
      "coarse_id_layer": {
        "height_mode": "adaptive",
        "status": "adaptive_ok",
        "adaptive_search_q": 0.6,
        "adaptive_upper_q": 0.995,
        "adaptive_bins": 64,
        "adaptive_min_points": 300,
        "adaptive_chosen_bin": 63,
        "adaptive_bin_count": 5012,
        "adaptive_layer_bin_left": 63,
        "adaptive_layer_bin_right": 63,
        "adaptive_layer_lo": 0.15721478402284975,
        "adaptive_layer_hi": 0.1604700539672445,
        "adaptive_layer_points": 5012,
        "adaptive_mad": 0.0007445379090941923,
        "adaptive_robust_sigma": 0.0011038519040230494,
        "id_height_center": 0.15867707035138956,
        "height_band_m": 0.015,
        "selected_height_min": 0.14372861176901564,
        "selected_height_max": 0.16152884096844333,
        "selected_points": 24294,
        "selected_ratio": 0.24294
      },
      "plate_support": {
        "plate_status": "ok",
        "plate_lower": -0.05526621559798634,
        "plate_upper": 0.15367707035138956,
        "plate_lo": 0.14388285382251256,
        "plate_hi": 0.15367707035138956,
        "plate_bins": 64,
        "plate_chosen_bin": 63,
        "plate_bin_count": 7830,
        "plate_left_bin": 61,
        "plate_right_bin": 63,
        "plate_points": 17007,
        "plate_min_points": 500,
        "plane_refine_angle_deg": 0.4418160490109006
      }
    }
  }
}