{
  "source_file": "C:\\Users\\gkwld\\Desktop\\3D-Marker-Pose-Estimation\\CAD_to_PointCloud_conversion\\pointnet2\\result\\eval1_real_newmask_height_auto_boxexpand100\\train\\marker_points\\aug_000182_marker.xyz",
  "image_size": 512,
  "point_radius": 2,
  "view_margin": 1.2,
  "plane_fit_q": 0.8,
  "height_mode": "adaptive",
  "top_candidate_q": 0.85,
  "height_band_m": 0.03,
  "basis_mode": "global",
  "plane_refine_enabled": true,
  "flip_x": true,
  "align_2d": false,
  "align_method": "none",
  "color_mode": "raw_z",
  "color_ref": "marker_all_raw_z",
  "invert_jet": false,
  "color_min": 0.10332582,
  "color_max": 0.312979,
  "color_q_min": 0.02,
  "color_q_max": 0.98,
  "plane_center": [
    0.3919195340441843,
    8.322952644365449,
    0.3125761368039143
  ],
  "plane_normal": [
    0.0019858175929629777,
    -0.005120537583240248,
    0.9999849181969427
  ],
  "marker_origin": [
    0.3919195340441843,
    8.322952644365449,
    0.3125761368039143
  ],
  "image_u_axis_3d": [
    -0.9999980282612998,
    -1.0168473667779327e-05,
    0.001985791558711228
  ],
  "image_v_axis_3d": [
    0.0,
    0.9999868899087933,
    0.005120547679617155
  ],
  "u_min": -0.9195393762778292,
  "u_max": 0.7923110268225599,
  "v_min": -1.0383603512871493,
  "v_max": 0.6730621461240405,
  "pixel_size_u_m": 0.0033500007888461625,
  "pixel_size_v_m": 0.003349163400021898,
  "back_projection_note": {
    "pixel_to_uv": "u = u_min + px * pixel_size_u_m, v = v_max - py * pixel_size_v_m",
    "flip_x_note": "if flip_x is true, saved uv and image_u_axis_3d are already mirrored, so use the same pixel_to_uv formula",
    "point_on_plane_3d": "marker_origin + u * image_u_axis_3d + v * image_v_axis_3d",
    "direction_3d": "du * image_u_axis_3d + dv * image_v_axis_3d"
  },
  "debug": {
    "total_points": 100000,
    "basis_mode": "global",
    "height_mode": "adaptive",
    "top_candidate_q": 0.85,
    "height_band_m_input": 0.03,
    "height_band_m_used": 0.015,
    "id_height_center": 0.0008369103953894646,
    "top_id_points": 25510,
    "selected_height_min": -0.013640391998845711,
    "selected_height_max": 0.0052537106071529355,
    "height_min": -0.2198184751603553,
    "height_mean": -0.15141908289171133,
    "height_max": 0.0052537106071529355,
    "height_q50": -0.20217227123319942,
    "height_q70": -0.19961961207642606,
    "height_q80": -0.001097434125877401,
    "height_q85": 0.000192918208520333,
    "height_q90": 0.001041519677758491,
    "height_q95": 0.003799810780283218,
    "height_q99": 0.004627361000260878,
    "layer_selection": {
      "height_mode": "adaptive",
      "status": "adaptive_ok",
      "adaptive_search_q": 0.6,
      "adaptive_upper_q": 0.995,
      "adaptive_bins": 64,
      "adaptive_min_points": 300,
      "adaptive_chosen_bin": 63,
      "adaptive_bin_count": 6906,
      "adaptive_layer_bin_left": 62,
      "adaptive_layer_bin_right": 63,
      "adaptive_layer_lo": -0.001620669012177084,
      "adaptive_layer_hi": 0.00482089805438556,
      "adaptive_layer_points": 21368,
      "adaptive_mad": 0.0012561084428926808,
      "adaptive_robust_sigma": 0.0018623063774326884,
      "id_height_center": 0.0008369103953894646,
      "height_band_m": 0.015,
      "selected_height_min": -0.013640391998845711,
      "selected_height_max": 0.0052537106071529355,
      "selected_points": 25510,
      "selected_ratio": 0.2551
    },
    "plane_estimation": {
      "plane_refine_used": true,
      "coarse_plane_points": 100000,
      "coarse_plane_center": [
        0.45690297617998743,
        8.143192638980096,
        0.16010524125022724
      ],
      "coarse_plane_normal": [
        0.006003522945445291,
        -0.009395501292272334,
        0.9999378392008729
      ],
      "coarse_id_layer": {
        "height_mode": "adaptive",
        "status": "adaptive_ok",
        "adaptive_search_q": 0.6,
        "adaptive_upper_q": 0.995,
        "adaptive_bins": 64,
        "adaptive_min_points": 300,
        "adaptive_chosen_bin": 63,
        "adaptive_bin_count": 5274,
        "adaptive_layer_bin_left": 63,
        "adaptive_layer_bin_right": 63,
        "adaptive_layer_lo": 0.15690709808272688,
        "adaptive_layer_hi": 0.16015978684832885,
        "adaptive_layer_points": 5274,
        "adaptive_mad": 0.0007210723324050233,
        "adaptive_robust_sigma": 0.0010690618400236876,
        "id_height_center": 0.15841568474331513,
        "height_band_m": 0.015,
        "selected_height_min": 0.14341572738857025,
        "selected_height_max": 0.16118039745676957,
        "selected_points": 24396,
        "selected_ratio": 0.24396
      },
      "plate_support": {
        "plate_status": "ok",
        "plate_lower": -0.055020626587224744,
        "plate_upper": 0.15341568474331513,
        "plate_lo": 0.14690205001423573,
        "plate_hi": 0.15341568474331513,
        "plate_bins": 64,
        "plate_chosen_bin": 63,
        "plate_bin_count": 8432,
        "plate_left_bin": 62,
        "plate_right_bin": 63,
        "plate_points": 14349,
        "plate_min_points": 500,
        "plane_refine_angle_deg": 0.3361440898998087
      }
    }
  }
}