{
  "source_file": "C:\\Users\\gkwld\\Desktop\\3D-Marker-Pose-Estimation\\CAD_to_PointCloud_conversion\\pointnet2\\result\\eval1_real_newmask_height_auto_boxexpand100\\train\\marker_points\\aug_000096_marker.xyz",
  "image_size": 512,
  "point_radius": 2,
  "view_margin": 1.2,
  "plane_fit_q": 0.8,
  "height_mode": "adaptive",
  "top_candidate_q": 0.85,
  "height_band_m": 0.03,
  "basis_mode": "global",
  "plane_refine_enabled": true,
  "flip_x": true,
  "align_2d": false,
  "align_method": "none",
  "color_mode": "raw_z",
  "color_ref": "marker_all_raw_z",
  "invert_jet": false,
  "color_min": 0.10173,
  "color_max": 0.310834,
  "color_q_min": 0.02,
  "color_q_max": 0.98,
  "plane_center": [
    -2.2793539336257327,
    4.984364069590643,
    0.3097665581871379
  ],
  "plane_normal": [
    -0.002239497233551895,
    0.010724125367225655,
    0.99993998709185
  ],
  "marker_origin": [
    -2.2793539336257327,
    4.984364069590643,
    0.3097665581871379
  ],
  "image_u_axis_3d": [
    -0.9999974923219263,
    -2.4016709318292882e-05,
    -0.002239368450420799
  ],
  "image_v_axis_3d": [
    3.38813178902059e-21,
    0.9999424946247187,
    -0.010724152259936413
  ],
  "u_min": -1.035245418515999,
  "u_max": 1.2412263049322707,
  "v_min": -0.6299337045608411,
  "v_max": 1.6456374431222405,
  "pixel_size_u_m": 0.004454934879546516,
  "pixel_size_v_m": 0.004453172500358281,
  "back_projection_note": {
    "pixel_to_uv": "u = u_min + px * pixel_size_u_m, v = v_max - py * pixel_size_v_m",
    "flip_x_note": "if flip_x is true, saved uv and image_u_axis_3d are already mirrored, so use the same pixel_to_uv formula",
    "point_on_plane_3d": "marker_origin + u * image_u_axis_3d + v * image_v_axis_3d",
    "direction_3d": "du * image_u_axis_3d + dv * image_v_axis_3d"
  },
  "debug": {
    "total_points": 100000,
    "basis_mode": "global",
    "height_mode": "adaptive",
    "top_candidate_q": 0.85,
    "height_band_m_input": 0.03,
    "height_band_m_used": 0.016334160372059897,
    "id_height_center": 0.006227554096883036,
    "top_id_points": 25885,
    "selected_height_min": -0.010087067854654705,
    "selected_height_max": 0.015146885324805412,
    "height_min": -0.21991434276421523,
    "height_mean": -0.1448653967015514,
    "height_max": 0.015146885324805412,
    "height_q50": -0.1954157464138906,
    "height_q70": -0.18985640908495421,
    "height_q80": 0.0018173029266084957,
    "height_q85": 0.004005306295556853,
    "height_q90": 0.007042102757080152,
    "height_q95": 0.010580620902604905,
    "height_q99": 0.013666099199115576,
    "layer_selection": {
      "height_mode": "adaptive",
      "status": "adaptive_ok",
      "adaptive_search_q": 0.6,
      "adaptive_upper_q": 0.995,
      "adaptive_bins": 64,
      "adaptive_min_points": 300,
      "adaptive_chosen_bin": 63,
      "adaptive_bin_count": 4085,
      "adaptive_layer_bin_left": 59,
      "adaptive_layer_bin_right": 63,
      "adaptive_layer_lo": -0.0020904729104156416,
      "adaptive_layer_hi": 0.014128761211505332,
      "adaptive_layer_points": 24243,
      "adaptive_mad": 0.0036724134115877285,
      "adaptive_robust_sigma": 0.005444720124019966,
      "id_height_center": 0.006227554096883036,
      "height_band_m": 0.016334160372059897,
      "selected_height_min": -0.010087067854654705,
      "selected_height_max": 0.015146885324805412,
      "selected_points": 25885,
      "selected_ratio": 0.25885
    },
    "plane_estimation": {
      "plane_refine_used": true,
      "coarse_plane_points": 100000,
      "coarse_plane_center": [
        -2.3869704395399745,
        5.488193774690095,
        0.159247988640251
      ],
      "coarse_plane_normal": [
        -0.0016669836754033389,
        0.011263529454506212,
        0.9999351749326821
      ],
      "coarse_id_layer": {
        "height_mode": "adaptive",
        "status": "adaptive_ok",
        "adaptive_search_q": 0.6,
        "adaptive_upper_q": 0.995,
        "adaptive_bins": 64,
        "adaptive_min_points": 300,
        "adaptive_chosen_bin": 63,
        "adaptive_bin_count": 4122,
        "adaptive_layer_bin_left": 59,
        "adaptive_layer_bin_right": 63,
        "adaptive_layer_lo": 0.14305716897000764,
        "adaptive_layer_hi": 0.15929122771771603,
        "adaptive_layer_points": 24149,
        "adaptive_mad": 0.003793489499752223,
        "adaptive_robust_sigma": 0.005624227532332645,
        "id_height_center": 0.15089906426326072,
        "height_band_m": 0.016872682596997934,
        "selected_height_min": 0.1340336850771058,
        "selected_height_max": 0.16034760012375296,
        "selected_points": 25896,
        "selected_ratio": 0.25896
      },
      "plate_support": {
        "plate_status": "ok",
        "plate_lower": -0.05548299899333345,
        "plate_upper": 0.1458990642632607,
        "plate_lo": 0.14275246952487644,
        "plate_hi": 0.1458990642632607,
        "plate_bins": 64,
        "plate_chosen_bin": 63,
        "plate_bin_count": 3420,
        "plate_left_bin": 63,
        "plate_right_bin": 63,
        "plate_points": 3420,
        "plate_min_points": 500,
        "plane_refine_angle_deg": 0.04506944914869104
      }
    }
  }
}