{
  "source_file": "C:\\Users\\gkwld\\Desktop\\3D-Marker-Pose-Estimation\\CAD_to_PointCloud_conversion\\pointnet2\\result\\eval1_real_newmask_height_auto_boxexpand100\\train\\marker_points\\aug_000145_marker.xyz",
  "image_size": 512,
  "point_radius": 2,
  "view_margin": 1.2,
  "plane_fit_q": 0.8,
  "height_mode": "adaptive",
  "top_candidate_q": 0.85,
  "height_band_m": 0.03,
  "basis_mode": "global",
  "plane_refine_enabled": true,
  "flip_x": true,
  "align_2d": false,
  "align_method": "none",
  "color_mode": "raw_z",
  "color_ref": "marker_all_raw_z",
  "invert_jet": false,
  "color_min": 0.1035729,
  "color_max": 0.312979,
  "color_q_min": 0.02,
  "color_q_max": 0.98,
  "plane_center": [
    -8.506596102648556,
    6.306732972347968,
    0.3125498773157278
  ],
  "plane_normal": [
    -0.0021644433283914822,
    -0.004980462734503312,
    0.9999852549783065
  ],
  "marker_origin": [
    -8.506596102648556,
    6.306732972347968,
    0.3125498773157278
  ],
  "image_u_axis_3d": [
    -0.9999976575887958,
    1.0779954589062943e-05,
    -0.002164416483576744
  ],
  "image_v_axis_3d": [
    0.0,
    0.9999875973594587,
    0.004980474400817371
  ],
  "u_min": -1.0710589639692982,
  "u_max": 1.2375716865292572,
  "v_min": -1.3485545067676739,
  "v_max": 0.9659010969050394,
  "pixel_size_u_m": 0.004517868200584257,
  "pixel_size_v_m": 0.004529267326169694,
  "back_projection_note": {
    "pixel_to_uv": "u = u_min + px * pixel_size_u_m, v = v_max - py * pixel_size_v_m",
    "flip_x_note": "if flip_x is true, saved uv and image_u_axis_3d are already mirrored, so use the same pixel_to_uv formula",
    "point_on_plane_3d": "marker_origin + u * image_u_axis_3d + v * image_v_axis_3d",
    "direction_3d": "du * image_u_axis_3d + dv * image_v_axis_3d"
  },
  "debug": {
    "total_points": 100000,
    "basis_mode": "global",
    "height_mode": "adaptive",
    "top_candidate_q": 0.85,
    "height_band_m_input": 0.03,
    "height_band_m_used": 0.015,
    "id_height_center": 0.0009511130432920338,
    "top_id_points": 25796,
    "selected_height_min": -0.013509115701072787,
    "selected_height_max": 0.005311040884994263,
    "height_min": -0.219681381555564,
    "height_mean": -0.15073955255047672,
    "height_max": 0.005311040884994263,
    "height_q50": -0.2020918706087505,
    "height_q70": -0.19953028726003372,
    "height_q80": -0.0009394140020168271,
    "height_q85": 0.0003246947325158269,
    "height_q90": 0.0011644173715060439,
    "height_q95": 0.003895109965807067,
    "height_q99": 0.004697165193991489,
    "layer_selection": {
      "height_mode": "adaptive",
      "status": "adaptive_ok",
      "adaptive_search_q": 0.6,
      "adaptive_upper_q": 0.995,
      "adaptive_bins": 64,
      "adaptive_min_points": 300,
      "adaptive_chosen_bin": 63,
      "adaptive_bin_count": 7107,
      "adaptive_layer_bin_left": 62,
      "adaptive_layer_bin_right": 63,
      "adaptive_layer_lo": -0.0015417153212278212,
      "adaptive_layer_hi": 0.004899942457598131,
      "adaptive_layer_points": 21726,
      "adaptive_mad": 0.0013363717191170216,
      "adaptive_robust_sigma": 0.001981304710762896,
      "id_height_center": 0.0009511130432920338,
      "height_band_m": 0.015,
      "selected_height_min": -0.013509115701072787,
      "selected_height_max": 0.005311040884994263,
      "selected_points": 25796,
      "selected_ratio": 0.25796
    },
    "plane_estimation": {
      "plane_refine_used": true,
      "coarse_plane_points": 100000,
      "coarse_plane_center": [
        -8.58415053324988,
        6.116351066350077,
        0.16069203346022815
      ],
      "coarse_plane_normal": [
        -0.0019250496053605118,
        -0.010569450591176732,
        0.9999422887828165
      ],
      "coarse_id_layer": {
        "height_mode": "adaptive",
        "status": "adaptive_ok",
        "adaptive_search_q": 0.6,
        "adaptive_upper_q": 0.995,
        "adaptive_bins": 64,
        "adaptive_min_points": 300,
        "adaptive_chosen_bin": 63,
        "adaptive_bin_count": 5355,
        "adaptive_layer_bin_left": 63,
        "adaptive_layer_bin_right": 63,
        "adaptive_layer_lo": 0.15613073861955834,
        "adaptive_layer_hi": 0.1593818192843616,
        "adaptive_layer_points": 5355,
        "adaptive_mad": 0.0007172393949066158,
        "adaptive_robust_sigma": 0.0010633791268885486,
        "id_height_center": 0.15761922164178854,
        "height_band_m": 0.015,
        "selected_height_min": 0.1426199056334772,
        "selected_height_max": 0.160363120300606,
        "selected_points": 24807,
        "selected_ratio": 0.24807
      },
      "plate_support": {
        "plate_status": "ok",
        "plate_lower": -0.05543853742162409,
        "plate_upper": 0.15261922164178854,
        "plate_lo": 0.14611741667105688,
        "plate_hi": 0.15261922164178854,
        "plate_bins": 64,
        "plate_chosen_bin": 63,
        "plate_bin_count": 8394,
        "plate_left_bin": 62,
        "plate_right_bin": 63,
        "plate_points": 14574,
        "plate_min_points": 500,
        "plane_refine_angle_deg": 0.3205289284400625
      }
    }
  }
}