{
	"class_name" : "PinholeCameraParameters",
	"extrinsic" : 
	[
		0.98776297452323047,
		0.0034806736279475448,
		-0.1559236706600888,
		0.0,
		0.12621768436080033,
		-0.60511381587998159,
		0.78607020423481599,
		0.0,
		-0.091615513509544402,
		-0.79613136776681748,
		-0.59814834526404825,
		0.0,
		0.46315006886154658,
		-0.69561059597800046,
		-0.45385075601468933,
		1.0
	],
	"intrinsic" : 
	{
		"height" : 1080,
		"intrinsic_matrix" : 
		[
			935.30743608719376,
			0.0,
			0.0,
			0.0,
			935.30743608719376,
			0.0,
			959.5,
			539.5,
			1.0
		],
		"width" : 1920
	},
	"version_major" : 1,
	"version_minor" : 0
}