{
  "source_file": "/Users/hajiwan/Desktop/object_detection/result/eval1_real_newmask_height_auto_boxexpand100/val/marker_points/1_19_2026_165420_complete_denoise_marker.xyz",
  "image_size": 512,
  "point_radius": 2,
  "view_margin": 1.2,
  "plane_fit_q": 0.8,
  "height_mode": "adaptive",
  "top_candidate_q": 0.85,
  "height_band_m": 0.03,
  "basis_mode": "global",
  "plane_refine_enabled": true,
  "align_2d": false,
  "align_method": "none",
  "color_mode": "raw_z",
  "color_ref": "marker_all_raw_z",
  "invert_jet": false,
  "color_min": -1.599,
  "color_max": -1.348,
  "color_q_min": 0.02,
  "color_q_max": 0.98,
  "plane_center": [
    -0.9438318746183644,
    0.5832882149399549,
    -1.4229132912680755
  ],
  "plane_normal": [
    -0.07085885923471437,
    -0.05324596471247335,
    0.9960641993906784
  ],
  "marker_origin": [
    -0.9438318746183644,
    0.5832882149399549,
    -1.4229132912680755
  ],
  "image_u_axis_3d": [
    0.9974863518193972,
    -0.0037824560822194726,
    0.07075783319188793
  ],
  "image_v_axis_3d": [
    8.673617379892731e-19,
    0.9985742637710148,
    0.05338014361329439
  ],
  "u_min": -1.0114875479132288,
  "u_max": 0.3092053311384172,
  "v_min": -0.49004518418231574,
  "v_max": 0.4564861619870299,
  "pixel_size_u_m": 0.0025845261820971544,
  "pixel_size_v_m": 0.0018523118320339445,
  "back_projection_note": {
    "pixel_to_uv": "u = u_min + px * pixel_size_u_m, v = v_max - py * pixel_size_v_m",
    "point_on_plane_3d": "marker_origin + u * image_u_axis_3d + v * image_v_axis_3d",
    "direction_3d": "du * image_u_axis_3d + dv * image_v_axis_3d"
  },
  "debug": {
    "total_points": 140317,
    "basis_mode": "global",
    "height_mode": "adaptive",
    "top_candidate_q": 0.85,
    "height_band_m_input": 0.03,
    "height_band_m_used": 0.06099999999999999,
    "id_height_center": 0.010838903208371838,
    "top_id_points": 40918,
    "selected_height_min": -0.05015860897450636,
    "selected_height_max": 0.07183702216623515,
    "height_min": -0.18772616432323563,
    "height_mean": -0.05436055991511201,
    "height_max": 0.13966953347777714,
    "height_q50": -0.07942368348192118,
    "height_q70": -0.025870590626282206,
    "height_q80": 0.017309395374477773,
    "height_q85": 0.04995088815839056,
    "height_q90": 0.07011905966209897,
    "height_q95": 0.08784827150406395,
    "height_q99": 0.10312391538399629,
    "layer_selection": {
      "height_mode": "keep_upper_down_expand",
      "selection_rule": "upper_fixed_lower_expanded",
      "body_down_expand_m": 0.01,
      "base_id_height_center": 0.015838903208371842,
      "base_height_band_m_used": 0.055999999999999994,
      "base_lower": -0.04016109679162815,
      "base_upper_fixed": 0.07183890320837183,
      "id_height_center": 0.010838903208371838,
      "height_band_m": 0.06099999999999999,
      "height_band_m_used": 0.06099999999999999,
      "new_lower_expanded": -0.050161096791628154,
      "new_upper_fixed": 0.07183890320837183,
      "center_shift_m": -0.0050000000000000044,
      "selected_height_min": -0.05015860897450636,
      "selected_height_max": 0.07183702216623515
    },
    "plane_estimation": {
      "plane_refine_used": true,
      "coarse_plane_points": 112378,
      "coarse_plane_center": [
        -1.1952578529605398,
        0.5736169268006192,
        -1.5263069284022555
      ],
      "coarse_plane_normal": [
        -0.06131220548673578,
        -0.04088352833122249,
        0.9972809787454799
      ],
      "coarse_id_layer": {
        "height_mode": "keep_upper_down_expand",
        "selection_rule": "upper_fixed_lower_expanded",
        "body_down_expand_m": 0.01,
        "base_id_height_center": 0.10403965982246552,
        "base_height_band_m_used": 0.055999999999999994,
        "base_lower": 0.048039659822465525,
        "base_upper_fixed": 0.1600396598224655,
        "id_height_center": 0.09903965982246551,
        "height_band_m": 0.061,
        "height_band_m_used": 0.061,
        "new_lower_expanded": 0.03803965982246552,
        "new_upper_fixed": 0.1600396598224655,
        "center_shift_m": -0.0050000000000000044,
        "selected_height_min": 0.038040595820047755,
        "selected_height_max": 0.1600358159043223
      },
      "plate_support": {
        "plate_status": "ok",
        "plate_lower": -0.033613006607570904,
        "plate_upper": 0.09403965982246551,
        "plate_lo": 0.07808307651871096,
        "plate_hi": 0.09403965982246551,
        "plate_bins": 64,
        "plate_chosen_bin": 63,
        "plate_bin_count": 857,
        "plate_left_bin": 56,
        "plate_right_bin": 63,
        "plate_points": 4913,
        "plate_min_points": 702,
        "plane_refine_angle_deg": 0.8976513660569321
      }
    }
  }
}