{
  "source_file": "/Users/hajiwan/Desktop/object_detection/result/eval1_real_newmask_height_auto_boxexpand100/val/marker_points/1_19_2026_163055_complete_denoise_marker.xyz",
  "image_size": 512,
  "point_radius": 2,
  "view_margin": 1.2,
  "plane_fit_q": 0.8,
  "height_mode": "adaptive",
  "top_candidate_q": 0.85,
  "height_band_m": 0.03,
  "basis_mode": "global",
  "plane_refine_enabled": true,
  "align_2d": false,
  "align_method": "none",
  "color_mode": "raw_z",
  "color_ref": "marker_all_raw_z",
  "invert_jet": false,
  "color_min": -1.589,
  "color_max": -1.378,
  "color_q_min": 0.02,
  "color_q_max": 0.98,
  "plane_center": [
    -0.8505267529929144,
    0.5777195211336423,
    -1.4238993403371898
  ],
  "plane_normal": [
    0.07788645784826166,
    0.030984622604336685,
    0.9964806334515076
  ],
  "marker_origin": [
    -0.8505267529929144,
    0.5777195211336423,
    -1.4238993403371898
  ],
  "image_u_axis_3d": [
    0.9969622358353747,
    -0.0024206358231713913,
    -0.07784883324967895
  ],
  "image_v_axis_3d": [
    -4.336808689946368e-19,
    0.9995169301629055,
    -0.0310790333781734
  ],
  "u_min": -0.7392393485428992,
  "u_max": 0.3039291831171665,
  "v_min": -0.4691181094377524,
  "v_max": 0.49200248310431766,
  "pixel_size_u_m": 0.0020414256979649032,
  "pixel_size_v_m": 0.0018808622163249903,
  "back_projection_note": {
    "pixel_to_uv": "u = u_min + px * pixel_size_u_m, v = v_max - py * pixel_size_v_m",
    "point_on_plane_3d": "marker_origin + u * image_u_axis_3d + v * image_v_axis_3d",
    "direction_3d": "du * image_u_axis_3d + dv * image_v_axis_3d"
  },
  "debug": {
    "total_points": 80568,
    "basis_mode": "global",
    "height_mode": "adaptive",
    "top_candidate_q": 0.85,
    "height_band_m_input": 0.03,
    "height_band_m_used": 0.035547113656756224,
    "id_height_center": 0.010185554683415022,
    "top_id_points": 24171,
    "selected_height_min": -0.025311726795150206,
    "selected_height_max": 0.043212398303951675,
    "height_min": -0.2314604725014599,
    "height_mean": -0.0800365727550348,
    "height_max": 0.06883386664163574,
    "height_q50": -0.10967617737844854,
    "height_q70": -0.025172037347179488,
    "height_q80": 0.010012160916193613,
    "height_q85": 0.01530858725858788,
    "height_q90": 0.02102032208638851,
    "height_q95": 0.026648629633910233,
    "height_q99": 0.03461658792407231,
    "layer_selection": {
      "height_mode": "keep_upper_down_expand",
      "selection_rule": "upper_fixed_lower_expanded",
      "body_down_expand_m": 0.01,
      "base_id_height_center": 0.015185554683415023,
      "base_height_band_m_used": 0.03054711365675622,
      "base_lower": -0.015361558973341197,
      "base_upper_fixed": 0.04573266834017124,
      "id_height_center": 0.010185554683415022,
      "height_band_m": 0.035547113656756224,
      "height_band_m_used": 0.035547113656756224,
      "new_lower_expanded": -0.0253615589733412,
      "new_upper_fixed": 0.04573266834017124,
      "center_shift_m": -0.005000000000000001,
      "selected_height_min": -0.025311726795150206,
      "selected_height_max": 0.043212398303951675
    },
    "plane_estimation": {
      "plane_refine_used": true,
      "coarse_plane_points": 64610,
      "coarse_plane_center": [
        -0.9733764897074814,
        0.5633227054635508,
        -1.519224655626253
      ],
      "coarse_plane_normal": [
        0.0788730918429756,
        0.0341047805030081,
        0.9963011087658042
      ],
      "coarse_id_layer": {
        "height_mode": "keep_upper_down_expand",
        "selection_rule": "upper_fixed_lower_expanded",
        "body_down_expand_m": 0.01,
        "base_id_height_center": 0.12059335641239774,
        "base_height_band_m_used": 0.029493925491594217,
        "base_lower": 0.09109943092080353,
        "base_upper_fixed": 0.15008728190399195,
        "id_height_center": 0.11559335641239774,
        "height_band_m": 0.03449392549159421,
        "height_band_m_used": 0.03449392549159421,
        "new_lower_expanded": 0.08109943092080353,
        "new_upper_fixed": 0.15008728190399195,
        "center_shift_m": -0.0050000000000000044,
        "selected_height_min": 0.08109982583723223,
        "selected_height_max": 0.14815434619157722
      },
      "plate_support": {
        "plate_status": "ok",
        "plate_lower": -0.0308263985823134,
        "plate_upper": 0.11059335641239773,
        "plate_lo": 0.09733525438164356,
        "plate_hi": 0.11059335641239773,
        "plate_bins": 64,
        "plate_chosen_bin": 63,
        "plate_bin_count": 1046,
        "plate_left_bin": 58,
        "plate_right_bin": 63,
        "plate_points": 4093,
        "plate_min_points": 403,
        "plane_refine_angle_deg": 0.18777877452845365
      }
    }
  }
}