{
  "source_file": "/Users/hajiwan/Desktop/object_detection/result/eval1_real_newmask_height_auto_boxexpand100/val/marker_points/1_19_2026_164738_complete_denoise_marker.xyz",
  "image_size": 512,
  "point_radius": 2,
  "view_margin": 1.2,
  "plane_fit_q": 0.8,
  "height_mode": "adaptive",
  "top_candidate_q": 0.85,
  "height_band_m": 0.03,
  "basis_mode": "global",
  "plane_refine_enabled": true,
  "align_2d": false,
  "align_method": "none",
  "color_mode": "raw_z",
  "color_ref": "marker_all_raw_z",
  "invert_jet": false,
  "color_min": -1.578,
  "color_max": -1.356,
  "color_q_min": 0.02,
  "color_q_max": 0.98,
  "plane_center": [
    -0.9749366290643663,
    0.6323284671532854,
    -1.4145992037159998
  ],
  "plane_normal": [
    0.03649501371082229,
    -0.03749250796893135,
    0.9986302748357104
  ],
  "marker_origin": [
    -0.9749366290643663,
    0.6323284671532854,
    -1.4145992037159998
  ],
  "image_u_axis_3d": [
    0.9993338350982873,
    0.0013692017064967621,
    -0.03646932015317401
  ],
  "image_v_axis_3d": [
    0.0,
    0.9992959707368416,
    0.03751750081113429
  ],
  "u_min": -0.684522081128945,
  "u_max": 0.3280276808705203,
  "v_min": -0.4788821442344,
  "v_max": 0.39476593353772504,
  "pixel_size_u_m": 0.0019815063835605974,
  "pixel_size_v_m": 0.0017096831267556264,
  "back_projection_note": {
    "pixel_to_uv": "u = u_min + px * pixel_size_u_m, v = v_max - py * pixel_size_v_m",
    "point_on_plane_3d": "marker_origin + u * image_u_axis_3d + v * image_v_axis_3d",
    "direction_3d": "du * image_u_axis_3d + dv * image_v_axis_3d"
  },
  "debug": {
    "total_points": 29100,
    "basis_mode": "global",
    "height_mode": "adaptive",
    "top_candidate_q": 0.85,
    "height_band_m_input": 0.03,
    "height_band_m_used": 0.0675303424797291,
    "id_height_center": 0.01524698425013191,
    "top_id_points": 9876,
    "selected_height_min": -0.05225141745363369,
    "selected_height_max": 0.08277093655566509,
    "height_min": -0.2080208118631734,
    "height_mean": -0.0764325878336106,
    "height_max": 0.08287555838130026,
    "height_q50": -0.1074099892856471,
    "height_q70": -0.008491926131072466,
    "height_q80": 0.010759969327228915,
    "height_q85": 0.022264373246660817,
    "height_q90": 0.03404997774297993,
    "height_q95": 0.046000914682359,
    "height_q99": 0.06039326201463318,
    "layer_selection": {
      "height_mode": "keep_upper_down_expand",
      "selection_rule": "upper_fixed_lower_expanded",
      "body_down_expand_m": 0.01,
      "base_id_height_center": 0.020246984250131907,
      "base_height_band_m_used": 0.06253034247972909,
      "base_lower": -0.04228335822959718,
      "base_upper_fixed": 0.082777326729861,
      "id_height_center": 0.01524698425013191,
      "height_band_m": 0.0675303424797291,
      "height_band_m_used": 0.0675303424797291,
      "new_lower_expanded": -0.052283358229597184,
      "new_upper_fixed": 0.082777326729861,
      "center_shift_m": -0.0049999999999999975,
      "selected_height_min": -0.05225141745363369,
      "selected_height_max": 0.08277093655566509
    },
    "plane_estimation": {
      "plane_refine_used": true,
      "coarse_plane_points": 23308,
      "coarse_plane_center": [
        -1.069616011669808,
        0.5672976231336876,
        -1.5177880126995016
      ],
      "coarse_plane_normal": [
        0.0340875704701008,
        -0.05557580339317395,
        0.9978724205100816
      ],
      "coarse_id_layer": {
        "height_mode": "keep_upper_down_expand",
        "selection_rule": "upper_fixed_lower_expanded",
        "body_down_expand_m": 0.01,
        "base_id_height_center": 0.12215548464133277,
        "base_height_band_m_used": 0.06418533457015221,
        "base_lower": 0.05797015007118056,
        "base_upper_fixed": 0.186340819211485,
        "id_height_center": 0.11715548464133277,
        "height_band_m": 0.06918533457015222,
        "height_band_m_used": 0.06918533457015222,
        "new_lower_expanded": 0.04797015007118056,
        "new_upper_fixed": 0.186340819211485,
        "center_shift_m": -0.0050000000000000044,
        "selected_height_min": 0.04797722723077685,
        "selected_height_max": 0.18582476738847384
      },
      "plate_support": {
        "plate_status": "ok",
        "plate_lower": -0.036133440820298644,
        "plate_upper": 0.11215548464133276,
        "plate_lo": 0.08898534003795286,
        "plate_hi": 0.11215548464133276,
        "plate_bins": 64,
        "plate_chosen_bin": 63,
        "plate_bin_count": 334,
        "plate_left_bin": 54,
        "plate_right_bin": 63,
        "plate_points": 3014,
        "plate_min_points": 146,
        "plane_refine_angle_deg": 1.0461540431237846
      }
    }
  }
}