{
  "source_file": "/Users/hajiwan/Desktop/object_detection/result/eval1_real_newmask_height_auto_boxexpand100/val/marker_points/1_19_2026_164154_complete_denoise_marker.xyz",
  "image_size": 512,
  "point_radius": 2,
  "view_margin": 1.2,
  "plane_fit_q": 0.8,
  "height_mode": "adaptive",
  "top_candidate_q": 0.85,
  "height_band_m": 0.03,
  "basis_mode": "global",
  "plane_refine_enabled": true,
  "align_2d": false,
  "align_method": "none",
  "color_mode": "raw_z",
  "color_ref": "marker_all_raw_z",
  "invert_jet": false,
  "color_min": -1.619,
  "color_max": -1.315,
  "color_q_min": 0.02,
  "color_q_max": 0.98,
  "plane_center": [
    -1.3500923737916213,
    1.0532534908700322,
    -1.4675252416756102
  ],
  "plane_normal": [
    -0.037073821540872916,
    -0.07562702874367738,
    0.9964467292724475
  ],
  "marker_origin": [
    -1.3500923737916213,
    1.0532534908700322,
    -1.4675252416756102
  ],
  "image_u_axis_3d": [
    0.9993125295693834,
    -0.0028057118112109988,
    0.036967502280671125
  ],
  "image_v_axis_3d": [
    0.0,
    0.9971322281937514,
    0.07567905585672043
  ],
  "u_min": -0.4396266558165316,
  "u_max": 0.4677677996242142,
  "v_min": -0.3901225894108827,
  "v_max": 0.5371465211994353,
  "pixel_size_u_m": 0.0017757230047764107,
  "pixel_size_v_m": 0.0018146166548147122,
  "back_projection_note": {
    "pixel_to_uv": "u = u_min + px * pixel_size_u_m, v = v_max - py * pixel_size_v_m",
    "point_on_plane_3d": "marker_origin + u * image_u_axis_3d + v * image_v_axis_3d",
    "direction_3d": "du * image_u_axis_3d + dv * image_v_axis_3d"
  },
  "debug": {
    "total_points": 17448,
    "basis_mode": "global",
    "height_mode": "adaptive",
    "top_candidate_q": 0.85,
    "height_band_m_input": 0.03,
    "height_band_m_used": 0.08499999999999999,
    "id_height_center": 0.06060035657292054,
    "top_id_points": 5897,
    "selected_height_min": -0.024399083381395504,
    "selected_height_max": 0.14419679624840123,
    "height_min": -0.1983140973431219,
    "height_mean": -0.02327299048983567,
    "height_max": 0.2472552386440829,
    "height_q50": -0.04819425252121862,
    "height_q70": 0.006255291415953856,
    "height_q80": 0.06824553581218255,
    "height_q85": 0.07955551325043901,
    "height_q90": 0.09059672180778205,
    "height_q95": 0.10642460266108326,
    "height_q99": 0.17383599142272263,
    "layer_selection": {
      "height_mode": "keep_upper_down_expand",
      "selection_rule": "upper_fixed_lower_expanded",
      "body_down_expand_m": 0.01,
      "base_id_height_center": 0.06560035657292054,
      "base_height_band_m_used": 0.08,
      "base_lower": -0.014399643427079459,
      "base_upper_fixed": 0.14560035657292053,
      "id_height_center": 0.06060035657292054,
      "height_band_m": 0.08499999999999999,
      "height_band_m_used": 0.08499999999999999,
      "new_lower_expanded": -0.02439964342707946,
      "new_upper_fixed": 0.14560035657292053,
      "center_shift_m": -0.0050000000000000044,
      "selected_height_min": -0.024399083381395504,
      "selected_height_max": 0.14419679624840123
    },
    "plane_estimation": {
      "plane_refine_used": true,
      "coarse_plane_points": 13967,
      "coarse_plane_center": [
        -1.3103981527887174,
        1.059419631989685,
        -1.5198891673229686
      ],
      "coarse_plane_normal": [
        -0.02163115611042181,
        -0.07490865441873057,
        0.996955759588409
      ],
      "coarse_id_layer": {
        "height_mode": "keep_upper_down_expand",
        "selection_rule": "upper_fixed_lower_expanded",
        "body_down_expand_m": 0.01,
        "base_id_height_center": 0.11923063252019352,
        "base_height_band_m_used": 0.08,
        "base_lower": 0.039230632520193515,
        "base_upper_fixed": 0.19923063252019352,
        "id_height_center": 0.11423063252019351,
        "height_band_m": 0.085,
        "height_band_m_used": 0.085,
        "new_lower_expanded": 0.029230632520193513,
        "new_upper_fixed": 0.19923063252019352,
        "center_shift_m": -0.0050000000000000044,
        "selected_height_min": 0.02925234488357148,
        "selected_height_max": 0.1990302852837087
      },
      "plate_support": {
        "plate_status": "ok",
        "plate_lower": -0.027639685331305116,
        "plate_upper": 0.10923063252019351,
        "plate_lo": 0.038656874878014516,
        "plate_hi": 0.06859725690802984,
        "plate_bins": 64,
        "plate_chosen_bin": 36,
        "plate_bin_count": 110,
        "plate_left_bin": 31,
        "plate_right_bin": 44,
        "plate_points": 931,
        "plate_min_points": 88,
        "plane_refine_angle_deg": 0.8862452637725267
      }
    }
  }
}