{
  "source_file": "/Users/hajiwan/Desktop/object_detection/result/eval1_real_newmask_height_auto_boxexpand100/val/marker_points/1_19_2026_162954_complete_denoise_marker.xyz",
  "image_size": 512,
  "point_radius": 2,
  "view_margin": 1.2,
  "plane_fit_q": 0.8,
  "height_mode": "adaptive",
  "top_candidate_q": 0.85,
  "height_band_m": 0.03,
  "basis_mode": "global",
  "plane_refine_enabled": true,
  "align_2d": false,
  "align_method": "none",
  "color_mode": "raw_z",
  "color_ref": "marker_all_raw_z",
  "invert_jet": false,
  "color_min": -1.59,
  "color_max": -1.374,
  "color_q_min": 0.02,
  "color_q_max": 0.98,
  "plane_center": [
    -0.8547897934386387,
    0.5893948967193191,
    -1.4245261239368159
  ],
  "plane_normal": [
    0.07394300560069271,
    0.02556892814673392,
    0.9969346326786743
  ],
  "marker_origin": [
    -0.8547897934386387,
    0.5893948967193191,
    -1.4245261239368159
  ],
  "image_u_axis_3d": [
    0.9972624689221751,
    -0.0018958332997302718,
    -0.07391869786016125
  ],
  "image_v_axis_3d": [
    2.1684043449731832e-19,
    0.9996712638300287,
    -0.025639116023631205
  ],
  "u_min": -0.7207673568189212,
  "u_max": 0.3051202318091491,
  "v_min": -0.48167188284020956,
  "v_max": 0.47755072123488274,
  "pixel_size_u_m": 0.002007607805534384,
  "pixel_size_v_m": 0.0018771479531802197,
  "back_projection_note": {
    "pixel_to_uv": "u = u_min + px * pixel_size_u_m, v = v_max - py * pixel_size_v_m",
    "point_on_plane_3d": "marker_origin + u * image_u_axis_3d + v * image_v_axis_3d",
    "direction_3d": "du * image_u_axis_3d + dv * image_v_axis_3d"
  },
  "debug": {
    "total_points": 14533,
    "basis_mode": "global",
    "height_mode": "adaptive",
    "top_candidate_q": 0.85,
    "height_band_m_input": 0.03,
    "height_band_m_used": 0.03694299408016288,
    "id_height_center": 0.011394132419800352,
    "top_id_points": 4451,
    "selected_height_min": -0.02550409681355814,
    "selected_height_max": 0.04726793642379432,
    "height_min": -0.2338975134755559,
    "height_mean": -0.07836337651051564,
    "height_max": 0.07411401651383323,
    "height_q50": -0.10763108564151955,
    "height_q70": -0.014260208710140086,
    "height_q80": 0.011318389046456037,
    "height_q85": 0.016913882041116435,
    "height_q90": 0.022509364468014267,
    "height_q95": 0.028568738144368295,
    "height_q99": 0.03927082137401226,
    "layer_selection": {
      "height_mode": "keep_upper_down_expand",
      "selection_rule": "upper_fixed_lower_expanded",
      "body_down_expand_m": 0.01,
      "base_id_height_center": 0.016394132419800353,
      "base_height_band_m_used": 0.03194299408016288,
      "base_lower": -0.015548861660362526,
      "base_upper_fixed": 0.04833712649996323,
      "id_height_center": 0.011394132419800352,
      "height_band_m": 0.03694299408016288,
      "height_band_m_used": 0.03694299408016288,
      "new_lower_expanded": -0.025548861660362528,
      "new_upper_fixed": 0.04833712649996323,
      "center_shift_m": -0.005000000000000001,
      "selected_height_min": -0.02550409681355814,
      "selected_height_max": 0.04726793642379432
    },
    "plane_estimation": {
      "plane_refine_used": true,
      "coarse_plane_points": 11647,
      "coarse_plane_center": [
        -0.9688798832317357,
        0.5622635871898337,
        -1.5192021979909096
      ],
      "coarse_plane_normal": [
        0.07627399904090601,
        0.02814434864014166,
        0.996689607003068
      ],
      "coarse_id_layer": {
        "height_mode": "keep_upper_down_expand",
        "selection_rule": "upper_fixed_lower_expanded",
        "body_down_expand_m": 0.01,
        "base_id_height_center": 0.12006249644221534,
        "base_height_band_m_used": 0.0317543004402618,
        "base_lower": 0.08830819600195354,
        "base_upper_fixed": 0.15181679688247712,
        "id_height_center": 0.11506249644221533,
        "height_band_m": 0.03675430044026179,
        "height_band_m_used": 0.03675430044026179,
        "new_lower_expanded": 0.07830819600195355,
        "new_upper_fixed": 0.15181679688247712,
        "center_shift_m": -0.0050000000000000044,
        "selected_height_min": 0.0786519162685082,
        "selected_height_max": 0.15033729397368825
      },
      "plate_support": {
        "plate_status": "ok",
        "plate_lower": -0.0316655209889067,
        "plate_upper": 0.11006249644221533,
        "plate_lo": 0.09456099453568637,
        "plate_hi": 0.11006249644221533,
        "plate_bins": 64,
        "plate_chosen_bin": 63,
        "plate_bin_count": 180,
        "plate_left_bin": 57,
        "plate_right_bin": 63,
        "plate_points": 823,
        "plate_min_points": 73,
        "plane_refine_angle_deg": 0.1995207777635982
      }
    }
  }
}