{
  "source_file": "/Users/hajiwan/Desktop/object_detection/result/eval1_real_newmask_height_auto_boxexpand100/val/marker_points/1_19_2026_164325_complete_denoise_marker.xyz",
  "image_size": 512,
  "point_radius": 2,
  "view_margin": 1.2,
  "plane_fit_q": 0.8,
  "height_mode": "adaptive",
  "top_candidate_q": 0.85,
  "height_band_m": 0.05,
  "basis_mode": "global",
  "plane_refine_enabled": true,
  "align_2d": false,
  "align_method": "none",
  "color_mode": "raw_z",
  "color_ref": "marker_all_raw_z",
  "invert_jet": false,
  "color_min": -1.622,
  "color_max": -1.303,
  "color_q_min": 0.02,
  "color_q_max": 0.98,
  "plane_center": [
    -1.5702170051877258,
    1.1092009144464985,
    -1.4580006154928355
  ],
  "plane_normal": [
    0.03542667719381239,
    -0.19904919879349728,
    0.979348950579247
  ],
  "marker_origin": [
    -1.5702170051877258,
    1.1092009144464985,
    -1.4580006154928355
  ],
  "image_u_axis_3d": [
    0.9993722782532088,
    0.0070560809668001045,
    -0.03471687166752682
  ],
  "image_v_axis_3d": [
    -8.673617379892716e-19,
    0.9799640953519964,
    0.1991742247855968
  ],
  "u_min": -0.3963594136528348,
  "u_max": 0.44229175042999214,
  "v_min": -0.4128770317966042,
  "v_max": 0.46178595560566693,
  "pixel_size_u_m": 0.0016411960158176653,
  "pixel_size_v_m": 0.00171166925127646,
  "back_projection_note": {
    "pixel_to_uv": "u = u_min + px * pixel_size_u_m, v = v_max - py * pixel_size_v_m",
    "point_on_plane_3d": "marker_origin + u * image_u_axis_3d + v * image_v_axis_3d",
    "direction_3d": "du * image_u_axis_3d + dv * image_v_axis_3d"
  },
  "debug": {
    "total_points": 14659,
    "basis_mode": "global",
    "height_mode": "adaptive",
    "top_candidate_q": 0.85,
    "height_band_m_input": 0.05,
    "height_band_m_used": 0.06999999999999999,
    "id_height_center": 0.04588307009462742,
    "top_id_points": 6431,
    "selected_height_min": -0.024110252160111742,
    "selected_height_max": 0.11583454001502037,
    "height_min": -0.2379581838083772,
    "height_mean": -0.025483637283662403,
    "height_max": 0.25285194043785414,
    "height_q50": -0.02283940997198891,
    "height_q70": 0.01379918185489546,
    "height_q80": 0.05083931470909085,
    "height_q85": 0.07684282448885582,
    "height_q90": 0.09761289277368577,
    "height_q95": 0.12607076801960057,
    "height_q99": 0.17809437307984455,
    "layer_selection": {
      "height_mode": "adaptive",
      "status": "adaptive_ok",
      "adaptive_search_q": 0.6,
      "adaptive_upper_q": 0.995,
      "adaptive_bins": 64,
      "adaptive_min_points": 44,
      "adaptive_chosen_bin": 38,
      "adaptive_bin_count": 85,
      "adaptive_layer_bin_left": 0,
      "adaptive_layer_bin_right": 39,
      "adaptive_layer_lo": -0.006373614621855737,
      "adaptive_layer_hi": 0.14161787314404642,
      "adaptive_layer_points": 5478,
      "adaptive_mad": 0.03738756987605998,
      "adaptive_robust_sigma": 0.05543081109824652,
      "id_height_center": 0.04588307009462742,
      "height_band_m": 0.06999999999999999,
      "selected_height_min": -0.024110252160111742,
      "selected_height_max": 0.11583454001502037,
      "selected_points": 6431,
      "selected_ratio": 0.4387065966300566
    },
    "plane_estimation": {
      "plane_refine_used": true,
      "coarse_plane_points": 11759,
      "coarse_plane_center": [
        -1.5860233863423787,
        1.0988041500127566,
        -1.517711029849461
      ],
      "coarse_plane_normal": [
        0.04539167467614442,
        -0.07119328936612354,
        0.9964291803321128
      ],
      "coarse_id_layer": {
        "height_mode": "adaptive",
        "status": "adaptive_ok",
        "adaptive_search_q": 0.6,
        "adaptive_upper_q": 0.995,
        "adaptive_bins": 64,
        "adaptive_min_points": 44,
        "adaptive_chosen_bin": 48,
        "adaptive_bin_count": 44,
        "adaptive_layer_bin_left": 47,
        "adaptive_layer_bin_right": 49,
        "adaptive_layer_lo": 0.22544929671964706,
        "adaptive_layer_hi": 0.23703844946926417,
        "adaptive_layer_points": 92,
        "adaptive_mad": 0.0040481327683232066,
        "adaptive_robust_sigma": 0.0060017616423159855,
        "id_height_center": 0.23147338729950093,
        "height_band_m": 0.015004404105789964,
        "selected_height_min": 0.21647237902318409,
        "selected_height_max": 0.24644859396112773,
        "selected_points": 158,
        "selected_ratio": 0.010778361416194829
      },
      "plate_support": {
        "plate_status": "ok",
        "plate_lower": -0.0666628437260826,
        "plate_upper": 0.22647338729950092,
        "plate_lo": -0.0666628437260826,
        "plate_hi": 0.20357211925062718,
        "plate_bins": 64,
        "plate_chosen_bin": 56,
        "plate_bin_count": 90,
        "plate_left_bin": 0,
        "plate_right_bin": 58,
        "plate_points": 11373,
        "plate_min_points": 74,
        "plane_refine_angle_deg": 7.417882670421009
      }
    }
  }
}