{
  "source_file": "/Users/hajiwan/Desktop/object_detection/result/eval1_real_newmask_height_auto_boxexpand100/val/marker_points/1_19_2026_164025_complete_denoise_marker.xyz",
  "image_size": 512,
  "point_radius": 2,
  "view_margin": 1.2,
  "plane_fit_q": 0.8,
  "height_mode": "adaptive",
  "top_candidate_q": 0.85,
  "height_band_m": 0.05,
  "basis_mode": "global",
  "plane_refine_enabled": true,
  "align_2d": false,
  "align_method": "none",
  "color_mode": "raw_z",
  "color_ref": "marker_all_raw_z",
  "invert_jet": false,
  "color_min": -1.61,
  "color_max": -1.407,
  "color_q_min": 0.02,
  "color_q_max": 0.98,
  "plane_center": [
    -0.5399671942446042,
    0.7896538129496403,
    -1.4528535251798613
  ],
  "plane_normal": [
    -0.015018016966152077,
    -0.022360913100369414,
    0.9996371585378978
  ],
  "marker_origin": [
    -0.5399671942446042,
    0.7896538129496403,
    -1.4528535251798613
  ],
  "image_u_axis_3d": [
    0.9998872232229019,
    -0.0003358544489016498,
    0.015014261066861814
  ],
  "image_v_axis_3d": [
    0.0,
    0.9997499071093265,
    0.02236343517649111
  ],
  "u_min": -0.5530817806056902,
  "u_max": 0.18622613701214594,
  "v_min": -0.34738461883344124,
  "v_max": 0.44087980578697467,
  "pixel_size_u_m": 0.0014467865315417538,
  "pixel_size_v_m": 0.0015425918290027708,
  "back_projection_note": {
    "pixel_to_uv": "u = u_min + px * pixel_size_u_m, v = v_max - py * pixel_size_v_m",
    "point_on_plane_3d": "marker_origin + u * image_u_axis_3d + v * image_v_axis_3d",
    "direction_3d": "du * image_u_axis_3d + dv * image_v_axis_3d"
  },
  "debug": {
    "total_points": 34285,
    "basis_mode": "global",
    "height_mode": "adaptive",
    "top_candidate_q": 0.85,
    "height_band_m_input": 0.05,
    "height_band_m_used": 0.04047504297756345,
    "id_height_center": 0.011901478264012598,
    "top_id_points": 10562,
    "selected_height_min": -0.028571412549593417,
    "selected_height_max": 0.05236948708142365,
    "height_min": -0.1671037342717814,
    "height_mean": -0.07704830558283898,
    "height_max": 0.10371540127041663,
    "height_q50": -0.10946653217606575,
    "height_q70": -0.007385380225578123,
    "height_q80": 0.007880526394099844,
    "height_q85": 0.013584728776627992,
    "height_q90": 0.022846241353718877,
    "height_q95": 0.03906691858779261,
    "height_q99": 0.07943216379642316,
    "layer_selection": {
      "height_mode": "adaptive",
      "status": "adaptive_ok",
      "adaptive_search_q": 0.6,
      "adaptive_upper_q": 0.995,
      "adaptive_bins": 64,
      "adaptive_min_points": 103,
      "adaptive_chosen_bin": 48,
      "adaptive_bin_count": 116,
      "adaptive_layer_bin_left": 23,
      "adaptive_layer_bin_right": 49,
      "adaptive_layer_lo": -0.02297028178244019,
      "adaptive_layer_hi": 0.05454762786285182,
      "adaptive_layer_points": 10534,
      "adaptive_mad": 0.010920016991113841,
      "adaptive_robust_sigma": 0.01619001719102538,
      "id_height_center": 0.011901478264012598,
      "height_band_m": 0.04047504297756345,
      "selected_height_min": -0.028571412549593417,
      "selected_height_max": 0.05236948708142365,
      "selected_points": 10562,
      "selected_ratio": 0.3080647513489864
    },
    "plane_estimation": {
      "plane_refine_used": true,
      "coarse_plane_points": 27706,
      "coarse_plane_center": [
        -0.6713225294160197,
        0.7976170143651212,
        -1.5569985201761893
      ],
      "coarse_plane_normal": [
        -0.030772935349233102,
        -0.02807423649744774,
        0.9991320551824354
      ],
      "coarse_id_layer": {
        "height_mode": "adaptive",
        "status": "adaptive_ok",
        "adaptive_search_q": 0.6,
        "adaptive_upper_q": 0.995,
        "adaptive_bins": 64,
        "adaptive_min_points": 103,
        "adaptive_chosen_bin": 47,
        "adaptive_bin_count": 188,
        "adaptive_layer_bin_left": 22,
        "adaptive_layer_bin_right": 49,
        "adaptive_layer_lo": 0.07848337734335319,
        "adaptive_layer_hi": 0.15884870659871203,
        "adaptive_layer_points": 10520,
        "adaptive_mad": 0.011724338562489868,
        "adaptive_robust_sigma": 0.017382504352747477,
        "id_height_center": 0.11286950592461434,
        "height_band_m": 0.04345626088186869,
        "selected_height_min": 0.06945495469368566,
        "selected_height_max": 0.15629566730356897,
        "selected_points": 10593,
        "selected_ratio": 0.3089689368528511
      },
      "plate_support": {
        "plate_status": "ok",
        "plate_lower": -0.03703999986912066,
        "plate_upper": 0.10786950592461433,
        "plate_lo": 0.08975581770039745,
        "plate_hi": 0.10786950592461433,
        "plate_bins": 64,
        "plate_chosen_bin": 63,
        "plate_bin_count": 546,
        "plate_left_bin": 56,
        "plate_right_bin": 63,
        "plate_points": 3475,
        "plate_min_points": 172,
        "plane_refine_angle_deg": 0.9606594509114372
      }
    }
  }
}