{
  "source_file": "/Users/hajiwan/Desktop/object_detection/result/eval1_real_newmask_height_auto_boxexpand100/val/marker_points/1_19_2026_165030_complete_denoise_marker.xyz",
  "image_size": 512,
  "point_radius": 2,
  "view_margin": 1.2,
  "plane_fit_q": 0.8,
  "height_mode": "adaptive",
  "top_candidate_q": 0.85,
  "height_band_m": 0.05,
  "basis_mode": "global",
  "plane_refine_enabled": true,
  "align_2d": false,
  "align_method": "none",
  "color_mode": "raw_z",
  "color_ref": "marker_all_raw_z",
  "invert_jet": false,
  "color_min": -1.594,
  "color_max": -1.349,
  "color_q_min": 0.02,
  "color_q_max": 0.98,
  "plane_center": [
    -0.9997767053464874,
    0.6328559809131318,
    -1.4021602863030231
  ],
  "plane_normal": [
    0.04559970258499685,
    -0.05108077678893473,
    0.9976529563755119
  ],
  "marker_origin": [
    -0.9997767053464874,
    0.6328559809131318,
    -1.4021602863030231
  ],
  "image_u_axis_3d": [
    0.9989597925453088,
    0.002331693674523677,
    -0.04554004919233216
  ],
  "image_v_axis_3d": [
    -4.336808689946359e-19,
    0.9986918030329713,
    0.051133966722256244
  ],
  "u_min": -0.6879427316767674,
  "u_max": 0.33959272612484814,
  "v_min": -0.554742905238676,
  "v_max": 0.3972038036045564,
  "pixel_size_u_m": 0.002010832598437604,
  "pixel_size_v_m": 0.0018629094106521183,
  "back_projection_note": {
    "pixel_to_uv": "u = u_min + px * pixel_size_u_m, v = v_max - py * pixel_size_v_m",
    "point_on_plane_3d": "marker_origin + u * image_u_axis_3d + v * image_v_axis_3d",
    "direction_3d": "du * image_u_axis_3d + dv * image_v_axis_3d"
  },
  "debug": {
    "total_points": 72879,
    "basis_mode": "global",
    "height_mode": "adaptive",
    "top_candidate_q": 0.85,
    "height_band_m_input": 0.05,
    "height_band_m_used": 0.061137387749047825,
    "id_height_center": 0.01742889415903757,
    "top_id_points": 21490,
    "selected_height_min": -0.04339556708538353,
    "selected_height_max": 0.0651346088524226,
    "height_min": -0.2236437100364828,
    "height_mean": -0.08424362522418431,
    "height_max": 0.0651346088524226,
    "height_q50": -0.1137034783812748,
    "height_q70": -0.053285646218313554,
    "height_q80": 0.00420998215782243,
    "height_q85": 0.015728458554031734,
    "height_q90": 0.030353255083250676,
    "height_q95": 0.041856073973920986,
    "height_q99": 0.055688016445205636,
    "layer_selection": {
      "height_mode": "adaptive",
      "status": "adaptive_ok",
      "adaptive_search_q": 0.6,
      "adaptive_upper_q": 0.995,
      "adaptive_bins": 64,
      "adaptive_min_points": 219,
      "adaptive_chosen_bin": 63,
      "adaptive_bin_count": 342,
      "adaptive_layer_bin_left": 32,
      "adaptive_layer_bin_right": 63,
      "adaptive_layer_lo": -0.019325980571035295,
      "adaptive_layer_hi": 0.058180209693140375,
      "adaptive_layer_points": 20406,
      "adaptive_mad": 0.01649464123810814,
      "adaptive_robust_sigma": 0.02445495509961913,
      "id_height_center": 0.01742889415903757,
      "height_band_m": 0.061137387749047825,
      "selected_height_min": -0.04339556708538353,
      "selected_height_max": 0.0651346088524226,
      "selected_points": 21490,
      "selected_ratio": 0.2948723226169404
    },
    "plane_estimation": {
      "plane_refine_used": true,
      "coarse_plane_points": 58368,
      "coarse_plane_center": [
        -1.0918555544133701,
        0.5614107901589905,
        -1.5143267029880056
      ],
      "coarse_plane_normal": [
        0.022650583853743293,
        -0.056372040015142,
        0.998152866125032
      ],
      "coarse_id_layer": {
        "height_mode": "adaptive",
        "status": "adaptive_ok",
        "adaptive_search_q": 0.6,
        "adaptive_upper_q": 0.995,
        "adaptive_bins": 64,
        "adaptive_min_points": 219,
        "adaptive_chosen_bin": 63,
        "adaptive_bin_count": 388,
        "adaptive_layer_bin_left": 30,
        "adaptive_layer_bin_right": 63,
        "adaptive_layer_lo": 0.09211670243234926,
        "adaptive_layer_hi": 0.17352140839486369,
        "adaptive_layer_points": 20445,
        "adaptive_mad": 0.01936166966090827,
        "adaptive_robust_sigma": 0.0287056114392626,
        "id_height_center": 0.13147507121504012,
        "height_band_m": 0.0717640285981565,
        "selected_height_min": 0.05971851389628678,
        "selected_height_max": 0.18076238278628617,
        "selected_points": 21981,
        "selected_ratio": 0.30160951714485656
      },
      "plate_support": {
        "plate_status": "ok",
        "plate_lower": -0.03030292097665923,
        "plate_upper": 0.12647507121504012,
        "plate_lo": 0.0921798854231059,
        "plate_hi": 0.12647507121504012,
        "plate_bins": 64,
        "plate_chosen_bin": 63,
        "plate_bin_count": 420,
        "plate_left_bin": 50,
        "plate_right_bin": 63,
        "plate_points": 9221,
        "plate_min_points": 365,
        "plane_refine_angle_deg": 1.349720136721143
      }
    }
  }
}