{
  "source_file": "C:\\Users\\gkwld\\Desktop\\3D-Marker-Pose-Estimation\\CAD_to_PointCloud_conversion\\pointnet2\\result\\eval1_real_newmask_height_auto_boxexpand100\\train\\marker_points\\aug_000189_marker.xyz",
  "image_size": 512,
  "point_radius": 2,
  "view_margin": 1.2,
  "plane_fit_q": 0.8,
  "height_mode": "adaptive",
  "top_candidate_q": 0.85,
  "height_band_m": 0.03,
  "basis_mode": "global",
  "plane_refine_enabled": true,
  "flip_x": true,
  "align_2d": false,
  "align_method": "none",
  "color_mode": "raw_z",
  "color_ref": "marker_all_raw_z",
  "invert_jet": false,
  "color_min": 0.103305,
  "color_max": 0.312979,
  "color_q_min": 0.02,
  "color_q_max": 0.98,
  "plane_center": [
    -2.123995585010834,
    -8.189065237844552,
    0.3117657742335228
  ],
  "plane_normal": [
    0.00870319469737215,
    -0.007589775101906215,
    0.9999333226340456
  ],
  "marker_origin": [
    -2.123995585010834,
    -8.189065237844552,
    0.3117657742335228
  ],
  "image_u_axis_3d": [
    -0.9999621264828282,
    -6.605779226195479e-05,
    0.008702944002356054
  ],
  "image_v_axis_3d": [
    0.0,
    0.9999711950592731,
    0.007590062564263489
  ],
  "u_min": -1.3447024275995334,
  "u_max": 0.514385421118531,
  "v_min": -1.2412910030702449,
  "v_max": 0.6162334545130903,
  "pixel_size_u_m": 0.0036381366902506155,
  "pixel_size_v_m": 0.003635077216405744,
  "back_projection_note": {
    "pixel_to_uv": "u = u_min + px * pixel_size_u_m, v = v_max - py * pixel_size_v_m",
    "flip_x_note": "if flip_x is true, saved uv and image_u_axis_3d are already mirrored, so use the same pixel_to_uv formula",
    "point_on_plane_3d": "marker_origin + u * image_u_axis_3d + v * image_v_axis_3d",
    "direction_3d": "du * image_u_axis_3d + dv * image_v_axis_3d"
  },
  "debug": {
    "total_points": 100000,
    "basis_mode": "global",
    "height_mode": "adaptive",
    "top_candidate_q": 0.85,
    "height_band_m_input": 0.03,
    "height_band_m_used": 0.01678292818716802,
    "id_height_center": 0.006351635421557455,
    "top_id_points": 25752,
    "selected_height_min": -0.010368902474439766,
    "selected_height_max": 0.016052709261922583,
    "height_min": -0.2204400821683316,
    "height_mean": -0.1450895803950984,
    "height_max": 0.016052709261922583,
    "height_q50": -0.19542433617189414,
    "height_q70": -0.1895464206820187,
    "height_q80": 0.0019717780874858367,
    "height_q85": 0.004713819919472969,
    "height_q90": 0.0071818981708522385,
    "height_q95": 0.0114838723043639,
    "height_q99": 0.01442186905753031,
    "layer_selection": {
      "height_mode": "adaptive",
      "status": "adaptive_ok",
      "adaptive_search_q": 0.6,
      "adaptive_upper_q": 0.995,
      "adaptive_bins": 64,
      "adaptive_min_points": 300,
      "adaptive_chosen_bin": 63,
      "adaptive_bin_count": 4262,
      "adaptive_layer_bin_left": 59,
      "adaptive_layer_bin_right": 63,
      "adaptive_layer_lo": -0.001349376482814968,
      "adaptive_layer_hi": 0.014929816844352956,
      "adaptive_layer_points": 23941,
      "adaptive_mad": 0.003773309993068038,
      "adaptive_robust_sigma": 0.005594309395722673,
      "id_height_center": 0.006351635421557455,
      "height_band_m": 0.01678292818716802,
      "selected_height_min": -0.010368902474439766,
      "selected_height_max": 0.016052709261922583,
      "selected_points": 25752,
      "selected_ratio": 0.25752
    },
    "plane_estimation": {
      "plane_refine_used": true,
      "coarse_plane_points": 100000,
      "coarse_plane_center": [
        -1.7082304011399998,
        -8.495751198429897,
        0.16071995969022776
      ],
      "coarse_plane_normal": [
        0.008423186530958452,
        -0.008259563359381172,
        0.999930412348668
      ],
      "coarse_id_layer": {
        "height_mode": "adaptive",
        "status": "adaptive_ok",
        "adaptive_search_q": 0.6,
        "adaptive_upper_q": 0.995,
        "adaptive_bins": 64,
        "adaptive_min_points": 300,
        "adaptive_chosen_bin": 63,
        "adaptive_bin_count": 4413,
        "adaptive_layer_bin_left": 59,
        "adaptive_layer_bin_right": 63,
        "adaptive_layer_lo": 0.14386549469034737,
        "adaptive_layer_hi": 0.16015152004825486,
        "adaptive_layer_points": 23780,
        "adaptive_mad": 0.003746795602463965,
        "adaptive_robust_sigma": 0.005554999160213074,
        "id_height_center": 0.15127050682113785,
        "height_band_m": 0.016664997480639224,
        "selected_height_min": 0.1346655044970876,
        "selected_height_max": 0.16128017291246927,
        "selected_points": 25750,
        "selected_ratio": 0.2575
      },
      "plate_support": {
        "plate_status": "ok",
        "plate_lower": -0.05552918335977646,
        "plate_upper": 0.14627050682113785,
        "plate_lo": 0.14311738666206106,
        "plate_hi": 0.14627050682113785,
        "plate_bins": 64,
        "plate_chosen_bin": 63,
        "plate_bin_count": 3229,
        "plate_left_bin": 63,
        "plate_right_bin": 63,
        "plate_points": 3229,
        "plate_min_points": 500,
        "plane_refine_angle_deg": 0.041595053940253146
      }
    }
  }
}