{
  "source_file": "C:\\Users\\gkwld\\Desktop\\3D-Marker-Pose-Estimation\\CAD_to_PointCloud_conversion\\pointnet2\\result\\eval1_real_newmask_height_auto_boxexpand100\\train\\marker_points\\aug_000137_marker.xyz",
  "image_size": 512,
  "point_radius": 2,
  "view_margin": 1.2,
  "plane_fit_q": 0.8,
  "height_mode": "adaptive",
  "top_candidate_q": 0.85,
  "height_band_m": 0.03,
  "basis_mode": "global",
  "plane_refine_enabled": true,
  "flip_x": true,
  "align_2d": false,
  "align_method": "none",
  "color_mode": "raw_z",
  "color_ref": "marker_all_raw_z",
  "invert_jet": false,
  "color_min": 0.103153,
  "color_max": 0.312979,
  "color_q_min": 0.02,
  "color_q_max": 0.98,
  "plane_center": [
    2.3886874287397015,
    -1.1655258875493713,
    0.3125962761033312
  ],
  "plane_normal": [
    -0.0018527185452715607,
    0.0047672219514741584,
    0.9999869204278912
  ],
  "marker_origin": [
    2.3886874287397015,
    -1.1655258875493713,
    0.3125962761033312
  ],
  "image_u_axis_3d": [
    -0.9999982837145232,
    -8.832335677713639e-06,
    -0.001852697492259844
  ],
  "image_v_axis_3d": [
    1.694065894510295e-21,
    0.9999886366928653,
    -0.004767230133397234
  ],
  "u_min": -0.7742994625310446,
  "u_max": 0.9084410147174176,
  "v_min": -0.6495569247950965,
  "v_max": 1.0325946642577462,
  "pixel_size_u_m": 0.0032930342020517853,
  "pixel_size_v_m": 0.003291881778968381,
  "back_projection_note": {
    "pixel_to_uv": "u = u_min + px * pixel_size_u_m, v = v_max - py * pixel_size_v_m",
    "flip_x_note": "if flip_x is true, saved uv and image_u_axis_3d are already mirrored, so use the same pixel_to_uv formula",
    "point_on_plane_3d": "marker_origin + u * image_u_axis_3d + v * image_v_axis_3d",
    "direction_3d": "du * image_u_axis_3d + dv * image_v_axis_3d"
  },
  "debug": {
    "total_points": 100000,
    "basis_mode": "global",
    "height_mode": "adaptive",
    "top_candidate_q": 0.85,
    "height_band_m_input": 0.03,
    "height_band_m_used": 0.015,
    "id_height_center": 0.0007907430832944533,
    "top_id_points": 25807,
    "selected_height_min": -0.013457773202507937,
    "selected_height_max": 0.004981601507960327,
    "height_min": -0.21959983900502164,
    "height_mean": -0.15086792764950724,
    "height_max": 0.004981601507960327,
    "height_q50": -0.20230090916635504,
    "height_q70": -0.19984751578496868,
    "height_q80": -0.0009363643855339872,
    "height_q85": 0.00029554565058585963,
    "height_q90": 0.001050600906890754,
    "height_q95": 0.003633641035952501,
    "height_q99": 0.0043905359616414836,
    "layer_selection": {
      "height_mode": "adaptive",
      "status": "adaptive_ok",
      "adaptive_search_q": 0.6,
      "adaptive_upper_q": 0.995,
      "adaptive_bins": 64,
      "adaptive_min_points": 300,
      "adaptive_chosen_bin": 63,
      "adaptive_bin_count": 7706,
      "adaptive_layer_bin_left": 62,
      "adaptive_layer_bin_right": 63,
      "adaptive_layer_lo": -0.0018611459543808329,
      "adaptive_layer_hi": 0.0045786617251409555,
      "adaptive_layer_points": 22456,
      "adaptive_mad": 0.0013003362436533675,
      "adaptive_robust_sigma": 0.0019278785148404826,
      "id_height_center": 0.0007907430832944533,
      "height_band_m": 0.015,
      "selected_height_min": -0.013457773202507937,
      "selected_height_max": 0.004981601507960327,
      "selected_points": 25807,
      "selected_ratio": 0.25807
    },
    "plane_estimation": {
      "plane_refine_used": true,
      "coarse_plane_points": 100000,
      "coarse_plane_center": [
        2.318059640220023,
        -0.978820476690009,
        0.1607054422402274
      ],
      "coarse_plane_normal": [
        -0.006187129456348524,
        0.008861467482084792,
        0.9999415952050171
      ],
      "coarse_id_layer": {
        "height_mode": "adaptive",
        "status": "adaptive_ok",
        "adaptive_search_q": 0.6,
        "adaptive_upper_q": 0.995,
        "adaptive_bins": 64,
        "adaptive_min_points": 300,
        "adaptive_chosen_bin": 63,
        "adaptive_bin_count": 5359,
        "adaptive_layer_bin_left": 63,
        "adaptive_layer_bin_right": 63,
        "adaptive_layer_lo": 0.1561459471114389,
        "adaptive_layer_hi": 0.15939655394778623,
        "adaptive_layer_points": 5359,
        "adaptive_mad": 0.0007430269203730355,
        "adaptive_robust_sigma": 0.0011016117121450625,
        "id_height_center": 0.1577133363349455,
        "height_band_m": 0.015,
        "selected_height_min": 0.14271687824247603,
        "selected_height_max": 0.16044201233806596,
        "selected_points": 24715,
        "selected_ratio": 0.24715
      },
      "plate_support": {
        "plate_status": "ok",
        "plate_lower": -0.05543175938471362,
        "plate_upper": 0.1527133363349455,
        "plate_lo": 0.14620880209370615,
        "plate_hi": 0.1527133363349455,
        "plate_bins": 64,
        "plate_chosen_bin": 63,
        "plate_bin_count": 8346,
        "plate_left_bin": 62,
        "plate_right_bin": 63,
        "plate_points": 14433,
        "plate_min_points": 500,
        "plane_refine_angle_deg": 0.34162955366230247
      }
    }
  }
}