{
  "source_file": "C:\\Users\\gkwld\\Desktop\\3D-Marker-Pose-Estimation\\CAD_to_PointCloud_conversion\\pointnet2\\result\\eval1_real_newmask_height_auto_boxexpand100\\train\\marker_points\\aug_000130_marker.xyz",
  "image_size": 512,
  "point_radius": 2,
  "view_margin": 1.2,
  "plane_fit_q": 0.8,
  "height_mode": "adaptive",
  "top_candidate_q": 0.85,
  "height_band_m": 0.03,
  "basis_mode": "global",
  "plane_refine_enabled": true,
  "flip_x": true,
  "align_2d": false,
  "align_method": "none",
  "color_mode": "raw_z",
  "color_ref": "marker_all_raw_z",
  "invert_jet": false,
  "color_min": 0.103077,
  "color_max": 0.312979,
  "color_q_min": 0.02,
  "color_q_max": 0.98,
  "plane_center": [
    -4.956824042281517,
    2.074564159761631,
    0.3119880468218096
  ],
  "plane_normal": [
    -0.003029054688503859,
    0.012011115602841337,
    0.9999232760205502
  ],
  "marker_origin": [
    -4.956824042281517,
    2.074564159761631,
    0.3119880468218096
  ],
  "image_u_axis_3d": [
    -0.999995412402324,
    -3.638249293911569e-05,
    -0.00302883618244996
  ],
  "image_v_axis_3d": [
    6.77626357804118e-21,
    0.999927863286292,
    -0.01201117070524814
  ],
  "u_min": -0.8651331422114222,
  "u_max": 1.244678674377524,
  "v_min": -0.5792048559616813,
  "v_max": 1.5308374152344708,
  "pixel_size_u_m": 0.004128790247727879,
  "pixel_size_v_m": 0.004129241235217519,
  "back_projection_note": {
    "pixel_to_uv": "u = u_min + px * pixel_size_u_m, v = v_max - py * pixel_size_v_m",
    "flip_x_note": "if flip_x is true, saved uv and image_u_axis_3d are already mirrored, so use the same pixel_to_uv formula",
    "point_on_plane_3d": "marker_origin + u * image_u_axis_3d + v * image_v_axis_3d",
    "direction_3d": "du * image_u_axis_3d + dv * image_v_axis_3d"
  },
  "debug": {
    "total_points": 100000,
    "basis_mode": "global",
    "height_mode": "adaptive",
    "top_candidate_q": 0.85,
    "height_band_m_input": 0.03,
    "height_band_m_used": 0.016456533135978595,
    "id_height_center": 0.006162308968800793,
    "top_id_points": 25576,
    "selected_height_min": -0.010191655337052285,
    "selected_height_max": 0.01666162251897142,
    "height_min": -0.22100134280331538,
    "height_mean": -0.14535125150015993,
    "height_max": 0.01666162251897142,
    "height_q50": -0.1951153201029492,
    "height_q70": -0.18902143378838718,
    "height_q80": 0.0016687084687312084,
    "height_q85": 0.004865658903736287,
    "height_q90": 0.006882000336271804,
    "height_q95": 0.012032761711938216,
    "height_q99": 0.014919303609919495,
    "layer_selection": {
      "height_mode": "adaptive",
      "status": "adaptive_ok",
      "adaptive_search_q": 0.6,
      "adaptive_upper_q": 0.995,
      "adaptive_bins": 64,
      "adaptive_min_points": 300,
      "adaptive_chosen_bin": 63,
      "adaptive_bin_count": 4237,
      "adaptive_layer_bin_left": 59,
      "adaptive_layer_bin_right": 63,
      "adaptive_layer_lo": -0.0008337335506311272,
      "adaptive_layer_hi": 0.015461223839832521,
      "adaptive_layer_points": 23014,
      "adaptive_mad": 0.0036999265110793196,
      "adaptive_robust_sigma": 0.005485511045326199,
      "id_height_center": 0.006162308968800793,
      "height_band_m": 0.016456533135978595,
      "selected_height_min": -0.010191655337052285,
      "selected_height_max": 0.01666162251897142,
      "selected_points": 25576,
      "selected_ratio": 0.25576
    },
    "plane_estimation": {
      "plane_refine_used": true,
      "coarse_plane_points": 100000,
      "coarse_plane_center": [
        -5.149924978859999,
        2.548012460039994,
        0.16035360576022722
      ],
      "coarse_plane_normal": [
        -0.0029987604339828076,
        0.013231102107512417,
        0.999907968450537
      ],
      "coarse_id_layer": {
        "height_mode": "adaptive",
        "status": "adaptive_ok",
        "adaptive_search_q": 0.6,
        "adaptive_upper_q": 0.995,
        "adaptive_bins": 64,
        "adaptive_min_points": 300,
        "adaptive_chosen_bin": 63,
        "adaptive_bin_count": 3971,
        "adaptive_layer_bin_left": 58,
        "adaptive_layer_bin_right": 63,
        "adaptive_layer_lo": 0.1419712753290977,
        "adaptive_layer_hi": 0.16155662941072116,
        "adaptive_layer_points": 24072,
        "adaptive_mad": 0.004013971669897559,
        "adaptive_robust_sigma": 0.005951114397790121,
        "id_height_center": 0.15114305696903638,
        "height_band_m": 0.017853343193370362,
        "selected_height_min": 0.1333289821361478,
        "selected_height_max": 0.1628583753649188,
        "selected_points": 25607,
        "selected_ratio": 0.25607
      },
      "plate_support": {
        "plate_status": "ok",
        "plate_lower": -0.05571336703349733,
        "plate_upper": 0.14614305696903637,
        "plate_lo": 0.14298905034399678,
        "plate_hi": 0.14614305696903637,
        "plate_bins": 64,
        "plate_chosen_bin": 63,
        "plate_bin_count": 3524,
        "plate_left_bin": 63,
        "plate_right_bin": 63,
        "plate_points": 3524,
        "plate_min_points": 500,
        "plane_refine_angle_deg": 0.06992722369156881
      }
    }
  }
}