{
  "source_file": "C:\\Users\\gkwld\\Desktop\\3D-Marker-Pose-Estimation\\CAD_to_PointCloud_conversion\\pointnet2\\result\\eval1_real_newmask_height_auto_boxexpand100\\train\\marker_points\\aug_000071_marker.xyz",
  "image_size": 512,
  "point_radius": 2,
  "view_margin": 1.2,
  "plane_fit_q": 0.8,
  "height_mode": "adaptive",
  "top_candidate_q": 0.85,
  "height_band_m": 0.03,
  "basis_mode": "global",
  "plane_refine_enabled": true,
  "flip_x": true,
  "align_2d": false,
  "align_method": "none",
  "color_mode": "raw_z",
  "color_ref": "marker_all_raw_z",
  "invert_jet": false,
  "color_min": 0.10191198,
  "color_max": 0.310834,
  "color_q_min": 0.02,
  "color_q_max": 0.98,
  "plane_center": [
    5.693288851913481,
    1.3595397318358269,
    0.30987011591792224
  ],
  "plane_normal": [
    0.0041361014553024985,
    -0.010329690216154869,
    0.9999380931651668
  ],
  "marker_origin": [
    5.693288851913481,
    1.3595397318358269,
    0.30987011591792224
  ],
  "image_u_axis_3d": [
    -0.999991446294793,
    -4.272501219293596e-05,
    0.004135880779449539
  ],
  "image_v_axis_3d": [
    0.0,
    0.9999466464130032,
    0.010329778574025316
  ],
  "u_min": -1.2692810178002285,
  "u_max": 0.8899619271671224,
  "v_min": -1.5627526695056662,
  "v_max": 0.5952836144176588,
  "pixel_size_u_m": 0.004225524354143544,
  "pixel_size_v_m": 0.004223162982237427,
  "back_projection_note": {
    "pixel_to_uv": "u = u_min + px * pixel_size_u_m, v = v_max - py * pixel_size_v_m",
    "flip_x_note": "if flip_x is true, saved uv and image_u_axis_3d are already mirrored, so use the same pixel_to_uv formula",
    "point_on_plane_3d": "marker_origin + u * image_u_axis_3d + v * image_v_axis_3d",
    "direction_3d": "du * image_u_axis_3d + dv * image_v_axis_3d"
  },
  "debug": {
    "total_points": 100000,
    "basis_mode": "global",
    "height_mode": "adaptive",
    "top_candidate_q": 0.85,
    "height_band_m_input": 0.03,
    "height_band_m_used": 0.01625284290007575,
    "id_height_center": 0.006145838733176556,
    "top_id_points": 25865,
    "selected_height_min": -0.01010415553396806,
    "selected_height_max": 0.015284473791123633,
    "height_min": -0.22007150843940967,
    "height_mean": -0.14487699213174868,
    "height_max": 0.015284473791123633,
    "height_q50": -0.19537287015661847,
    "height_q70": -0.18971948723875456,
    "height_q80": 0.001795239687594551,
    "height_q85": 0.004025737791643391,
    "height_q90": 0.006954386571460455,
    "height_q95": 0.01060527450723807,
    "height_q99": 0.013738131066835524,
    "layer_selection": {
      "height_mode": "adaptive",
      "status": "adaptive_ok",
      "adaptive_search_q": 0.6,
      "adaptive_upper_q": 0.995,
      "adaptive_bins": 64,
      "adaptive_min_points": 300,
      "adaptive_chosen_bin": 63,
      "adaptive_bin_count": 3950,
      "adaptive_layer_bin_left": 59,
      "adaptive_layer_bin_right": 63,
      "adaptive_layer_lo": -0.0019830749515230006,
      "adaptive_layer_hi": 0.014240146740282839,
      "adaptive_layer_points": 24206,
      "adaptive_mad": 0.0036541307837752936,
      "adaptive_robust_sigma": 0.00541761430002525,
      "id_height_center": 0.006145838733176556,
      "height_band_m": 0.01625284290007575,
      "selected_height_min": -0.01010415553396806,
      "selected_height_max": 0.015284473791123633,
      "selected_points": 25865,
      "selected_ratio": 0.25865
    },
    "plane_estimation": {
      "plane_refine_used": true,
      "coarse_plane_points": 100000,
      "coarse_plane_center": [
        5.887918697919969,
        0.8821552055100139,
        0.15924755616024772
      ],
      "coarse_plane_normal": [
        0.0037076091849079606,
        -0.011711141127658253,
        0.9999245485563498
      ],
      "coarse_id_layer": {
        "height_mode": "adaptive",
        "status": "adaptive_ok",
        "adaptive_search_q": 0.6,
        "adaptive_upper_q": 0.995,
        "adaptive_bins": 64,
        "adaptive_min_points": 300,
        "adaptive_chosen_bin": 63,
        "adaptive_bin_count": 3826,
        "adaptive_layer_bin_left": 58,
        "adaptive_layer_bin_right": 63,
        "adaptive_layer_lo": 0.14038409986225067,
        "adaptive_layer_hi": 0.1598906802050678,
        "adaptive_layer_points": 24638,
        "adaptive_mad": 0.003980917511994267,
        "adaptive_robust_sigma": 0.0059021083032827,
        "id_height_center": 0.15067456123866496,
        "height_band_m": 0.0177063249098481,
        "selected_height_min": 0.13302134139032126,
        "selected_height_max": 0.1610428449173688,
        "selected_points": 25915,
        "selected_ratio": 0.25915
      },
      "plate_support": {
        "plate_status": "ok",
        "plate_lower": -0.05570719389523607,
        "plate_upper": 0.14567456123866496,
        "plate_lo": 0.14252797131469774,
        "plate_hi": 0.14567456123866496,
        "plate_bins": 64,
        "plate_chosen_bin": 63,
        "plate_bin_count": 3606,
        "plate_left_bin": 63,
        "plate_right_bin": 63,
        "plate_points": 3606,
        "plate_min_points": 500,
        "plane_refine_angle_deg": 0.08287513299006831
      }
    }
  }
}