{
  "source_file": "C:\\Users\\gkwld\\Desktop\\3D-Marker-Pose-Estimation\\CAD_to_PointCloud_conversion\\pointnet2\\result\\eval1_real_newmask_height_auto_boxexpand100\\train\\marker_points\\aug_000148_marker.xyz",
  "image_size": 512,
  "point_radius": 2,
  "view_margin": 1.2,
  "plane_fit_q": 0.8,
  "height_mode": "adaptive",
  "top_candidate_q": 0.85,
  "height_band_m": 0.03,
  "basis_mode": "global",
  "plane_refine_enabled": true,
  "flip_x": true,
  "align_2d": false,
  "align_method": "none",
  "color_mode": "raw_z",
  "color_ref": "marker_all_raw_z",
  "invert_jet": false,
  "color_min": 0.10335098,
  "color_max": 0.312979,
  "color_q_min": 0.02,
  "color_q_max": 0.98,
  "plane_center": [
    -6.9280226797917575,
    7.428747798242752,
    0.3117125470224667
  ],
  "plane_normal": [
    -0.008998304951060845,
    -0.007694305334506598,
    0.9999299116295236
  ],
  "marker_origin": [
    -6.9280226797917575,
    7.428747798242752,
    0.3117125470224667
  ],
  "image_u_axis_3d": [
    -0.9999595144334635,
    6.923850894658701e-05,
    -0.008998038565200815
  ],
  "image_v_axis_3d": [
    0.0,
    0.9999703959965257,
    0.0076946168554215795
  ],
  "u_min": -0.5368530757875667,
  "u_max": 1.2365392463796365,
  "v_min": -1.2718126051918919,
  "v_max": 0.5023325037746731,
  "pixel_size_u_m": 0.0034704350727342527,
  "pixel_size_v_m": 0.003471908236725176,
  "back_projection_note": {
    "pixel_to_uv": "u = u_min + px * pixel_size_u_m, v = v_max - py * pixel_size_v_m",
    "flip_x_note": "if flip_x is true, saved uv and image_u_axis_3d are already mirrored, so use the same pixel_to_uv formula",
    "point_on_plane_3d": "marker_origin + u * image_u_axis_3d + v * image_v_axis_3d",
    "direction_3d": "du * image_u_axis_3d + dv * image_v_axis_3d"
  },
  "debug": {
    "total_points": 100000,
    "basis_mode": "global",
    "height_mode": "adaptive",
    "top_candidate_q": 0.85,
    "height_band_m_input": 0.03,
    "height_band_m_used": 0.016406346466500278,
    "id_height_center": 0.0062528677969407335,
    "top_id_points": 25803,
    "selected_height_min": -0.010125108265458581,
    "selected_height_max": 0.016357297184257727,
    "height_min": -0.22042587071865705,
    "height_mean": -0.1448423192592576,
    "height_max": 0.016357297184257727,
    "height_q50": -0.1951535510428407,
    "height_q70": -0.18922471220962425,
    "height_q80": 0.002034732187454114,
    "height_q85": 0.005080705393821741,
    "height_q90": 0.007073985192042346,
    "height_q95": 0.01196179029887195,
    "height_q99": 0.014718953537724228,
    "layer_selection": {
      "height_mode": "adaptive",
      "status": "adaptive_ok",
      "adaptive_search_q": 0.6,
      "adaptive_upper_q": 0.995,
      "adaptive_bins": 64,
      "adaptive_min_points": 300,
      "adaptive_chosen_bin": 63,
      "adaptive_bin_count": 4508,
      "adaptive_layer_bin_left": 59,
      "adaptive_layer_bin_right": 63,
      "adaptive_layer_lo": -0.0010723166650978,
      "adaptive_layer_hi": 0.015211145025156936,
      "adaptive_layer_points": 23791,
      "adaptive_mad": 0.003688643029475309,
      "adaptive_robust_sigma": 0.005468782155500093,
      "id_height_center": 0.0062528677969407335,
      "height_band_m": 0.016406346466500278,
      "selected_height_min": -0.010125108265458581,
      "selected_height_max": 0.016357297184257727,
      "selected_points": 25803,
      "selected_ratio": 0.25803
    },
    "plane_estimation": {
      "plane_refine_used": true,
      "coarse_plane_points": 100000,
      "coarse_plane_center": [
        -7.2721296458500575,
        7.043388046199966,
        0.16079819541022666
      ],
      "coarse_plane_normal": [
        -0.009669611369813126,
        -0.007466809246208098,
        0.9999253699019929
      ],
      "coarse_id_layer": {
        "height_mode": "adaptive",
        "status": "adaptive_ok",
        "adaptive_search_q": 0.6,
        "adaptive_upper_q": 0.995,
        "adaptive_bins": 64,
        "adaptive_min_points": 300,
        "adaptive_chosen_bin": 63,
        "adaptive_bin_count": 4639,
        "adaptive_layer_bin_left": 59,
        "adaptive_layer_bin_right": 63,
        "adaptive_layer_lo": 0.14395129699242537,
        "adaptive_layer_hi": 0.16023934592709468,
        "adaptive_layer_points": 23505,
        "adaptive_mad": 0.0036451059964681953,
        "adaptive_robust_sigma": 0.005404234150363746,
        "id_height_center": 0.15097338374716293,
        "height_band_m": 0.016212702451091236,
        "selected_height_min": 0.1347681899226124,
        "selected_height_max": 0.161400725269498,
        "selected_points": 25791,
        "selected_ratio": 0.25791
      },
      "plate_support": {
        "plate_status": "ok",
        "plate_lower": -0.05584149754318601,
        "plate_upper": 0.14597338374716293,
        "plate_lo": 0.1428200262270012,
        "plate_hi": 0.14597338374716293,
        "plate_bins": 64,
        "plate_chosen_bin": 63,
        "plate_bin_count": 3073,
        "plate_left_bin": 63,
        "plate_right_bin": 63,
        "plate_points": 3073,
        "plate_min_points": 500,
        "plane_refine_angle_deg": 0.04061262215749918
      }
    }
  }
}