{
  "source_file": "C:\\Users\\gkwld\\Desktop\\3D-Marker-Pose-Estimation\\CAD_to_PointCloud_conversion\\pointnet2\\result\\eval1_real_newmask_height_auto_boxexpand100\\train\\marker_points\\aug_000186_marker.xyz",
  "image_size": 512,
  "point_radius": 2,
  "view_margin": 1.2,
  "plane_fit_q": 0.8,
  "height_mode": "adaptive",
  "top_candidate_q": 0.85,
  "height_band_m": 0.03,
  "basis_mode": "global",
  "plane_refine_enabled": true,
  "flip_x": true,
  "align_2d": false,
  "align_method": "none",
  "color_mode": "raw_z",
  "color_ref": "marker_all_raw_z",
  "invert_jet": false,
  "color_min": 0.10320779999999999,
  "color_max": 0.312979,
  "color_q_min": 0.02,
  "color_q_max": 0.98,
  "plane_center": [
    7.195431034206567,
    -8.136088866974656,
    0.31249184153900433
  ],
  "plane_normal": [
    0.001745416565760798,
    0.004139411724497012,
    0.9999899093438829
  ],
  "marker_origin": [
    7.195431034206567,
    -8.136088866974656,
    0.31249184153900433
  ],
  "image_u_axis_3d": [
    -0.999998476758346,
    7.225008801861467e-06,
    0.0017454016120274
  ],
  "image_v_axis_3d": [
    0.0,
    0.9999914325714868,
    -0.0041394180298268395
  ],
  "u_min": -1.2071946448073896,
  "u_max": 1.0951633426490037,
  "v_min": -0.9369995766860868,
  "v_max": 1.3662422728083514,
  "pixel_size_u_m": 0.0045055929304430396,
  "pixel_size_v_m": 0.0045073226017503685,
  "back_projection_note": {
    "pixel_to_uv": "u = u_min + px * pixel_size_u_m, v = v_max - py * pixel_size_v_m",
    "flip_x_note": "if flip_x is true, saved uv and image_u_axis_3d are already mirrored, so use the same pixel_to_uv formula",
    "point_on_plane_3d": "marker_origin + u * image_u_axis_3d + v * image_v_axis_3d",
    "direction_3d": "du * image_u_axis_3d + dv * image_v_axis_3d"
  },
  "debug": {
    "total_points": 100000,
    "basis_mode": "global",
    "height_mode": "adaptive",
    "top_candidate_q": 0.85,
    "height_band_m_input": 0.03,
    "height_band_m_used": 0.015,
    "id_height_center": 0.0008537551512751473,
    "top_id_points": 25762,
    "selected_height_min": -0.012988333955623103,
    "selected_height_max": 0.004495901940034844,
    "height_min": -0.2188930634223745,
    "height_mean": -0.15088529011270396,
    "height_max": 0.004495901940034844,
    "height_q50": -0.20235835707494926,
    "height_q70": -0.20029634928071358,
    "height_q80": -0.0005725196204818068,
    "height_q85": 0.0004168429797255318,
    "height_q90": 0.0011363456431070995,
    "height_q95": 0.0034051479915043524,
    "height_q99": 0.0040203866299968315,
    "layer_selection": {
      "height_mode": "adaptive",
      "status": "adaptive_ok",
      "adaptive_search_q": 0.6,
      "adaptive_upper_q": 0.995,
      "adaptive_bins": 64,
      "adaptive_min_points": 300,
      "adaptive_chosen_bin": 63,
      "adaptive_bin_count": 10807,
      "adaptive_layer_bin_left": 62,
      "adaptive_layer_bin_right": 63,
      "adaptive_layer_lo": -0.002272268086464746,
      "adaptive_layer_hi": 0.0041583729889503145,
      "adaptive_layer_points": 22859,
      "adaptive_mad": 0.0010550262188854032,
      "adaptive_robust_sigma": 0.0015641818721194988,
      "id_height_center": 0.0008537551512751473,
      "height_band_m": 0.015,
      "selected_height_min": -0.012988333955623103,
      "selected_height_max": 0.004495901940034844,
      "selected_points": 25762,
      "selected_ratio": 0.25762
    },
    "plane_estimation": {
      "plane_refine_used": true,
      "coarse_plane_points": 100000,
      "coarse_plane_center": [
        7.25014973821014,
        -7.922610649519996,
        0.16062583783022746
      ],
      "coarse_plane_normal": [
        0.0023434580613424776,
        0.012334435342507765,
        0.9999211818473975
      ],
      "coarse_id_layer": {
        "height_mode": "adaptive",
        "status": "adaptive_ok",
        "adaptive_search_q": 0.6,
        "adaptive_upper_q": 0.995,
        "adaptive_bins": 64,
        "adaptive_min_points": 300,
        "adaptive_chosen_bin": 63,
        "adaptive_bin_count": 5085,
        "adaptive_layer_bin_left": 63,
        "adaptive_layer_bin_right": 63,
        "adaptive_layer_lo": 0.15720252924229852,
        "adaptive_layer_hi": 0.16045807853778069,
        "adaptive_layer_points": 5085,
        "adaptive_mad": 0.0007249655431406377,
        "adaptive_robust_sigma": 0.0010748339142603093,
        "id_height_center": 0.15869616164060538,
        "height_band_m": 0.015,
        "selected_height_min": 0.1437001099424857,
        "selected_height_max": 0.1616128185978894,
        "selected_points": 24282,
        "selected_ratio": 0.24282
      },
      "plate_support": {
        "plate_status": "ok",
        "plate_lower": -0.056025033022089485,
        "plate_upper": 0.15369616164060537,
        "plate_lo": 0.14386548064079152,
        "plate_hi": 0.15369616164060537,
        "plate_bins": 64,
        "plate_chosen_bin": 63,
        "plate_bin_count": 6708,
        "plate_left_bin": 61,
        "plate_right_bin": 63,
        "plate_points": 17102,
        "plate_min_points": 500,
        "plane_refine_angle_deg": 0.47080668632757233
      }
    }
  }
}