{
  "source_file": "C:\\Users\\gkwld\\Desktop\\3D-Marker-Pose-Estimation\\CAD_to_PointCloud_conversion\\pointnet2\\result\\eval1_real_newmask_height_auto_boxexpand100\\train\\marker_points\\aug_000077_marker.xyz",
  "image_size": 512,
  "point_radius": 2,
  "view_margin": 1.2,
  "plane_fit_q": 0.8,
  "height_mode": "adaptive",
  "top_candidate_q": 0.85,
  "height_band_m": 0.03,
  "basis_mode": "global",
  "plane_refine_enabled": true,
  "flip_x": true,
  "align_2d": false,
  "align_method": "none",
  "color_mode": "raw_z",
  "color_ref": "marker_all_raw_z",
  "invert_jet": false,
  "color_min": 0.10180886,
  "color_max": 0.310834,
  "color_q_min": 0.02,
  "color_q_max": 0.98,
  "plane_center": [
    -0.08568465309155768,
    9.338347135255649,
    0.309803625148634
  ],
  "plane_normal": [
    -0.010333197757627798,
    0.003742365060325968,
    0.9999396080393341
  ],
  "marker_origin": [
    -0.08568465309155768,
    9.338347135255649,
    0.309803625148634
  ],
  "image_u_axis_3d": [
    -0.999946611085863,
    -3.8672662940988785e-05,
    -0.010333125389878812
  ],
  "image_v_axis_3d": [
    0.0,
    0.9999929965785663,
    -0.0037425648717968186
  ],
  "u_min": -0.594089466254101,
  "u_max": 1.5735977222813702,
  "v_min": -0.911219912646606,
  "v_max": 1.258187848612348,
  "pixel_size_u_m": 0.004242049292633016,
  "pixel_size_v_m": 0.0042454163625419835,
  "back_projection_note": {
    "pixel_to_uv": "u = u_min + px * pixel_size_u_m, v = v_max - py * pixel_size_v_m",
    "flip_x_note": "if flip_x is true, saved uv and image_u_axis_3d are already mirrored, so use the same pixel_to_uv formula",
    "point_on_plane_3d": "marker_origin + u * image_u_axis_3d + v * image_v_axis_3d",
    "direction_3d": "du * image_u_axis_3d + dv * image_v_axis_3d"
  },
  "debug": {
    "total_points": 100000,
    "basis_mode": "global",
    "height_mode": "adaptive",
    "top_candidate_q": 0.85,
    "height_band_m_input": 0.03,
    "height_band_m_used": 0.01616763800212235,
    "id_height_center": 0.006130504250620838,
    "top_id_points": 25707,
    "selected_height_min": -0.010017636270929645,
    "selected_height_max": 0.015173138781575396,
    "height_min": -0.21994825248207045,
    "height_mean": -0.1451860356994087,
    "height_max": 0.015173138781575396,
    "height_q50": -0.19544609607551844,
    "height_q70": -0.18992801626954933,
    "height_q80": 0.001767566619506119,
    "height_q85": 0.003965498660003356,
    "height_q90": 0.0069163407323283585,
    "height_q95": 0.010608204595072454,
    "height_q99": 0.013654833490620695,
    "layer_selection": {
      "height_mode": "adaptive",
      "status": "adaptive_ok",
      "adaptive_search_q": 0.6,
      "adaptive_upper_q": 0.995,
      "adaptive_bins": 64,
      "adaptive_min_points": 300,
      "adaptive_chosen_bin": 63,
      "adaptive_bin_count": 4141,
      "adaptive_layer_bin_left": 59,
      "adaptive_layer_bin_right": 63,
      "adaptive_layer_lo": -0.0020986609518598154,
      "adaptive_layer_hi": 0.01412290318057119,
      "adaptive_layer_points": 24015,
      "adaptive_mad": 0.0036349741449980552,
      "adaptive_robust_sigma": 0.005389212667374116,
      "id_height_center": 0.006130504250620838,
      "height_band_m": 0.01616763800212235,
      "selected_height_min": -0.010017636270929645,
      "selected_height_max": 0.015173138781575396,
      "selected_points": 25707,
      "selected_ratio": 0.25707
    },
    "plane_estimation": {
      "plane_refine_used": true,
      "coarse_plane_points": 100000,
      "coarse_plane_center": [
        -0.5744396972500061,
        9.505290551740144,
        0.15893331236024993
      ],
      "coarse_plane_normal": [
        -0.010689780813089219,
        0.004644145255316885,
        0.9999320779428049
      ],
      "coarse_id_layer": {
        "height_mode": "adaptive",
        "status": "adaptive_ok",
        "adaptive_search_q": 0.6,
        "adaptive_upper_q": 0.995,
        "adaptive_bins": 64,
        "adaptive_min_points": 300,
        "adaptive_chosen_bin": 63,
        "adaptive_bin_count": 4150,
        "adaptive_layer_bin_left": 59,
        "adaptive_layer_bin_right": 63,
        "adaptive_layer_lo": 0.14349693608198766,
        "adaptive_layer_hi": 0.15973726428831006,
        "adaptive_layer_points": 23778,
        "adaptive_mad": 0.003804598469027823,
        "adaptive_robust_sigma": 0.00564069769018065,
        "id_height_center": 0.15113640098699763,
        "height_band_m": 0.01692209307054195,
        "selected_height_min": 0.13424721704158998,
        "selected_height_max": 0.16085908941161625,
        "selected_points": 25730,
        "selected_ratio": 0.2573
      },
      "plate_support": {
        "plate_status": "ok",
        "plate_lower": -0.05524946959247499,
        "plate_upper": 0.14613640098699762,
        "plate_lo": 0.14298974675919338,
        "plate_hi": 0.14613640098699762,
        "plate_bins": 64,
        "plate_chosen_bin": 63,
        "plate_bin_count": 3364,
        "plate_left_bin": 63,
        "plate_right_bin": 63,
        "plate_points": 3364,
        "plate_min_points": 500,
        "plane_refine_angle_deg": 0.05556272128980194
      }
    }
  }
}