{
  "source_file": "C:\\Users\\gkwld\\Desktop\\3D-Marker-Pose-Estimation\\CAD_to_PointCloud_conversion\\pointnet2\\result\\eval1_real_newmask_height_auto_boxexpand100\\train\\marker_points\\aug_000082_marker.xyz",
  "image_size": 512,
  "point_radius": 2,
  "view_margin": 1.2,
  "plane_fit_q": 0.8,
  "height_mode": "adaptive",
  "top_candidate_q": 0.85,
  "height_band_m": 0.03,
  "basis_mode": "global",
  "plane_refine_enabled": true,
  "flip_x": true,
  "align_2d": false,
  "align_method": "none",
  "color_mode": "raw_z",
  "color_ref": "marker_all_raw_z",
  "invert_jet": false,
  "color_min": 0.101714,
  "color_max": 0.310834,
  "color_q_min": 0.02,
  "color_q_max": 0.98,
  "plane_center": [
    -5.4025198340888485,
    -0.9287279070716224,
    0.3088766097008157
  ],
  "plane_normal": [
    0.00276392651048481,
    0.009735170265363326,
    0.9999487922729589
  ],
  "marker_origin": [
    -5.4025198340888485,
    -0.9287279070716224,
    0.3088766097008157
  ],
  "image_u_axis_3d": [
    -0.9999961803468275,
    2.69073979573953e-05,
    0.002763795532825347
  ],
  "image_v_axis_3d": [
    0.0,
    0.9999526117441249,
    -0.009735207450469616
  ],
  "u_min": -1.2564961730820032,
  "u_max": 0.9324684920408196,
  "v_min": -0.6470799659795268,
  "v_max": 1.5404370654782387,
  "pixel_size_u_m": 0.0042836881900642325,
  "pixel_size_v_m": 0.004280855247471165,
  "back_projection_note": {
    "pixel_to_uv": "u = u_min + px * pixel_size_u_m, v = v_max - py * pixel_size_v_m",
    "flip_x_note": "if flip_x is true, saved uv and image_u_axis_3d are already mirrored, so use the same pixel_to_uv formula",
    "point_on_plane_3d": "marker_origin + u * image_u_axis_3d + v * image_v_axis_3d",
    "direction_3d": "du * image_u_axis_3d + dv * image_v_axis_3d"
  },
  "debug": {
    "total_points": 100000,
    "basis_mode": "global",
    "height_mode": "adaptive",
    "top_candidate_q": 0.85,
    "height_band_m_input": 0.03,
    "height_band_m_used": 0.015252093860034026,
    "id_height_center": 0.006296022111665241,
    "top_id_points": 25612,
    "selected_height_min": -0.008952730879506602,
    "selected_height_max": 0.014483695880163561,
    "height_min": -0.21912415238752095,
    "height_mean": -0.1452915574694203,
    "height_max": 0.014483695880163561,
    "height_q50": -0.19560430094909842,
    "height_q70": -0.19055401926389712,
    "height_q80": 0.0021432739330406523,
    "height_q85": 0.004087406642742413,
    "height_q90": 0.007096823921724373,
    "height_q95": 0.010297687820868477,
    "height_q99": 0.013162193348964128,
    "layer_selection": {
      "height_mode": "adaptive",
      "status": "adaptive_ok",
      "adaptive_search_q": 0.6,
      "adaptive_upper_q": 0.995,
      "adaptive_bins": 64,
      "adaptive_min_points": 300,
      "adaptive_chosen_bin": 63,
      "adaptive_bin_count": 4471,
      "adaptive_layer_bin_left": 59,
      "adaptive_layer_bin_right": 63,
      "adaptive_layer_lo": -0.002639195436589581,
      "adaptive_layer_hi": 0.013562190470485503,
      "adaptive_layer_points": 24168,
      "adaptive_mad": 0.003429132123754222,
      "adaptive_robust_sigma": 0.005084031286678009,
      "id_height_center": 0.006296022111665241,
      "height_band_m": 0.015252093860034026,
      "selected_height_min": -0.008952730879506602,
      "selected_height_max": 0.014483695880163561,
      "selected_points": 25612,
      "selected_ratio": 0.25612
    },
    "plane_estimation": {
      "plane_refine_used": true,
      "coarse_plane_points": 100000,
      "coarse_plane_center": [
        -5.245789582390037,
        -0.4858558821499989,
        0.15883274336025038
      ],
      "coarse_plane_normal": [
        0.002892922380712996,
        0.00871903894327405,
        0.9999578037887422
      ],
      "coarse_id_layer": {
        "height_mode": "adaptive",
        "status": "adaptive_ok",
        "adaptive_search_q": 0.6,
        "adaptive_upper_q": 0.995,
        "adaptive_bins": 64,
        "adaptive_min_points": 300,
        "adaptive_chosen_bin": 63,
        "adaptive_bin_count": 5149,
        "adaptive_layer_bin_left": 60,
        "adaptive_layer_bin_right": 63,
        "adaptive_layer_lo": 0.14528748905092537,
        "adaptive_layer_hi": 0.15823267262945592,
        "adaptive_layer_points": 23581,
        "adaptive_mad": 0.0030929457910619518,
        "adaptive_robust_sigma": 0.00458560142982845,
        "id_height_center": 0.1515704803857361,
        "height_band_m": 0.015,
        "selected_height_min": 0.1366118170972053,
        "selected_height_max": 0.1590686391154405,
        "selected_points": 25622,
        "selected_ratio": 0.25622
      },
      "plate_support": {
        "plate_status": "ok",
        "plate_lower": -0.05459776256580901,
        "plate_upper": 0.14657048038573608,
        "plate_lo": 0.1434272265896182,
        "plate_hi": 0.14657048038573608,
        "plate_bins": 64,
        "plate_chosen_bin": 63,
        "plate_bin_count": 2206,
        "plate_left_bin": 63,
        "plate_right_bin": 63,
        "plate_points": 2206,
        "plate_min_points": 500,
        "plane_refine_angle_deg": 0.05868967811631843
      }
    }
  }
}