{
  "source_file": "C:\\Users\\gkwld\\Desktop\\3D-Marker-Pose-Estimation\\CAD_to_PointCloud_conversion\\pointnet2\\result\\eval1_real_newmask_height_auto_boxexpand100\\train\\marker_points\\aug_000019_marker.xyz",
  "image_size": 512,
  "point_radius": 2,
  "view_margin": 1.2,
  "plane_fit_q": 0.8,
  "height_mode": "adaptive",
  "top_candidate_q": 0.85,
  "height_band_m": 0.03,
  "basis_mode": "global",
  "plane_refine_enabled": true,
  "flip_x": true,
  "align_2d": false,
  "align_method": "none",
  "color_mode": "raw_z",
  "color_ref": "marker_all_raw_z",
  "invert_jet": false,
  "color_min": 0.10171192,
  "color_max": 0.310834,
  "color_q_min": 0.02,
  "color_q_max": 0.98,
  "plane_center": [
    -4.076545859538018,
    5.141421054768997,
    0.30928221087928454
  ],
  "plane_normal": [
    -0.010439343593040329,
    -0.0025270984052941214,
    0.9999423152747345
  ],
  "marker_origin": [
    -4.076545859538018,
    5.141421054768997,
    0.30928221087928454
  ],
  "image_u_axis_3d": [
    -0.9999455085670153,
    2.638268617661261e-05,
    -0.010439310255327522
  ],
  "image_v_axis_3d": [
    0.0,
    0.9999968065327028,
    0.0025272361180091554
  ],
  "u_min": -0.64052679505134,
  "u_max": 1.626830706486979,
  "v_min": -1.2282155994377792,
  "v_max": 1.0400133669312897,
  "pixel_size_u_m": 0.004437098828842112,
  "pixel_size_v_m": 0.004438804239469802,
  "back_projection_note": {
    "pixel_to_uv": "u = u_min + px * pixel_size_u_m, v = v_max - py * pixel_size_v_m",
    "flip_x_note": "if flip_x is true, saved uv and image_u_axis_3d are already mirrored, so use the same pixel_to_uv formula",
    "point_on_plane_3d": "marker_origin + u * image_u_axis_3d + v * image_v_axis_3d",
    "direction_3d": "du * image_u_axis_3d + dv * image_v_axis_3d"
  },
  "debug": {
    "total_points": 100000,
    "basis_mode": "global",
    "height_mode": "adaptive",
    "top_candidate_q": 0.85,
    "height_band_m_input": 0.03,
    "height_band_m_used": 0.015757998555070235,
    "id_height_center": 0.006442273567678518,
    "top_id_points": 25681,
    "selected_height_min": -0.00929440799429786,
    "selected_height_max": 0.015172545420978574,
    "height_min": -0.2195181161078386,
    "height_mean": -0.14495963791929473,
    "height_max": 0.015172545420978574,
    "height_q50": -0.19527084153687377,
    "height_q70": -0.18985338032277851,
    "height_q80": 0.002104931340533405,
    "height_q85": 0.004249415963974656,
    "height_q90": 0.007263801091468888,
    "height_q95": 0.010675111514014572,
    "height_q99": 0.013754188288962329,
    "layer_selection": {
      "height_mode": "adaptive",
      "status": "adaptive_ok",
      "adaptive_search_q": 0.6,
      "adaptive_upper_q": 0.995,
      "adaptive_bins": 64,
      "adaptive_min_points": 300,
      "adaptive_chosen_bin": 63,
      "adaptive_bin_count": 4117,
      "adaptive_layer_bin_left": 59,
      "adaptive_layer_bin_right": 63,
      "adaptive_layer_lo": -0.002013776262208722,
      "adaptive_layer_hi": 0.01420153960295313,
      "adaptive_layer_points": 24132,
      "adaptive_mad": 0.0035428748044134704,
      "adaptive_robust_sigma": 0.005252666185023411,
      "id_height_center": 0.006442273567678518,
      "height_band_m": 0.015757998555070235,
      "selected_height_min": -0.00929440799429786,
      "selected_height_max": 0.015172545420978574,
      "selected_points": 25681,
      "selected_ratio": 0.25681
    },
    "plane_estimation": {
      "plane_refine_used": true,
      "coarse_plane_points": 100000,
      "coarse_plane_center": [
        -4.565901901889946,
        5.0417355579099725,
        0.15895343036025092
      ],
      "coarse_plane_normal": [
        -0.010005560926388924,
        -0.0019154284842593785,
        0.9999481085947759
      ],
      "coarse_id_layer": {
        "height_mode": "adaptive",
        "status": "adaptive_ok",
        "adaptive_search_q": 0.6,
        "adaptive_upper_q": 0.995,
        "adaptive_bins": 64,
        "adaptive_min_points": 300,
        "adaptive_chosen_bin": 63,
        "adaptive_bin_count": 4508,
        "adaptive_layer_bin_left": 59,
        "adaptive_layer_bin_right": 63,
        "adaptive_layer_lo": 0.14259513862476073,
        "adaptive_layer_hi": 0.15880128579891445,
        "adaptive_layer_points": 24214,
        "adaptive_mad": 0.0033832873203722136,
        "adaptive_robust_sigma": 0.005016061781183844,
        "id_height_center": 0.15127423881451502,
        "height_band_m": 0.015048185343551531,
        "selected_height_min": 0.13623516103813754,
        "selected_height_max": 0.15971759452574688,
        "selected_points": 25647,
        "selected_ratio": 0.25647
      },
      "plate_support": {
        "plate_status": "ok",
        "plate_lower": -0.05494233808752661,
        "plate_upper": 0.146274238814515,
        "plate_lo": 0.14313022980042062,
        "plate_hi": 0.146274238814515,
        "plate_bins": 64,
        "plate_chosen_bin": 63,
        "plate_bin_count": 2684,
        "plate_left_bin": 63,
        "plate_right_bin": 63,
        "plate_points": 2684,
        "plate_min_points": 500,
        "plane_refine_angle_deg": 0.04296591683745735
      }
    }
  }
}