{
  "source_file": "C:\\Users\\gkwld\\Desktop\\3D-Marker-Pose-Estimation\\CAD_to_PointCloud_conversion\\pointnet2\\result\\eval1_real_newmask_height_auto_boxexpand100\\train\\marker_points\\aug_000051_marker.xyz",
  "image_size": 512,
  "point_radius": 2,
  "view_margin": 1.2,
  "plane_fit_q": 0.8,
  "height_mode": "adaptive",
  "top_candidate_q": 0.85,
  "height_band_m": 0.03,
  "basis_mode": "global",
  "plane_refine_enabled": true,
  "flip_x": true,
  "align_2d": false,
  "align_method": "none",
  "color_mode": "raw_z",
  "color_ref": "marker_all_raw_z",
  "invert_jet": false,
  "color_min": 0.10167588,
  "color_max": 0.310834,
  "color_q_min": 0.02,
  "color_q_max": 0.98,
  "plane_center": [
    -6.161667725141128,
    7.564514055579685,
    0.3100509131567797
  ],
  "plane_normal": [
    0.009173683665266634,
    0.0051622133124853975,
    0.9999445960050617
  ],
  "marker_origin": [
    -6.161667725141128,
    7.564514055579685,
    0.3100509131567797
  ],
  "image_u_axis_3d": [
    -0.9999579208776788,
    4.735850474558869e-05,
    0.009173561421938127
  ],
  "image_v_axis_3d": [
    1.355252715608236e-20,
    0.9999866745656607,
    -0.005162430543026532
  ],
  "u_min": -1.5940032945701064,
  "u_max": 0.6470239340401926,
  "v_min": -0.9460704577100896,
  "v_max": 1.2947141969347102,
  "pixel_size_u_m": 0.004385571875949705,
  "pixel_size_v_m": 0.004385097171516242,
  "back_projection_note": {
    "pixel_to_uv": "u = u_min + px * pixel_size_u_m, v = v_max - py * pixel_size_v_m",
    "flip_x_note": "if flip_x is true, saved uv and image_u_axis_3d are already mirrored, so use the same pixel_to_uv formula",
    "point_on_plane_3d": "marker_origin + u * image_u_axis_3d + v * image_v_axis_3d",
    "direction_3d": "du * image_u_axis_3d + dv * image_v_axis_3d"
  },
  "debug": {
    "total_points": 100000,
    "basis_mode": "global",
    "height_mode": "adaptive",
    "top_candidate_q": 0.85,
    "height_band_m_input": 0.03,
    "height_band_m_used": 0.015809591017669898,
    "id_height_center": 0.006019971192579302,
    "top_id_points": 25877,
    "selected_height_min": -0.009763548516469482,
    "selected_height_max": 0.013818693367772247,
    "height_min": -0.21995242280754995,
    "height_mean": -0.1454335591638348,
    "height_max": 0.013818693367772247,
    "height_q50": -0.19580316327442307,
    "height_q70": -0.19094861376009822,
    "height_q80": 0.0010728188555578814,
    "height_q85": 0.0032450174385060004,
    "height_q90": 0.0069356378251477415,
    "height_q95": 0.009001086860477323,
    "height_q99": 0.012472555726786943,
    "layer_selection": {
      "height_mode": "adaptive",
      "status": "adaptive_ok",
      "adaptive_search_q": 0.6,
      "adaptive_upper_q": 0.995,
      "adaptive_bins": 64,
      "adaptive_min_points": 300,
      "adaptive_chosen_bin": 63,
      "adaptive_bin_count": 3710,
      "adaptive_layer_bin_left": 59,
      "adaptive_layer_bin_right": 63,
      "adaptive_layer_lo": -0.003258309711541424,
      "adaptive_layer_hi": 0.012913273167298032,
      "adaptive_layer_points": 24433,
      "adaptive_mad": 0.0035544743508408427,
      "adaptive_robust_sigma": 0.005269863672556633,
      "id_height_center": 0.006019971192579302,
      "height_band_m": 0.015809591017669898,
      "selected_height_min": -0.009763548516469482,
      "selected_height_max": 0.013818693367772247,
      "selected_points": 25877,
      "selected_ratio": 0.25877
    },
    "plane_estimation": {
      "plane_refine_used": true,
      "coarse_plane_points": 100000,
      "coarse_plane_center": [
        -5.6947279468099925,
        7.742434165610139,
        0.15940698834025
      ],
      "coarse_plane_normal": [
        0.010767834649553696,
        0.004156146851479533,
        0.9999333878705666
      ],
      "coarse_id_layer": {
        "height_mode": "adaptive",
        "status": "adaptive_ok",
        "adaptive_search_q": 0.6,
        "adaptive_upper_q": 0.995,
        "adaptive_bins": 64,
        "adaptive_min_points": 300,
        "adaptive_chosen_bin": 63,
        "adaptive_bin_count": 3669,
        "adaptive_layer_bin_left": 59,
        "adaptive_layer_bin_right": 63,
        "adaptive_layer_lo": 0.1430018750066247,
        "adaptive_layer_hi": 0.15922305813158555,
        "adaptive_layer_points": 24106,
        "adaptive_mad": 0.003875069698112993,
        "adaptive_robust_sigma": 0.005745178334422323,
        "id_height_center": 0.15121252387443113,
        "height_band_m": 0.01723553500326697,
        "selected_height_min": 0.13401525148840102,
        "selected_height_max": 0.1602635180657059,
        "selected_points": 25965,
        "selected_ratio": 0.25965
      },
      "plate_support": {
        "plate_status": "ok",
        "plate_lower": -0.05568552301290473,
        "plate_upper": 0.14621252387443112,
        "plate_lo": 0.1430578668918165,
        "plate_hi": 0.14621252387443112,
        "plate_bins": 64,
        "plate_chosen_bin": 63,
        "plate_bin_count": 4606,
        "plate_left_bin": 63,
        "plate_right_bin": 63,
        "plate_points": 4606,
        "plate_min_points": 500,
        "plane_refine_angle_deg": 0.10800851329798868
      }
    }
  }
}