{
  "source_file": "C:\\Users\\gkwld\\Desktop\\3D-Marker-Pose-Estimation\\CAD_to_PointCloud_conversion\\pointnet2\\result\\eval1_real_newmask_height_auto_boxexpand100\\train\\marker_points\\aug_000195_marker.xyz",
  "image_size": 512,
  "point_radius": 2,
  "view_margin": 1.2,
  "plane_fit_q": 0.8,
  "height_mode": "adaptive",
  "top_candidate_q": 0.85,
  "height_band_m": 0.03,
  "basis_mode": "global",
  "plane_refine_enabled": true,
  "flip_x": true,
  "align_2d": false,
  "align_method": "none",
  "color_mode": "raw_z",
  "color_ref": "marker_all_raw_z",
  "invert_jet": false,
  "color_min": 0.103326,
  "color_max": 0.312979,
  "color_q_min": 0.02,
  "color_q_max": 0.98,
  "plane_center": [
    7.854227821978785,
    9.241847119479623,
    0.31177207428963877
  ],
  "plane_normal": [
    0.00991851663446533,
    -0.006574049948661485,
    0.9999291999401978
  ],
  "marker_origin": [
    7.854227821978785,
    9.241847119479623,
    0.31177207428963877
  ],
  "image_u_axis_3d": [
    -0.999950810303073,
    -6.520803133477308e-05,
    0.00991830228115787
  ],
  "image_v_axis_3d": [
    -1.355252715608236e-20,
    0.9999783885730658,
    0.006574373340086997
  ],
  "u_min": -1.552638104850712,
  "u_max": 0.5941879723191156,
  "v_min": -1.292692731236837,
  "v_max": 0.8529042923496445,
  "pixel_size_u_m": 0.004201225199940955,
  "pixel_size_v_m": 0.004198820007018555,
  "back_projection_note": {
    "pixel_to_uv": "u = u_min + px * pixel_size_u_m, v = v_max - py * pixel_size_v_m",
    "flip_x_note": "if flip_x is true, saved uv and image_u_axis_3d are already mirrored, so use the same pixel_to_uv formula",
    "point_on_plane_3d": "marker_origin + u * image_u_axis_3d + v * image_v_axis_3d",
    "direction_3d": "du * image_u_axis_3d + dv * image_v_axis_3d"
  },
  "debug": {
    "total_points": 100000,
    "basis_mode": "global",
    "height_mode": "adaptive",
    "top_candidate_q": 0.85,
    "height_band_m_input": 0.03,
    "height_band_m_used": 0.01560653023068738,
    "id_height_center": 0.00617228499862833,
    "top_id_points": 25559,
    "selected_height_min": -0.009430831569447238,
    "selected_height_max": 0.01637170076341412,
    "height_min": -0.22037979927626916,
    "height_mean": -0.14520994423160768,
    "height_max": 0.01637170076341412,
    "height_q50": -0.1950961658449025,
    "height_q70": -0.1892068303801013,
    "height_q80": 0.0020573351627285598,
    "height_q85": 0.0051191461200894165,
    "height_q90": 0.006963854386711614,
    "height_q95": 0.012028416480275741,
    "height_q99": 0.01471800813081859,
    "layer_selection": {
      "height_mode": "adaptive",
      "status": "adaptive_ok",
      "adaptive_search_q": 0.6,
      "adaptive_upper_q": 0.995,
      "adaptive_bins": 64,
      "adaptive_min_points": 300,
      "adaptive_chosen_bin": 63,
      "adaptive_bin_count": 4555,
      "adaptive_layer_bin_left": 59,
      "adaptive_layer_bin_right": 63,
      "adaptive_layer_lo": -0.0010344444763418226,
      "adaptive_layer_hi": 0.01524952275806403,
      "adaptive_layer_points": 23593,
      "adaptive_mad": 0.0035088201426969248,
      "adaptive_robust_sigma": 0.00520217674356246,
      "id_height_center": 0.00617228499862833,
      "height_band_m": 0.01560653023068738,
      "selected_height_min": -0.009430831569447238,
      "selected_height_max": 0.01637170076341412,
      "selected_points": 25559,
      "selected_ratio": 0.25559
    },
    "plane_estimation": {
      "plane_refine_used": true,
      "coarse_plane_points": 100000,
      "coarse_plane_center": [
        8.332707588079908,
        9.02917293282002,
        0.16040747319022758
      ],
      "coarse_plane_normal": [
        0.009955303735994969,
        -0.007126526812178047,
        0.9999250494617681
      ],
      "coarse_id_layer": {
        "height_mode": "adaptive",
        "status": "adaptive_ok",
        "adaptive_search_q": 0.6,
        "adaptive_upper_q": 0.995,
        "adaptive_bins": 64,
        "adaptive_min_points": 300,
        "adaptive_chosen_bin": 63,
        "adaptive_bin_count": 4642,
        "adaptive_layer_bin_left": 59,
        "adaptive_layer_bin_right": 63,
        "adaptive_layer_lo": 0.14434808786125203,
        "adaptive_layer_hi": 0.1606349541058449,
        "adaptive_layer_points": 23297,
        "adaptive_mad": 0.0034678272307570035,
        "adaptive_robust_sigma": 0.005141400652320333,
        "id_height_center": 0.15131296474273173,
        "height_band_m": 0.015424201956960999,
        "selected_height_min": 0.1358983509041321,
        "selected_height_max": 0.16176986139909608,
        "selected_points": 25547,
        "selected_ratio": 0.25547
      },
      "plate_support": {
        "plate_status": "ok",
        "plate_lower": -0.05553984072985177,
        "plate_upper": 0.14631296474273173,
        "plate_lo": 0.1431590146572226,
        "plate_hi": 0.14631296474273173,
        "plate_bins": 64,
        "plate_chosen_bin": 63,
        "plate_bin_count": 2921,
        "plate_left_bin": 63,
        "plate_right_bin": 63,
        "plate_points": 2921,
        "plate_min_points": 500,
        "plane_refine_angle_deg": 0.03172578652924962
      }
    }
  }
}