{
  "source_file": "C:\\Users\\gkwld\\Desktop\\3D-Marker-Pose-Estimation\\CAD_to_PointCloud_conversion\\pointnet2\\result\\eval1_real_newmask_height_auto_boxexpand100\\train\\marker_points\\aug_000184_marker.xyz",
  "image_size": 512,
  "point_radius": 2,
  "view_margin": 1.2,
  "plane_fit_q": 0.8,
  "height_mode": "adaptive",
  "top_candidate_q": 0.85,
  "height_band_m": 0.03,
  "basis_mode": "global",
  "plane_refine_enabled": true,
  "flip_x": true,
  "align_2d": false,
  "align_method": "none",
  "color_mode": "raw_z",
  "color_ref": "marker_all_raw_z",
  "invert_jet": false,
  "color_min": 0.10326381999999999,
  "color_max": 0.312979,
  "color_q_min": 0.02,
  "color_q_max": 0.98,
  "plane_center": [
    1.9424488659942418,
    0.13923927608069162,
    0.3119883363112554
  ],
  "plane_normal": [
    0.011118125788744144,
    -0.004116364046853343,
    0.9999297189422762
  ],
  "marker_origin": [
    1.9424488659942418,
    0.13923927608069162,
    0.3119883363112554
  ],
  "image_u_axis_3d": [
    -0.9999381917283418,
    -4.576908217295233e-05,
    0.011118031581397859
  ],
  "image_v_axis_3d": [
    0.0,
    0.999991526689214,
    0.004116618487923043
  ],
  "u_min": -1.6546744364639512,
  "u_max": 0.6346729884420647,
  "v_min": -1.2473671777164614,
  "v_max": 1.041112558129101,
  "pixel_size_u_m": 0.004480131946978505,
  "pixel_size_v_m": 0.004478433925333781,
  "back_projection_note": {
    "pixel_to_uv": "u = u_min + px * pixel_size_u_m, v = v_max - py * pixel_size_v_m",
    "flip_x_note": "if flip_x is true, saved uv and image_u_axis_3d are already mirrored, so use the same pixel_to_uv formula",
    "point_on_plane_3d": "marker_origin + u * image_u_axis_3d + v * image_v_axis_3d",
    "direction_3d": "du * image_u_axis_3d + dv * image_v_axis_3d"
  },
  "debug": {
    "total_points": 100000,
    "basis_mode": "global",
    "height_mode": "adaptive",
    "top_candidate_q": 0.85,
    "height_band_m_input": 0.03,
    "height_band_m_used": 0.015593348633404787,
    "id_height_center": 0.005800922965928729,
    "top_id_points": 25672,
    "selected_height_min": -0.00978669247009593,
    "selected_height_max": 0.016019301128808245,
    "height_min": -0.22065601310765762,
    "height_mean": -0.1453022816000227,
    "height_max": 0.016019301128808245,
    "height_q50": -0.19542072518505096,
    "height_q70": -0.1895407115362577,
    "height_q80": 0.0017493923370730585,
    "height_q85": 0.004786343668337358,
    "height_q90": 0.006641182810669718,
    "height_q95": 0.01175014804214104,
    "height_q99": 0.014327903940183843,
    "layer_selection": {
      "height_mode": "adaptive",
      "status": "adaptive_ok",
      "adaptive_search_q": 0.6,
      "adaptive_upper_q": 0.995,
      "adaptive_bins": 64,
      "adaptive_min_points": 300,
      "adaptive_chosen_bin": 63,
      "adaptive_bin_count": 4751,
      "adaptive_layer_bin_left": 59,
      "adaptive_layer_bin_right": 63,
      "adaptive_layer_lo": -0.0014390258858673621,
      "adaptive_layer_hi": 0.01484111129485124,
      "adaptive_layer_points": 23797,
      "adaptive_mad": 0.003505856520842841,
      "adaptive_robust_sigma": 0.005197782877801596,
      "id_height_center": 0.005800922965928729,
      "height_band_m": 0.015593348633404787,
      "selected_height_min": -0.00978669247009593,
      "selected_height_max": 0.016019301128808245,
      "selected_points": 25672,
      "selected_ratio": 0.25672
    },
    "plane_estimation": {
      "plane_refine_used": true,
      "coarse_plane_points": 100000,
      "coarse_plane_center": [
        2.4498453305999752,
        0.040181076049999695,
        0.1606263595002271
      ],
      "coarse_plane_normal": [
        0.011930267276633735,
        -0.004589343023731558,
        0.9999182999882134
      ],
      "coarse_id_layer": {
        "height_mode": "adaptive",
        "status": "adaptive_ok",
        "adaptive_search_q": 0.6,
        "adaptive_upper_q": 0.995,
        "adaptive_bins": 64,
        "adaptive_min_points": 300,
        "adaptive_chosen_bin": 63,
        "adaptive_bin_count": 4487,
        "adaptive_layer_bin_left": 59,
        "adaptive_layer_bin_right": 63,
        "adaptive_layer_lo": 0.14443555334290456,
        "adaptive_layer_hi": 0.1607364740655034,
        "adaptive_layer_points": 22822,
        "adaptive_mad": 0.003655087117074407,
        "adaptive_robust_sigma": 0.0054190321597745155,
        "id_height_center": 0.15116758713301048,
        "height_band_m": 0.016257096479323545,
        "selected_height_min": 0.13491631096743817,
        "selected_height_max": 0.16199647547198273,
        "selected_points": 25683,
        "selected_ratio": 0.25683
      },
      "plate_support": {
        "plate_status": "ok",
        "plate_lower": -0.05580785027026305,
        "plate_upper": 0.14616758713301048,
        "plate_lo": 0.14301172092358433,
        "plate_hi": 0.14616758713301048,
        "plate_bins": 64,
        "plate_chosen_bin": 63,
        "plate_bin_count": 3470,
        "plate_left_bin": 63,
        "plate_right_bin": 63,
        "plate_points": 3470,
        "plate_min_points": 500,
        "plane_refine_angle_deg": 0.053852466424067186
      }
    }
  }
}