{
  "source_file": "C:\\Users\\gkwld\\Desktop\\3D-Marker-Pose-Estimation\\CAD_to_PointCloud_conversion\\pointnet2\\result\\eval1_real_newmask_height_auto_boxexpand100\\train\\marker_points\\aug_000104_marker.xyz",
  "image_size": 512,
  "point_radius": 2,
  "view_margin": 1.2,
  "plane_fit_q": 0.8,
  "height_mode": "adaptive",
  "top_candidate_q": 0.85,
  "height_band_m": 0.03,
  "basis_mode": "global",
  "plane_refine_enabled": true,
  "flip_x": true,
  "align_2d": false,
  "align_method": "none",
  "color_mode": "raw_z",
  "color_ref": "marker_all_raw_z",
  "invert_jet": false,
  "color_min": 0.103472,
  "color_max": 0.312979,
  "color_q_min": 0.02,
  "color_q_max": 0.98,
  "plane_center": [
    7.5034224482051455,
    -3.7911813015384666,
    0.31085767487179594
  ],
  "plane_normal": [
    0.0015346773886715835,
    0.010898210580384,
    0.9999394350506727
  ],
  "marker_origin": [
    7.5034224482051455,
    -3.7911813015384666,
    0.31085767487179594
  ],
  "image_u_axis_3d": [
    -0.999998822380963,
    1.672525705064439e-05,
    0.0015345862481682157
  ],
  "image_v_axis_3d": [
    -3.388131789020589e-21,
    0.999940612598774,
    -0.010898223414328466
  ],
  "u_min": -1.1559749821686727,
  "u_max": 1.1558570642647918,
  "v_min": -0.677349292042336,
  "v_max": 1.6353469596689623,
  "pixel_size_u_m": 0.004524133163274882,
  "pixel_size_v_m": 0.004525824367341093,
  "back_projection_note": {
    "pixel_to_uv": "u = u_min + px * pixel_size_u_m, v = v_max - py * pixel_size_v_m",
    "flip_x_note": "if flip_x is true, saved uv and image_u_axis_3d are already mirrored, so use the same pixel_to_uv formula",
    "point_on_plane_3d": "marker_origin + u * image_u_axis_3d + v * image_v_axis_3d",
    "direction_3d": "du * image_u_axis_3d + dv * image_v_axis_3d"
  },
  "debug": {
    "total_points": 100000,
    "basis_mode": "global",
    "height_mode": "adaptive",
    "top_candidate_q": 0.85,
    "height_band_m_input": 0.03,
    "height_band_m_used": 0.015,
    "id_height_center": 0.012803338949271813,
    "top_id_points": 24571,
    "selected_height_min": -0.002192849965334729,
    "selected_height_max": 0.015572593803745321,
    "height_min": -0.2195792299848817,
    "height_mean": -0.14536017376864796,
    "height_max": 0.015572593803745321,
    "height_q50": -0.19536369206355655,
    "height_q70": -0.189914690759188,
    "height_q80": 0.002380900845714641,
    "height_q85": 0.005255594601744628,
    "height_q90": 0.006962670726113764,
    "height_q95": 0.011701278179115981,
    "height_q99": 0.0140991057991326,
    "layer_selection": {
      "height_mode": "adaptive",
      "status": "adaptive_ok",
      "adaptive_search_q": 0.6,
      "adaptive_upper_q": 0.995,
      "adaptive_bins": 64,
      "adaptive_min_points": 300,
      "adaptive_chosen_bin": 63,
      "adaptive_bin_count": 5164,
      "adaptive_layer_bin_left": 63,
      "adaptive_layer_bin_right": 63,
      "adaptive_layer_lo": 0.011305091130416028,
      "adaptive_layer_hi": 0.014557504113404325,
      "adaptive_layer_points": 5164,
      "adaptive_mad": 0.0007495445755019408,
      "adaptive_robust_sigma": 0.0011112747876391774,
      "id_height_center": 0.012803338949271813,
      "height_band_m": 0.015,
      "selected_height_min": -0.002192849965334729,
      "selected_height_max": 0.015572593803745321,
      "selected_points": 24571,
      "selected_ratio": 0.24571
    },
    "plane_estimation": {
      "plane_refine_used": true,
      "coarse_plane_points": 100000,
      "coarse_plane_center": [
        7.499108700660022,
        -3.3154255771899943,
        0.16031011734022693
      ],
      "coarse_plane_normal": [
        0.0017674199684111268,
        0.010019634509730398,
        0.9999482402349367
      ],
      "coarse_id_layer": {
        "height_mode": "adaptive",
        "status": "adaptive_ok",
        "adaptive_search_q": 0.6,
        "adaptive_upper_q": 0.995,
        "adaptive_bins": 64,
        "adaptive_min_points": 300,
        "adaptive_chosen_bin": 63,
        "adaptive_bin_count": 5628,
        "adaptive_layer_bin_left": 60,
        "adaptive_layer_bin_right": 63,
        "adaptive_layer_lo": 0.14634233309020095,
        "adaptive_layer_hi": 0.15933180332077135,
        "adaptive_layer_points": 22529,
        "adaptive_mad": 0.0029210960905798056,
        "adaptive_robust_sigma": 0.004330817063893619,
        "id_height_center": 0.15173373334695522,
        "height_band_m": 0.015,
        "selected_height_min": 0.13673990892334473,
        "selected_height_max": 0.16025276459164706,
        "selected_points": 25530,
        "selected_ratio": 0.2553
      },
      "plate_support": {
        "plate_status": "ok",
        "plate_lower": -0.05495057744436324,
        "plate_upper": 0.14673373334695522,
        "plate_lo": 0.14358241599084087,
        "plate_hi": 0.14673373334695522,
        "plate_bins": 64,
        "plate_chosen_bin": 63,
        "plate_bin_count": 1950,
        "plate_left_bin": 63,
        "plate_right_bin": 63,
        "plate_points": 1950,
        "plate_min_points": 500,
        "plane_refine_angle_deg": 0.052077627945133105
      }
    }
  }
}