{
  "source_file": "C:\\Users\\gkwld\\Desktop\\3D-Marker-Pose-Estimation\\CAD_to_PointCloud_conversion\\pointnet2\\result\\eval1_real_newmask_height_auto_boxexpand100\\train\\marker_points\\aug_000144_marker.xyz",
  "image_size": 512,
  "point_radius": 2,
  "view_margin": 1.2,
  "plane_fit_q": 0.8,
  "height_mode": "adaptive",
  "top_candidate_q": 0.85,
  "height_band_m": 0.03,
  "basis_mode": "global",
  "plane_refine_enabled": true,
  "flip_x": true,
  "align_2d": false,
  "align_method": "none",
  "color_mode": "raw_z",
  "color_ref": "marker_all_raw_z",
  "invert_jet": false,
  "color_min": 0.103192,
  "color_max": 0.312979,
  "color_q_min": 0.02,
  "color_q_max": 0.98,
  "plane_center": [
    9.52640457948868,
    -0.2904280032324419,
    0.31186801028505795
  ],
  "plane_normal": [
    -0.010278747605859806,
    0.005128663808527922,
    0.9999340198999102
  ],
  "marker_origin": [
    9.52640457948868,
    -0.2904280032324419,
    0.31186801028505795
  ],
  "image_u_axis_3d": [
    -0.9999471722774436,
    -5.2719025869132867e-05,
    -0.010278612408728014
  ],
  "image_v_axis_3d": [
    -6.77626357804118e-21,
    0.9999868469266201,
    -0.005128934758465226
  ],
  "u_min": -0.5964822643815002,
  "u_max": 1.5529670130305604,
  "v_min": -0.8697278238093459,
  "v_max": 1.2727705012574133,
  "pixel_size_u_m": 0.004206358664211469,
  "pixel_size_v_m": 0.004192756017743169,
  "back_projection_note": {
    "pixel_to_uv": "u = u_min + px * pixel_size_u_m, v = v_max - py * pixel_size_v_m",
    "flip_x_note": "if flip_x is true, saved uv and image_u_axis_3d are already mirrored, so use the same pixel_to_uv formula",
    "point_on_plane_3d": "marker_origin + u * image_u_axis_3d + v * image_v_axis_3d",
    "direction_3d": "du * image_u_axis_3d + dv * image_v_axis_3d"
  },
  "debug": {
    "total_points": 100000,
    "basis_mode": "global",
    "height_mode": "adaptive",
    "top_candidate_q": 0.85,
    "height_band_m_input": 0.03,
    "height_band_m_used": 0.016539219404960538,
    "id_height_center": 0.006169096995028935,
    "top_id_points": 25550,
    "selected_height_min": -0.010281588748360392,
    "selected_height_max": 0.01585742385569234,
    "height_min": -0.22052555330880175,
    "height_mean": -0.14568243561088973,
    "height_max": 0.01585742385569234,
    "height_q50": -0.1956501829126026,
    "height_q70": -0.18985486253285144,
    "height_q80": 0.0017852903635737815,
    "height_q85": 0.0043584422420515885,
    "height_q90": 0.006997001649517999,
    "height_q95": 0.011262137663992727,
    "height_q99": 0.014205778859430453,
    "layer_selection": {
      "height_mode": "adaptive",
      "status": "adaptive_ok",
      "adaptive_search_q": 0.6,
      "adaptive_upper_q": 0.995,
      "adaptive_bins": 64,
      "adaptive_min_points": 300,
      "adaptive_chosen_bin": 63,
      "adaptive_bin_count": 4168,
      "adaptive_layer_bin_left": 59,
      "adaptive_layer_bin_right": 63,
      "adaptive_layer_lo": -0.0015157319960853177,
      "adaptive_layer_hi": 0.01476832669277806,
      "adaptive_layer_points": 23780,
      "adaptive_mad": 0.0037185168858672913,
      "adaptive_robust_sigma": 0.005513073134986846,
      "id_height_center": 0.006169096995028935,
      "height_band_m": 0.016539219404960538,
      "selected_height_min": -0.010281588748360392,
      "selected_height_max": 0.01585742385569234,
      "selected_points": 25550,
      "selected_ratio": 0.2555
    },
    "plane_estimation": {
      "plane_refine_used": true,
      "coarse_plane_points": 100000,
      "coarse_plane_center": [
        9.050128773690005,
        -0.09524776574000005,
        0.16027904020022662
      ],
      "coarse_plane_normal": [
        -0.010498411046794269,
        0.005991537948213501,
        0.9999269397493536
      ],
      "coarse_id_layer": {
        "height_mode": "adaptive",
        "status": "adaptive_ok",
        "adaptive_search_q": 0.6,
        "adaptive_upper_q": 0.995,
        "adaptive_bins": 64,
        "adaptive_min_points": 300,
        "adaptive_chosen_bin": 63,
        "adaptive_bin_count": 4169,
        "adaptive_layer_bin_left": 59,
        "adaptive_layer_bin_right": 63,
        "adaptive_layer_lo": 0.14453314390027472,
        "adaptive_layer_hi": 0.16083401632056452,
        "adaptive_layer_points": 23303,
        "adaptive_mad": 0.003772122637766634,
        "adaptive_robust_sigma": 0.005592549022752811,
        "id_height_center": 0.1517121504740196,
        "height_band_m": 0.016777647068258433,
        "selected_height_min": 0.1349479606193628,
        "selected_height_max": 0.16194679262044384,
        "selected_points": 25550,
        "selected_ratio": 0.2555
      },
      "plate_support": {
        "plate_status": "ok",
        "plate_lower": -0.05513361260980764,
        "plate_upper": 0.1467121504740196,
        "plate_lo": 0.14355831042583478,
        "plate_hi": 0.1467121504740196,
        "plate_bins": 64,
        "plate_chosen_bin": 63,
        "plate_bin_count": 3403,
        "plate_left_bin": 63,
        "plate_right_bin": 63,
        "plate_points": 3403,
        "plate_min_points": 500,
        "plane_refine_angle_deg": 0.05101763658266299
      }
    }
  }
}