{
  "source_file": "C:\\Users\\gkwld\\Desktop\\3D-Marker-Pose-Estimation\\CAD_to_PointCloud_conversion\\pointnet2\\result\\eval1_real_newmask_height_auto_boxexpand100\\train\\marker_points\\aug_000027_marker.xyz",
  "image_size": 512,
  "point_radius": 2,
  "view_margin": 1.2,
  "plane_fit_q": 0.8,
  "height_mode": "adaptive",
  "top_candidate_q": 0.85,
  "height_band_m": 0.03,
  "basis_mode": "global",
  "plane_refine_enabled": true,
  "flip_x": true,
  "align_2d": false,
  "align_method": "none",
  "color_mode": "raw_z",
  "color_ref": "marker_all_raw_z",
  "invert_jet": false,
  "color_min": 0.101808,
  "color_max": 0.310834,
  "color_q_min": 0.02,
  "color_q_max": 0.98,
  "plane_center": [
    -6.700489747011525,
    1.6069124386003093,
    0.30998026103023807
  ],
  "plane_normal": [
    -0.0009402136825249185,
    0.010941822832583766,
    0.9999396944362852
  ],
  "marker_origin": [
    -6.700489747011525,
    1.6069124386003093,
    0.30998026103023807
  ],
  "image_u_axis_3d": [
    -0.9999995579980179,
    -1.0287656086102625e-05,
    -0.0009401573979583346
  ],
  "image_v_axis_3d": [
    1.694065894510295e-21,
    0.9999401364108076,
    -0.010941827668882341
  ],
  "u_min": -1.1551851906234802,
  "u_max": 1.1384421238474822,
  "v_min": -0.6598908697763316,
  "v_max": 1.632519310031804,
  "pixel_size_u_m": 0.004488507464718126,
  "pixel_size_v_m": 0.004486125596493416,
  "back_projection_note": {
    "pixel_to_uv": "u = u_min + px * pixel_size_u_m, v = v_max - py * pixel_size_v_m",
    "flip_x_note": "if flip_x is true, saved uv and image_u_axis_3d are already mirrored, so use the same pixel_to_uv formula",
    "point_on_plane_3d": "marker_origin + u * image_u_axis_3d + v * image_v_axis_3d",
    "direction_3d": "du * image_u_axis_3d + dv * image_v_axis_3d"
  },
  "debug": {
    "total_points": 100000,
    "basis_mode": "global",
    "height_mode": "adaptive",
    "top_candidate_q": 0.85,
    "height_band_m_input": 0.03,
    "height_band_m_used": 0.016286161248443135,
    "id_height_center": 0.006050764936409716,
    "top_id_points": 25839,
    "selected_height_min": -0.010221536905025953,
    "selected_height_max": 0.014413575537391744,
    "height_min": -0.22002700645588052,
    "height_mean": -0.14545600122757926,
    "height_max": 0.014413575537391744,
    "height_q50": -0.19574694584066324,
    "height_q70": -0.19050113964038998,
    "height_q80": 0.001081416395109901,
    "height_q85": 0.003232530394122925,
    "height_q90": 0.006906450045918083,
    "height_q95": 0.009322111153499773,
    "height_q99": 0.012945274945902984,
    "layer_selection": {
      "height_mode": "adaptive",
      "status": "adaptive_ok",
      "adaptive_search_q": 0.6,
      "adaptive_upper_q": 0.995,
      "adaptive_bins": 64,
      "adaptive_min_points": 300,
      "adaptive_chosen_bin": 63,
      "adaptive_bin_count": 3589,
      "adaptive_layer_bin_left": 59,
      "adaptive_layer_bin_right": 63,
      "adaptive_layer_lo": -0.002820081736872898,
      "adaptive_layer_hi": 0.013367574026514818,
      "adaptive_layer_points": 24228,
      "adaptive_mad": 0.003661621756473568,
      "adaptive_robust_sigma": 0.0054287204161477115,
      "id_height_center": 0.006050764936409716,
      "height_band_m": 0.016286161248443135,
      "selected_height_min": -0.010221536905025953,
      "selected_height_max": 0.014413575537391744,
      "selected_points": 25839,
      "selected_ratio": 0.25839
    },
    "plane_estimation": {
      "plane_refine_used": true,
      "coarse_plane_points": 100000,
      "coarse_plane_center": [
        -6.698745725600027,
        2.0876286664699877,
        0.15925689830024936
      ],
      "coarse_plane_normal": [
        0.0004744836601961276,
        0.012097697141122915,
        0.9999267076076817
      ],
      "coarse_id_layer": {
        "height_mode": "adaptive",
        "status": "adaptive_ok",
        "adaptive_search_q": 0.6,
        "adaptive_upper_q": 0.995,
        "adaptive_bins": 64,
        "adaptive_min_points": 300,
        "adaptive_chosen_bin": 63,
        "adaptive_bin_count": 3527,
        "adaptive_layer_bin_left": 59,
        "adaptive_layer_bin_right": 63,
        "adaptive_layer_lo": 0.1434634297072101,
        "adaptive_layer_hi": 0.15969890775556148,
        "adaptive_layer_points": 23542,
        "adaptive_mad": 0.003949997477712186,
        "adaptive_robust_sigma": 0.005856266260456087,
        "id_height_center": 0.1512864380118498,
        "height_band_m": 0.017568798781368262,
        "selected_height_min": 0.13374336620307054,
        "selected_height_max": 0.16089455883844406,
        "selected_points": 25885,
        "selected_ratio": 0.25885
      },
      "plate_support": {
        "plate_status": "ok",
        "plate_lower": -0.05560229199024216,
        "plate_upper": 0.1462864380118498,
        "plate_lo": 0.1431319266055671,
        "plate_hi": 0.1462864380118498,
        "plate_bins": 64,
        "plate_chosen_bin": 63,
        "plate_bin_count": 4601,
        "plate_left_bin": 63,
        "plate_right_bin": 63,
        "plate_points": 4601,
        "plate_min_points": 500,
        "plane_refine_angle_deg": 0.10467403538201059
      }
    }
  }
}