{
  "source_file": "C:\\Users\\gkwld\\Desktop\\3D-Marker-Pose-Estimation\\CAD_to_PointCloud_conversion\\pointnet2\\result\\eval1_real_newmask_height_auto_boxexpand100\\train\\marker_points\\aug_000091_marker.xyz",
  "image_size": 512,
  "point_radius": 2,
  "view_margin": 1.2,
  "plane_fit_q": 0.8,
  "height_mode": "adaptive",
  "top_candidate_q": 0.85,
  "height_band_m": 0.03,
  "basis_mode": "global",
  "plane_refine_enabled": true,
  "flip_x": true,
  "align_2d": false,
  "align_method": "none",
  "color_mode": "raw_z",
  "color_ref": "marker_all_raw_z",
  "invert_jet": false,
  "color_min": 0.101841,
  "color_max": 0.310834,
  "color_q_min": 0.02,
  "color_q_max": 0.98,
  "plane_center": [
    -8.695154162313434,
    2.133534242848259,
    0.30967026648009927
  ],
  "plane_normal": [
    0.006363827469251187,
    0.0091300703969526,
    0.9999380698385716
  ],
  "marker_origin": [
    -8.695154162313434,
    2.133534242848259,
    0.30967026648009927
  ],
  "image_u_axis_3d": [
    -0.9999797506439527,
    5.810336934402126e-05,
    0.0063635622144129975
  ],
  "image_v_axis_3d": [
    6.77626357804118e-21,
    0.9999583183495927,
    -0.009130255278733417
  ],
  "u_min": -1.243188342098943,
  "u_max": 0.6477041519100922,
  "v_min": -0.5216730008986329,
  "v_max": 1.3688222758795106,
  "pixel_size_u_m": 0.003700376700604765,
  "pixel_size_v_m": 0.0036995993674719054,
  "back_projection_note": {
    "pixel_to_uv": "u = u_min + px * pixel_size_u_m, v = v_max - py * pixel_size_v_m",
    "flip_x_note": "if flip_x is true, saved uv and image_u_axis_3d are already mirrored, so use the same pixel_to_uv formula",
    "point_on_plane_3d": "marker_origin + u * image_u_axis_3d + v * image_v_axis_3d",
    "direction_3d": "du * image_u_axis_3d + dv * image_v_axis_3d"
  },
  "debug": {
    "total_points": 100000,
    "basis_mode": "global",
    "height_mode": "adaptive",
    "top_candidate_q": 0.85,
    "height_band_m_input": 0.03,
    "height_band_m_used": 0.01635826219845267,
    "id_height_center": 0.00629275046286427,
    "top_id_points": 25743,
    "selected_height_min": -0.010011366546831426,
    "selected_height_max": 0.015436753059372851,
    "height_min": -0.2198974568542366,
    "height_mean": -0.1449636627355061,
    "height_max": 0.015436753059372851,
    "height_q50": -0.19523317979805996,
    "height_q70": -0.18963974840313869,
    "height_q80": 0.0018954459187514048,
    "height_q85": 0.004111595902440478,
    "height_q90": 0.007096560466073254,
    "height_q95": 0.010842547348638144,
    "height_q99": 0.013923401112907413,
    "layer_selection": {
      "height_mode": "adaptive",
      "status": "adaptive_ok",
      "adaptive_search_q": 0.6,
      "adaptive_upper_q": 0.995,
      "adaptive_bins": 64,
      "adaptive_min_points": 300,
      "adaptive_chosen_bin": 63,
      "adaptive_bin_count": 4044,
      "adaptive_layer_bin_left": 59,
      "adaptive_layer_bin_right": 63,
      "adaptive_layer_lo": -0.0018170797194265176,
      "adaptive_layer_hi": 0.014407224886536838,
      "adaptive_layer_points": 24054,
      "adaptive_mad": 0.0036778322313172065,
      "adaptive_robust_sigma": 0.00545275406615089,
      "id_height_center": 0.00629275046286427,
      "height_band_m": 0.01635826219845267,
      "selected_height_min": -0.010011366546831426,
      "selected_height_max": 0.015436753059372851,
      "selected_points": 25743,
      "selected_ratio": 0.25743
    },
    "plane_estimation": {
      "plane_refine_used": true,
      "coarse_plane_points": 100000,
      "coarse_plane_center": [
        -8.403660466600053,
        2.556584864830026,
        0.1589797739102488
      ],
      "coarse_plane_normal": [
        0.00730570454393102,
        0.008893104869575135,
        0.9999337674890749
      ],
      "coarse_id_layer": {
        "height_mode": "adaptive",
        "status": "adaptive_ok",
        "adaptive_search_q": 0.6,
        "adaptive_upper_q": 0.995,
        "adaptive_bins": 64,
        "adaptive_min_points": 300,
        "adaptive_chosen_bin": 63,
        "adaptive_bin_count": 4240,
        "adaptive_layer_bin_left": 59,
        "adaptive_layer_bin_right": 63,
        "adaptive_layer_lo": 0.14336192184062052,
        "adaptive_layer_hi": 0.1595965435883037,
        "adaptive_layer_points": 23912,
        "adaptive_mad": 0.0037589665477604645,
        "adaptive_robust_sigma": 0.0055730438037096645,
        "id_height_center": 0.1510207167493037,
        "height_band_m": 0.016719131411128994,
        "selected_height_min": 0.13451867398986356,
        "selected_height_max": 0.1606713518195432,
        "selected_points": 25758,
        "selected_ratio": 0.25758
      },
      "plate_support": {
        "plate_status": "ok",
        "plate_lower": -0.055302967601784596,
        "plate_upper": 0.1460207167493037,
        "plate_lo": 0.14287503418131794,
        "plate_hi": 0.1460207167493037,
        "plate_bins": 64,
        "plate_chosen_bin": 63,
        "plate_bin_count": 3216,
        "plate_left_bin": 63,
        "plate_right_bin": 63,
        "plate_points": 3216,
        "plate_min_points": 500,
        "plane_refine_angle_deg": 0.0556479685904976
      }
    }
  }
}