{
  "source_file": "C:\\Users\\gkwld\\Desktop\\3D-Marker-Pose-Estimation\\CAD_to_PointCloud_conversion\\pointnet2\\result\\eval1_real_newmask_height_auto_boxexpand100\\train\\marker_points\\aug_000162_marker.xyz",
  "image_size": 512,
  "point_radius": 2,
  "view_margin": 1.2,
  "plane_fit_q": 0.8,
  "height_mode": "adaptive",
  "top_candidate_q": 0.85,
  "height_band_m": 0.03,
  "basis_mode": "global",
  "plane_refine_enabled": true,
  "flip_x": true,
  "align_2d": false,
  "align_method": "none",
  "color_mode": "raw_z",
  "color_ref": "marker_all_raw_z",
  "invert_jet": false,
  "color_min": 0.10344262,
  "color_max": 0.312979,
  "color_q_min": 0.02,
  "color_q_max": 0.98,
  "plane_center": [
    -1.7044664189238048,
    -5.894481668833515,
    0.3116189118815562
  ],
  "plane_normal": [
    -0.005091546116669318,
    -0.010930674831135134,
    0.9999272956089748
  ],
  "marker_origin": [
    -1.7044664189238048,
    -5.894481668833515,
    0.3116189118815562
  ],
  "image_u_axis_3d": [
    -0.9999870379940642,
    5.565475638621248e-05,
    -0.005091241931607485
  ],
  "image_v_axis_3d": [
    -6.77626357804118e-21,
    0.9999402568395195,
    0.010930816516432776
  ],
  "u_min": -0.98955905942598,
  "u_max": 1.2658481719163217,
  "v_min": -1.6294612504916874,
  "v_max": 0.6282559218176506,
  "pixel_size_u_m": 0.004413712781491784,
  "pixel_size_v_m": 0.004418233213912598,
  "back_projection_note": {
    "pixel_to_uv": "u = u_min + px * pixel_size_u_m, v = v_max - py * pixel_size_v_m",
    "flip_x_note": "if flip_x is true, saved uv and image_u_axis_3d are already mirrored, so use the same pixel_to_uv formula",
    "point_on_plane_3d": "marker_origin + u * image_u_axis_3d + v * image_v_axis_3d",
    "direction_3d": "du * image_u_axis_3d + dv * image_v_axis_3d"
  },
  "debug": {
    "total_points": 100000,
    "basis_mode": "global",
    "height_mode": "adaptive",
    "top_candidate_q": 0.85,
    "height_band_m_input": 0.03,
    "height_band_m_used": 0.01613439115709144,
    "id_height_center": 0.00629404754823504,
    "top_id_points": 25690,
    "selected_height_min": -0.009828336874232735,
    "selected_height_max": 0.01660967369298861,
    "height_min": -0.2203781804241373,
    "height_mean": -0.1448752961189039,
    "height_max": 0.01660967369298861,
    "height_q50": -0.19488490219315865,
    "height_q70": -0.18894395260351798,
    "height_q80": 0.002098775281977004,
    "height_q85": 0.005184695450273073,
    "height_q90": 0.007070420479980902,
    "height_q95": 0.01232563385298806,
    "height_q99": 0.014976911582628065,
    "layer_selection": {
      "height_mode": "adaptive",
      "status": "adaptive_ok",
      "adaptive_search_q": 0.6,
      "adaptive_upper_q": 0.995,
      "adaptive_bins": 64,
      "adaptive_min_points": 300,
      "adaptive_chosen_bin": 63,
      "adaptive_bin_count": 4587,
      "adaptive_layer_bin_left": 59,
      "adaptive_layer_bin_right": 63,
      "adaptive_layer_lo": -0.0007594024228149976,
      "adaptive_layer_hi": 0.01552774942571932,
      "adaptive_layer_points": 23494,
      "adaptive_mad": 0.003627499248413022,
      "adaptive_robust_sigma": 0.005378130385697146,
      "id_height_center": 0.00629404754823504,
      "height_band_m": 0.01613439115709144,
      "selected_height_min": -0.009828336874232735,
      "selected_height_max": 0.01660967369298861,
      "selected_points": 25690,
      "selected_ratio": 0.2569
    },
    "plane_estimation": {
      "plane_refine_used": true,
      "coarse_plane_points": 100000,
      "coarse_plane_center": [
        -1.8393188964899918,
        -6.394543837659855,
        0.1605800100002266
      ],
      "coarse_plane_normal": [
        -0.00557138305930788,
        -0.010863230885279037,
        0.9999254721745715
      ],
      "coarse_id_layer": {
        "height_mode": "adaptive",
        "status": "adaptive_ok",
        "adaptive_search_q": 0.6,
        "adaptive_upper_q": 0.995,
        "adaptive_bins": 64,
        "adaptive_min_points": 300,
        "adaptive_chosen_bin": 63,
        "adaptive_bin_count": 4766,
        "adaptive_layer_bin_left": 59,
        "adaptive_layer_bin_right": 63,
        "adaptive_layer_lo": 0.1441440506985031,
        "adaptive_layer_hi": 0.16042827805122303,
        "adaptive_layer_points": 23460,
        "adaptive_mad": 0.003537337544440272,
        "adaptive_robust_sigma": 0.005244456643387147,
        "id_height_center": 0.15105069904620766,
        "height_band_m": 0.01573336993016144,
        "selected_height_min": 0.13532079426459234,
        "selected_height_max": 0.16151816230646246,
        "selected_points": 25669,
        "selected_ratio": 0.25669
      },
      "plate_support": {
        "plate_status": "ok",
        "plate_lower": -0.055723324546297845,
        "plate_upper": 0.14605069904620765,
        "plate_lo": 0.14289797992757475,
        "plate_hi": 0.14605069904620765,
        "plate_bins": 64,
        "plate_chosen_bin": 63,
        "plate_bin_count": 2769,
        "plate_left_bin": 63,
        "plate_right_bin": 63,
        "plate_points": 2769,
        "plate_min_points": 500,
        "plane_refine_angle_deg": 0.027763308713241223
      }
    }
  }
}