{
  "source_file": "C:\\Users\\gkwld\\Desktop\\3D-Marker-Pose-Estimation\\CAD_to_PointCloud_conversion\\pointnet2\\result\\eval1_real_newmask_height_auto_boxexpand100\\train\\marker_points\\aug_000008_marker.xyz",
  "image_size": 512,
  "point_radius": 2,
  "view_margin": 1.2,
  "plane_fit_q": 0.8,
  "height_mode": "adaptive",
  "top_candidate_q": 0.85,
  "height_band_m": 0.03,
  "basis_mode": "global",
  "plane_refine_enabled": true,
  "flip_x": true,
  "align_2d": false,
  "align_method": "none",
  "color_mode": "raw_z",
  "color_ref": "marker_all_raw_z",
  "invert_jet": false,
  "color_min": 0.10217592,
  "color_max": 0.310834,
  "color_q_min": 0.02,
  "color_q_max": 0.98,
  "plane_center": [
    4.40977806909009,
    5.3226103540302505,
    0.3099290112892542
  ],
  "plane_normal": [
    0.009834133407170815,
    -0.004325681739950763,
    0.9999422874824401
  ],
  "marker_origin": [
    4.40977806909009,
    5.3226103540302505,
    0.3099290112892542
  ],
  "image_u_axis_3d": [
    -0.9999516437399012,
    -4.254138844999835e-05,
    0.009834041392017575
  ],
  "image_v_axis_3d": [
    0.0,
    0.9999906432890835,
    0.00432589092385311
  ],
  "u_min": -1.2942120370473118,
  "u_max": 0.471200529342176,
  "v_min": -1.1611519788270321,
  "v_max": 0.6038643419606898,
  "pixel_size_u_m": 0.0034548191123081953,
  "pixel_size_v_m": 0.0034540436806021952,
  "back_projection_note": {
    "pixel_to_uv": "u = u_min + px * pixel_size_u_m, v = v_max - py * pixel_size_v_m",
    "flip_x_note": "if flip_x is true, saved uv and image_u_axis_3d are already mirrored, so use the same pixel_to_uv formula",
    "point_on_plane_3d": "marker_origin + u * image_u_axis_3d + v * image_v_axis_3d",
    "direction_3d": "du * image_u_axis_3d + dv * image_v_axis_3d"
  },
  "debug": {
    "total_points": 100000,
    "basis_mode": "global",
    "height_mode": "adaptive",
    "top_candidate_q": 0.85,
    "height_band_m_input": 0.03,
    "height_band_m_used": 0.015760622233683887,
    "id_height_center": 0.006159429888616257,
    "top_id_points": 25645,
    "selected_height_min": -0.00954145360307645,
    "selected_height_max": 0.014058779101869152,
    "height_min": -0.21996992939056567,
    "height_mean": -0.14576031568353667,
    "height_max": 0.014058779101869152,
    "height_q50": -0.19562881355595146,
    "height_q70": -0.19084828130318118,
    "height_q80": 0.0010924296337255716,
    "height_q85": 0.0033139511702592766,
    "height_q90": 0.007088001245033226,
    "height_q95": 0.009028654622146004,
    "height_q99": 0.012634618594125593,
    "layer_selection": {
      "height_mode": "adaptive",
      "status": "adaptive_ok",
      "adaptive_search_q": 0.6,
      "adaptive_upper_q": 0.995,
      "adaptive_bins": 64,
      "adaptive_min_points": 300,
      "adaptive_chosen_bin": 63,
      "adaptive_bin_count": 3459,
      "adaptive_layer_bin_left": 59,
      "adaptive_layer_bin_right": 63,
      "adaptive_layer_lo": -0.0030711465795354997,
      "adaptive_layer_hi": 0.01310159496366615,
      "adaptive_layer_points": 24260,
      "adaptive_mad": 0.0035434646867403856,
      "adaptive_robust_sigma": 0.0052535407445612956,
      "id_height_center": 0.006159429888616257,
      "height_band_m": 0.015760622233683887,
      "selected_height_min": -0.00954145360307645,
      "selected_height_max": 0.014058779101869152,
      "selected_points": 25645,
      "selected_ratio": 0.25645
    },
    "plane_estimation": {
      "plane_refine_used": true,
      "coarse_plane_points": 100000,
      "coarse_plane_center": [
        4.81968360989993,
        5.0523289884300056,
        0.15895976585024982
      ],
      "coarse_plane_normal": [
        0.009637468214151306,
        -0.006259501524927282,
        0.9999339667423449
      ],
      "coarse_id_layer": {
        "height_mode": "adaptive",
        "status": "adaptive_ok",
        "adaptive_search_q": 0.6,
        "adaptive_upper_q": 0.995,
        "adaptive_bins": 64,
        "adaptive_min_points": 300,
        "adaptive_chosen_bin": 63,
        "adaptive_bin_count": 3583,
        "adaptive_layer_bin_left": 59,
        "adaptive_layer_bin_right": 63,
        "adaptive_layer_lo": 0.14335760009976145,
        "adaptive_layer_hi": 0.15957984605496764,
        "adaptive_layer_points": 24033,
        "adaptive_mad": 0.003835697589721576,
        "adaptive_robust_sigma": 0.0056868052465212085,
        "id_height_center": 0.15163936479290793,
        "height_band_m": 0.017060415739563625,
        "selected_height_min": 0.13459625181229706,
        "selected_height_max": 0.16067733201593773,
        "selected_points": 25741,
        "selected_ratio": 0.25741
      },
      "plate_support": {
        "plate_status": "ok",
        "plate_lower": -0.055183314268198135,
        "plate_upper": 0.14663936479290793,
        "plate_lo": 0.14348588543257815,
        "plate_hi": 0.14663936479290793,
        "plate_bins": 64,
        "plate_chosen_bin": 63,
        "plate_bin_count": 4429,
        "plate_left_bin": 63,
        "plate_right_bin": 63,
        "plate_points": 4429,
        "plate_min_points": 500,
        "plane_refine_angle_deg": 0.11137230470047593
      }
    }
  }
}