{
  "source_file": "C:\\Users\\gkwld\\Desktop\\3D-Marker-Pose-Estimation\\CAD_to_PointCloud_conversion\\pointnet2\\result\\eval1_real_newmask_height_auto_boxexpand100\\train\\marker_points\\aug_000157_marker.xyz",
  "image_size": 512,
  "point_radius": 2,
  "view_margin": 1.2,
  "plane_fit_q": 0.8,
  "height_mode": "adaptive",
  "top_candidate_q": 0.85,
  "height_band_m": 0.03,
  "basis_mode": "global",
  "plane_refine_enabled": true,
  "flip_x": true,
  "align_2d": false,
  "align_method": "none",
  "color_mode": "raw_z",
  "color_ref": "marker_all_raw_z",
  "invert_jet": false,
  "color_min": 0.103097,
  "color_max": 0.312979,
  "color_q_min": 0.02,
  "color_q_max": 0.98,
  "plane_center": [
    -5.479751830387047,
    3.5965607482234168,
    0.312432638104188
  ],
  "plane_normal": [
    -0.004411962445511822,
    -0.0011827334213883153,
    0.9999895678091014
  ],
  "marker_origin": [
    -5.479751830387047,
    3.5965607482234168,
    0.312432638104188
  ],
  "image_u_axis_3d": [
    -0.9999902672453266,
    5.218226225922208e-06,
    -0.004411959359586606
  ],
  "image_v_axis_3d": [
    0.0,
    0.9999993005559674,
    0.0011827449327534044
  ],
  "u_min": -0.6223533223719766,
  "u_max": 1.0416414102741887,
  "v_min": -0.925115202931698,
  "v_max": 0.7388946296415535,
  "pixel_size_u_m": 0.0032563497703447463,
  "pixel_size_v_m": 0.0032563793201042103,
  "back_projection_note": {
    "pixel_to_uv": "u = u_min + px * pixel_size_u_m, v = v_max - py * pixel_size_v_m",
    "flip_x_note": "if flip_x is true, saved uv and image_u_axis_3d are already mirrored, so use the same pixel_to_uv formula",
    "point_on_plane_3d": "marker_origin + u * image_u_axis_3d + v * image_v_axis_3d",
    "direction_3d": "du * image_u_axis_3d + dv * image_v_axis_3d"
  },
  "debug": {
    "total_points": 100000,
    "basis_mode": "global",
    "height_mode": "adaptive",
    "top_candidate_q": 0.85,
    "height_band_m_input": 0.03,
    "height_band_m_used": 0.015,
    "id_height_center": 0.0009758604992986025,
    "top_id_points": 25538,
    "selected_height_min": -0.012924275290220442,
    "selected_height_max": 0.0046559008311143416,
    "height_min": -0.21884749126077294,
    "height_mean": -0.151240411468677,
    "height_max": 0.0046559008311143416,
    "height_q50": -0.20226070728905998,
    "height_q70": -0.2001694560414693,
    "height_q80": -0.0005413107227571097,
    "height_q85": 0.0005006224409208018,
    "height_q90": 0.0012416079537025256,
    "height_q95": 0.003523701932593282,
    "height_q99": 0.004183331004938599,
    "layer_selection": {
      "height_mode": "adaptive",
      "status": "adaptive_ok",
      "adaptive_search_q": 0.6,
      "adaptive_upper_q": 0.995,
      "adaptive_bins": 64,
      "adaptive_min_points": 300,
      "adaptive_chosen_bin": 63,
      "adaptive_bin_count": 10401,
      "adaptive_layer_bin_left": 62,
      "adaptive_layer_bin_right": 63,
      "adaptive_layer_lo": -0.0021026482350593734,
      "adaptive_layer_hi": 0.004329919046630082,
      "adaptive_layer_points": 22594,
      "adaptive_mad": 0.0011043900235302843,
      "adaptive_robust_sigma": 0.0016373686488859993,
      "id_height_center": 0.0009758604992986025,
      "height_band_m": 0.015,
      "selected_height_min": -0.012924275290220442,
      "selected_height_max": 0.0046559008311143416,
      "selected_points": 25538,
      "selected_ratio": 0.25538
    },
    "plane_estimation": {
      "plane_refine_used": true,
      "coarse_plane_points": 100000,
      "coarse_plane_center": [
        -5.686942780919998,
        3.5015467352000345,
        0.16016414320022604
      ],
      "coarse_plane_normal": [
        -0.00976920265044725,
        -0.005903586422517184,
        0.9999348530504008
      ],
      "coarse_id_layer": {
        "height_mode": "adaptive",
        "status": "adaptive_ok",
        "adaptive_search_q": 0.6,
        "adaptive_upper_q": 0.995,
        "adaptive_bins": 64,
        "adaptive_min_points": 300,
        "adaptive_chosen_bin": 63,
        "adaptive_bin_count": 4973,
        "adaptive_layer_bin_left": 63,
        "adaptive_layer_bin_right": 63,
        "adaptive_layer_lo": 0.1570820873866399,
        "adaptive_layer_hi": 0.1603359800885945,
        "adaptive_layer_points": 4973,
        "adaptive_mad": 0.0007526218309942823,
        "adaptive_robust_sigma": 0.001115837126632123,
        "id_height_center": 0.15860163618608064,
        "height_band_m": 0.015,
        "selected_height_min": 0.1436020677906021,
        "selected_height_max": 0.16139140538040037,
        "selected_points": 24377,
        "selected_ratio": 0.24377
      },
      "plate_support": {
        "plate_status": "ok",
        "plate_lower": -0.05508682357911716,
        "plate_upper": 0.15360163618608064,
        "plate_lo": 0.143819364634587,
        "plate_hi": 0.15360163618608064,
        "plate_bins": 64,
        "plate_chosen_bin": 63,
        "plate_bin_count": 8203,
        "plate_left_bin": 61,
        "plate_right_bin": 63,
        "plate_points": 17027,
        "plate_min_points": 500,
        "plane_refine_angle_deg": 0.4091323480756774
      }
    }
  }
}