{
  "source_file": "C:\\Users\\gkwld\\Desktop\\3D-Marker-Pose-Estimation\\CAD_to_PointCloud_conversion\\pointnet2\\result\\eval1_real_newmask_height_auto_boxexpand100\\train\\marker_points\\aug_000170_marker.xyz",
  "image_size": 512,
  "point_radius": 2,
  "view_margin": 1.2,
  "plane_fit_q": 0.8,
  "height_mode": "adaptive",
  "top_candidate_q": 0.85,
  "height_band_m": 0.03,
  "basis_mode": "global",
  "plane_refine_enabled": true,
  "flip_x": true,
  "align_2d": false,
  "align_method": "none",
  "color_mode": "raw_z",
  "color_ref": "marker_all_raw_z",
  "invert_jet": false,
  "color_min": 0.103412,
  "color_max": 0.312979,
  "color_q_min": 0.02,
  "color_q_max": 0.98,
  "plane_center": [
    -7.834829426224443,
    -0.9298521695598254,
    0.3118215297582296
  ],
  "plane_normal": [
    -0.0013270223414066787,
    -0.011652027704333262,
    0.9999312322655408
  ],
  "marker_origin": [
    -7.834829426224443,
    -0.9298521695598254,
    0.3118215297582296
  ],
  "image_u_axis_3d": [
    -0.9999991195044651,
    1.546251470098404e-05,
    -0.0013269322534419541
  ],
  "image_v_axis_3d": [
    -3.38813178902059e-21,
    0.9999321127003014,
    0.011652037963889013
  ],
  "u_min": -1.1605524105451261,
  "u_max": 1.1531060600651009,
  "v_min": -1.6781645147081117,
  "v_max": 0.636390106869728,
  "pixel_size_u_m": 0.004527707378884985,
  "pixel_size_v_m": 0.00452946109897816,
  "back_projection_note": {
    "pixel_to_uv": "u = u_min + px * pixel_size_u_m, v = v_max - py * pixel_size_v_m",
    "flip_x_note": "if flip_x is true, saved uv and image_u_axis_3d are already mirrored, so use the same pixel_to_uv formula",
    "point_on_plane_3d": "marker_origin + u * image_u_axis_3d + v * image_v_axis_3d",
    "direction_3d": "du * image_u_axis_3d + dv * image_v_axis_3d"
  },
  "debug": {
    "total_points": 100000,
    "basis_mode": "global",
    "height_mode": "adaptive",
    "top_candidate_q": 0.85,
    "height_band_m_input": 0.03,
    "height_band_m_used": 0.016200608674521375,
    "id_height_center": 0.0061198655567879165,
    "top_id_points": 25881,
    "selected_height_min": -0.01006097078170063,
    "selected_height_max": 0.016131167698408836,
    "height_min": -0.22046696951700093,
    "height_mean": -0.14477872607937814,
    "height_max": 0.016131167698408836,
    "height_q50": -0.19532959569695496,
    "height_q70": -0.18940833977704233,
    "height_q80": 0.0020168424585064086,
    "height_q85": 0.005036599540541591,
    "height_q90": 0.006957594411932,
    "height_q95": 0.011743135425523153,
    "height_q99": 0.014476793594423002,
    "layer_selection": {
      "height_mode": "adaptive",
      "status": "adaptive_ok",
      "adaptive_search_q": 0.6,
      "adaptive_upper_q": 0.995,
      "adaptive_bins": 64,
      "adaptive_min_points": 300,
      "adaptive_chosen_bin": 63,
      "adaptive_bin_count": 4505,
      "adaptive_layer_bin_left": 59,
      "adaptive_layer_bin_right": 63,
      "adaptive_layer_lo": -0.0012853129299350008,
      "adaptive_layer_hi": 0.014993953333522901,
      "adaptive_layer_points": 23981,
      "adaptive_mad": 0.0036423869496203464,
      "adaptive_robust_sigma": 0.005400202891507125,
      "id_height_center": 0.0061198655567879165,
      "height_band_m": 0.016200608674521375,
      "selected_height_min": -0.01006097078170063,
      "selected_height_max": 0.016131167698408836,
      "selected_points": 25881,
      "selected_ratio": 0.25881
    },
    "plane_estimation": {
      "plane_refine_used": true,
      "coarse_plane_points": 100000,
      "coarse_plane_center": [
        -7.827936664130044,
        -1.4476909077099975,
        0.16100770808022788
      ],
      "coarse_plane_normal": [
        -0.0018493459067499725,
        -0.012128631518526917,
        0.9999247352752131
      ],
      "coarse_id_layer": {
        "height_mode": "adaptive",
        "status": "adaptive_ok",
        "adaptive_search_q": 0.6,
        "adaptive_upper_q": 0.995,
        "adaptive_bins": 64,
        "adaptive_min_points": 300,
        "adaptive_chosen_bin": 63,
        "adaptive_bin_count": 4495,
        "adaptive_layer_bin_left": 59,
        "adaptive_layer_bin_right": 63,
        "adaptive_layer_lo": 0.14380564079849248,
        "adaptive_layer_hi": 0.1600954402985379,
        "adaptive_layer_points": 23516,
        "adaptive_mad": 0.0036739359966561635,
        "adaptive_robust_sigma": 0.005446977508642428,
        "id_height_center": 0.15082519331258967,
        "height_band_m": 0.016340932525927283,
        "selected_height_min": 0.1345726299947073,
        "selected_height_max": 0.16125820423105847,
        "selected_points": 25875,
        "selected_ratio": 0.25875
      },
      "plate_support": {
        "plate_status": "ok",
        "plate_lower": -0.05602305260688253,
        "plate_upper": 0.14582519331258967,
        "plate_lo": 0.14267131447009793,
        "plate_hi": 0.14582519331258967,
        "plate_bins": 64,
        "plate_chosen_bin": 63,
        "plate_bin_count": 3226,
        "plate_left_bin": 63,
        "plate_right_bin": 63,
        "plate_points": 3226,
        "plate_min_points": 500,
        "plane_refine_angle_deg": 0.04051501753566199
      }
    }
  }
}