{
  "source_file": "C:\\Users\\gkwld\\Desktop\\3D-Marker-Pose-Estimation\\CAD_to_PointCloud_conversion\\pointnet2\\result\\eval1_real_newmask_height_auto_boxexpand100\\train\\marker_points\\aug_000007_marker.xyz",
  "image_size": 512,
  "point_radius": 2,
  "view_margin": 1.2,
  "plane_fit_q": 0.8,
  "height_mode": "adaptive",
  "top_candidate_q": 0.85,
  "height_band_m": 0.03,
  "basis_mode": "global",
  "plane_refine_enabled": true,
  "flip_x": true,
  "align_2d": false,
  "align_method": "none",
  "color_mode": "raw_z",
  "color_ref": "marker_all_raw_z",
  "invert_jet": false,
  "color_min": 0.10184492,
  "color_max": 0.310834,
  "color_q_min": 0.02,
  "color_q_max": 0.98,
  "plane_center": [
    -3.368507000893914,
    -6.258236712157344,
    0.30967695023838043
  ],
  "plane_normal": [
    -0.009800369143514925,
    -0.004666561962009044,
    0.9999410862456376
  ],
  "marker_origin": [
    -3.368507000893914,
    -6.258236712157344,
    0.30967695023838043
  ],
  "image_u_axis_3d": [
    -0.9999519752281363,
    4.573622633051788e-05,
    -0.009800262422321983
  ],
  "image_v_axis_3d": [
    0.0,
    0.9999891104935356,
    0.004666786083341367
  ],
  "u_min": -0.6027126770027404,
  "u_max": 1.5515198789310722,
  "v_min": -1.2755426495218378,
  "v_max": 0.8790964490714201,
  "pixel_size_u_m": 0.004215719287541708,
  "pixel_size_v_m": 0.004216514870045515,
  "back_projection_note": {
    "pixel_to_uv": "u = u_min + px * pixel_size_u_m, v = v_max - py * pixel_size_v_m",
    "flip_x_note": "if flip_x is true, saved uv and image_u_axis_3d are already mirrored, so use the same pixel_to_uv formula",
    "point_on_plane_3d": "marker_origin + u * image_u_axis_3d + v * image_v_axis_3d",
    "direction_3d": "du * image_u_axis_3d + dv * image_v_axis_3d"
  },
  "debug": {
    "total_points": 100000,
    "basis_mode": "global",
    "height_mode": "adaptive",
    "top_candidate_q": 0.85,
    "height_band_m_input": 0.03,
    "height_band_m_used": 0.016109075413221135,
    "id_height_center": 0.006331174925448092,
    "top_id_points": 25644,
    "selected_height_min": -0.009689974618291932,
    "selected_height_max": 0.015038905571966861,
    "height_min": -0.219821797808354,
    "height_mean": -0.14529726455536685,
    "height_max": 0.015038905571966861,
    "height_q50": -0.19544291196190156,
    "height_q70": -0.1900551780051553,
    "height_q80": 0.0017350370558138666,
    "height_q85": 0.0038596120745469716,
    "height_q90": 0.007141468970176934,
    "height_q95": 0.010373384430272532,
    "height_q99": 0.013570651670942855,
    "layer_selection": {
      "height_mode": "adaptive",
      "status": "adaptive_ok",
      "adaptive_search_q": 0.6,
      "adaptive_upper_q": 0.995,
      "adaptive_bins": 64,
      "adaptive_min_points": 300,
      "adaptive_chosen_bin": 63,
      "adaptive_bin_count": 4034,
      "adaptive_layer_bin_left": 59,
      "adaptive_layer_bin_right": 63,
      "adaptive_layer_lo": -0.002218859946010121,
      "adaptive_layer_hi": 0.013995450857823033,
      "adaptive_layer_points": 24007,
      "adaptive_mad": 0.0036218075033097566,
      "adaptive_robust_sigma": 0.005369691804407045,
      "id_height_center": 0.006331174925448092,
      "height_band_m": 0.016109075413221135,
      "selected_height_min": -0.009689974618291932,
      "selected_height_max": 0.015038905571966861,
      "selected_points": 25644,
      "selected_ratio": 0.25644
    },
    "plane_estimation": {
      "plane_refine_used": true,
      "coarse_plane_points": 100000,
      "coarse_plane_center": [
        -3.837130596639962,
        -6.459202737960059,
        0.1588402946902518
      ],
      "coarse_plane_normal": [
        -0.010259631358540704,
        -0.004020858918628332,
        0.9999392844847849
      ],
      "coarse_id_layer": {
        "height_mode": "adaptive",
        "status": "adaptive_ok",
        "adaptive_search_q": 0.6,
        "adaptive_upper_q": 0.995,
        "adaptive_bins": 64,
        "adaptive_min_points": 300,
        "adaptive_chosen_bin": 63,
        "adaptive_bin_count": 4219,
        "adaptive_layer_bin_left": 59,
        "adaptive_layer_bin_right": 63,
        "adaptive_layer_lo": 0.14318369222269844,
        "adaptive_layer_hi": 0.15940907130458057,
        "adaptive_layer_points": 23967,
        "adaptive_mad": 0.003699452309549961,
        "adaptive_robust_sigma": 0.005484807994138772,
        "id_height_center": 0.15141898416604882,
        "height_band_m": 0.016454423982416314,
        "selected_height_min": 0.1350536253850088,
        "selected_height_max": 0.16048911698116639,
        "selected_points": 25690,
        "selected_ratio": 0.2569
      },
      "plate_support": {
        "plate_status": "ok",
        "plate_lower": -0.055002607001263214,
        "plate_upper": 0.14641898416604882,
        "plate_lo": 0.14327177180405956,
        "plate_hi": 0.14641898416604882,
        "plate_bins": 64,
        "plate_chosen_bin": 63,
        "plate_bin_count": 3356,
        "plate_left_bin": 63,
        "plate_right_bin": 63,
        "plate_points": 3356,
        "plate_min_points": 500,
        "plane_refine_angle_deg": 0.04539986406960122
      }
    }
  }
}