{
  "source_file": "C:\\Users\\gkwld\\Desktop\\3D-Marker-Pose-Estimation\\CAD_to_PointCloud_conversion\\pointnet2\\result\\eval1_real_newmask_height_auto_boxexpand100\\train\\marker_points\\aug_000047_marker.xyz",
  "image_size": 512,
  "point_radius": 2,
  "view_margin": 1.2,
  "plane_fit_q": 0.8,
  "height_mode": "adaptive",
  "top_candidate_q": 0.85,
  "height_band_m": 0.03,
  "basis_mode": "global",
  "plane_refine_enabled": true,
  "flip_x": true,
  "align_2d": false,
  "align_method": "none",
  "color_mode": "raw_z",
  "color_ref": "marker_all_raw_z",
  "invert_jet": false,
  "color_min": 0.102041,
  "color_max": 0.310834,
  "color_q_min": 0.02,
  "color_q_max": 0.98,
  "plane_center": [
    1.1527775697507203,
    8.387848296021073,
    0.3099459801054845
  ],
  "plane_normal": [
    -0.003651620087463984,
    -0.010136125095389957,
    0.9999419606341098
  ],
  "marker_origin": [
    1.1527775697507203,
    8.387848296021073,
    0.3099459801054845
  ],
  "image_u_axis_3d": [
    -0.9999933328121428,
    3.7013524783422724e-05,
    -0.003651432494528722
  ],
  "image_v_axis_3d": [
    0.0,
    0.9999486274784569,
    0.010136192675280545
  ],
  "u_min": -0.7514035236160097,
  "u_max": 1.2130367884640212,
  "v_min": -1.429974480023822,
  "v_max": 0.5339672171718362,
  "pixel_size_u_m": 0.0038443058944814695,
  "pixel_size_v_m": 0.003843330131498353,
  "back_projection_note": {
    "pixel_to_uv": "u = u_min + px * pixel_size_u_m, v = v_max - py * pixel_size_v_m",
    "flip_x_note": "if flip_x is true, saved uv and image_u_axis_3d are already mirrored, so use the same pixel_to_uv formula",
    "point_on_plane_3d": "marker_origin + u * image_u_axis_3d + v * image_v_axis_3d",
    "direction_3d": "du * image_u_axis_3d + dv * image_v_axis_3d"
  },
  "debug": {
    "total_points": 100000,
    "basis_mode": "global",
    "height_mode": "adaptive",
    "top_candidate_q": 0.85,
    "height_band_m_input": 0.03,
    "height_band_m_used": 0.016221003992558075,
    "id_height_center": 0.006188699083573192,
    "top_id_points": 25750,
    "selected_height_min": -0.010014984605163205,
    "selected_height_max": 0.014354670236943215,
    "height_min": -0.22005499565554704,
    "height_mean": -0.14551014084554859,
    "height_max": 0.014354670236943215,
    "height_q50": -0.1956637135069292,
    "height_q70": -0.19056054344603865,
    "height_q80": 0.0012811143294769972,
    "height_q85": 0.0033322577994316514,
    "height_q90": 0.0070510471292613945,
    "height_q95": 0.00949234297680742,
    "height_q99": 0.012938345080390998,
    "layer_selection": {
      "height_mode": "adaptive",
      "status": "adaptive_ok",
      "adaptive_search_q": 0.6,
      "adaptive_upper_q": 0.995,
      "adaptive_bins": 64,
      "adaptive_min_points": 300,
      "adaptive_chosen_bin": 63,
      "adaptive_bin_count": 3761,
      "adaptive_layer_bin_left": 59,
      "adaptive_layer_bin_right": 63,
      "adaptive_layer_lo": -0.0027957725609231987,
      "adaptive_layer_hi": 0.01339269015379079,
      "adaptive_layer_points": 24192,
      "adaptive_mad": 0.0036469724341377935,
      "adaptive_robust_sigma": 0.005407001330852692,
      "id_height_center": 0.006188699083573192,
      "height_band_m": 0.016221003992558075,
      "selected_height_min": -0.010014984605163205,
      "selected_height_max": 0.014354670236943215,
      "selected_points": 25750,
      "selected_ratio": 0.2575
    },
    "plane_estimation": {
      "plane_refine_used": true,
      "coarse_plane_points": 100000,
      "coarse_plane_center": [
        0.9268515308900049,
        7.941289057600008,
        0.15907570648025154
      ],
      "coarse_plane_normal": [
        -0.005422568236034893,
        -0.010314860724324868,
        0.9999320973945998
      ],
      "coarse_id_layer": {
        "height_mode": "adaptive",
        "status": "adaptive_ok",
        "adaptive_search_q": 0.6,
        "adaptive_upper_q": 0.995,
        "adaptive_bins": 64,
        "adaptive_min_points": 300,
        "adaptive_chosen_bin": 63,
        "adaptive_bin_count": 3754,
        "adaptive_layer_bin_left": 59,
        "adaptive_layer_bin_right": 63,
        "adaptive_layer_lo": 0.1434078334640291,
        "adaptive_layer_hi": 0.1596397625176018,
        "adaptive_layer_points": 23838,
        "adaptive_mad": 0.0038747943937216256,
        "adaptive_robust_sigma": 0.005744770168131682,
        "id_height_center": 0.15138822558290066,
        "height_band_m": 0.017234310504395046,
        "selected_height_min": 0.13415911781331788,
        "selected_height_max": 0.1607051053795635,
        "selected_points": 25800,
        "selected_ratio": 0.258
      },
      "plate_support": {
        "plate_status": "ok",
        "plate_lower": -0.055344808664308756,
        "plate_upper": 0.14638822558290066,
        "plate_lo": 0.14323614692278802,
        "plate_hi": 0.14638822558290066,
        "plate_bins": 64,
        "plate_chosen_bin": 63,
        "plate_bin_count": 4172,
        "plate_left_bin": 63,
        "plate_right_bin": 63,
        "plate_points": 4172,
        "plate_min_points": 500,
        "plane_refine_angle_deg": 0.10198497288100784
      }
    }
  }
}