{
  "source_file": "C:\\Users\\gkwld\\Desktop\\3D-Marker-Pose-Estimation\\CAD_to_PointCloud_conversion\\pointnet2\\result\\eval1_real_newmask_height_auto_boxexpand100\\train\\marker_points\\aug_000020_marker.xyz",
  "image_size": 512,
  "point_radius": 2,
  "view_margin": 1.2,
  "plane_fit_q": 0.8,
  "height_mode": "adaptive",
  "top_candidate_q": 0.85,
  "height_band_m": 0.03,
  "basis_mode": "global",
  "plane_refine_enabled": true,
  "flip_x": true,
  "align_2d": false,
  "align_method": "none",
  "color_mode": "raw_z",
  "color_ref": "marker_all_raw_z",
  "invert_jet": false,
  "color_min": 0.101756,
  "color_max": 0.310834,
  "color_q_min": 0.02,
  "color_q_max": 0.98,
  "plane_center": [
    0.8662785989304828,
    -7.722535701793016,
    0.3095286914123938
  ],
  "plane_normal": [
    0.01063675538400477,
    -0.001452314363117787,
    0.9999423734475361
  ],
  "marker_origin": [
    0.8662785989304828,
    -7.722535701793016,
    0.3095286914123938
  ],
  "image_u_axis_3d": [
    -0.9999434281162616,
    -1.5448786588088448e-05,
    0.01063674416509558
  ],
  "image_v_axis_3d": [
    -3.388131789020589e-21,
    0.9999989452706066,
    0.0014523965279238543
  ],
  "u_min": -1.621513482396363,
  "u_max": 0.6296977085703689,
  "v_min": -1.2257738572781092,
  "v_max": 1.0256660684282615,
  "pixel_size_u_m": 0.004405501352185385,
  "pixel_size_v_m": 0.0044059489739850695,
  "back_projection_note": {
    "pixel_to_uv": "u = u_min + px * pixel_size_u_m, v = v_max - py * pixel_size_v_m",
    "flip_x_note": "if flip_x is true, saved uv and image_u_axis_3d are already mirrored, so use the same pixel_to_uv formula",
    "point_on_plane_3d": "marker_origin + u * image_u_axis_3d + v * image_v_axis_3d",
    "direction_3d": "du * image_u_axis_3d + dv * image_v_axis_3d"
  },
  "debug": {
    "total_points": 100000,
    "basis_mode": "global",
    "height_mode": "adaptive",
    "top_candidate_q": 0.85,
    "height_band_m_input": 0.03,
    "height_band_m_used": 0.015917505367326248,
    "id_height_center": 0.006361646689054075,
    "top_id_points": 25838,
    "selected_height_min": -0.009539516646463747,
    "selected_height_max": 0.014904945788601125,
    "height_min": -0.2197105280693132,
    "height_mean": -0.1448902136656817,
    "height_max": 0.014904945788601125,
    "height_q50": -0.19543683760299055,
    "height_q70": -0.19008323550265668,
    "height_q80": 0.0018357062041911524,
    "height_q85": 0.0039411155109454685,
    "height_q90": 0.007180757993101706,
    "height_q95": 0.010317376161023711,
    "height_q99": 0.013486783964763022,
    "layer_selection": {
      "height_mode": "adaptive",
      "status": "adaptive_ok",
      "adaptive_search_q": 0.6,
      "adaptive_upper_q": 0.995,
      "adaptive_bins": 64,
      "adaptive_min_points": 300,
      "adaptive_chosen_bin": 63,
      "adaptive_bin_count": 3971,
      "adaptive_layer_bin_left": 59,
      "adaptive_layer_bin_right": 63,
      "adaptive_layer_lo": -0.002262637644049631,
      "adaptive_layer_hi": 0.013945482978085141,
      "adaptive_layer_points": 24221,
      "adaptive_mad": 0.003578736761393554,
      "adaptive_robust_sigma": 0.005305835122442083,
      "id_height_center": 0.006361646689054075,
      "height_band_m": 0.015917505367326248,
      "selected_height_min": -0.009539516646463747,
      "selected_height_max": 0.014904945788601125,
      "selected_points": 25838,
      "selected_ratio": 0.25838
    },
    "plane_estimation": {
      "plane_refine_used": true,
      "coarse_plane_points": 100000,
      "coarse_plane_center": [
        1.3585525415099913,
        -7.815999976670075,
        0.15925788114025086
      ],
      "coarse_plane_normal": [
        0.01049277408635672,
        -0.002180075436508651,
        0.999942572831592
      ],
      "coarse_id_layer": {
        "height_mode": "adaptive",
        "status": "adaptive_ok",
        "adaptive_search_q": 0.6,
        "adaptive_upper_q": 0.995,
        "adaptive_bins": 64,
        "adaptive_min_points": 300,
        "adaptive_chosen_bin": 63,
        "adaptive_bin_count": 4192,
        "adaptive_layer_bin_left": 59,
        "adaptive_layer_bin_right": 63,
        "adaptive_layer_lo": 0.14263315858755657,
        "adaptive_layer_hi": 0.15884944764310874,
        "adaptive_layer_points": 24221,
        "adaptive_mad": 0.003593173005356748,
        "adaptive_robust_sigma": 0.005327238297741914,
        "id_height_center": 0.15104313715489076,
        "height_band_m": 0.015981714893225744,
        "selected_height_min": 0.13507398604942927,
        "selected_height_max": 0.15981559818097182,
        "selected_points": 25861,
        "selected_ratio": 0.25861
      },
      "plate_support": {
        "plate_status": "ok",
        "plate_lower": -0.05533564193147523,
        "plate_upper": 0.14604313715489076,
        "plate_lo": 0.1428965937316663,
        "plate_hi": 0.14604313715489076,
        "plate_bins": 64,
        "plate_chosen_bin": 63,
        "plate_bin_count": 3179,
        "plate_left_bin": 63,
        "plate_right_bin": 63,
        "plate_points": 3179,
        "plate_min_points": 500,
        "plane_refine_angle_deg": 0.042506010753587474
      }
    }
  }
}