{
  "source_file": "C:\\Users\\gkwld\\Desktop\\3D-Marker-Pose-Estimation\\CAD_to_PointCloud_conversion\\pointnet2\\result\\eval1_real_newmask_height_auto_boxexpand100\\train\\marker_points\\aug_000146_marker.xyz",
  "image_size": 512,
  "point_radius": 2,
  "view_margin": 1.2,
  "plane_fit_q": 0.8,
  "height_mode": "adaptive",
  "top_candidate_q": 0.85,
  "height_band_m": 0.03,
  "basis_mode": "global",
  "plane_refine_enabled": true,
  "flip_x": true,
  "align_2d": false,
  "align_method": "none",
  "color_mode": "raw_z",
  "color_ref": "marker_all_raw_z",
  "invert_jet": false,
  "color_min": 0.1032,
  "color_max": 0.312979,
  "color_q_min": 0.02,
  "color_q_max": 0.98,
  "plane_center": [
    -2.8766141284577476,
    -6.6693813399014905,
    0.31144687836302576
  ],
  "plane_normal": [
    0.006232237407522526,
    0.009783287440942054,
    0.9999327209876394
  ],
  "marker_origin": [
    -2.8766141284577476,
    -6.6693813399014905,
    0.31144687836302576
  ],
  "image_u_axis_3d": [
    -0.9999805794188686,
    6.0972954088064126e-05,
    0.0062319391366120955
  ],
  "image_v_axis_3d": [
    -6.77626357804118e-21,
    0.9999521406383143,
    -0.009783477441749674
  ],
  "u_min": -1.2795995055507954,
  "u_max": 0.8278952321803168,
  "v_min": -0.5912307961726131,
  "v_max": 1.5188198126802979,
  "pixel_size_u_m": 0.004124255846831922,
  "pixel_size_v_m": 0.004129257551571255,
  "back_projection_note": {
    "pixel_to_uv": "u = u_min + px * pixel_size_u_m, v = v_max - py * pixel_size_v_m",
    "flip_x_note": "if flip_x is true, saved uv and image_u_axis_3d are already mirrored, so use the same pixel_to_uv formula",
    "point_on_plane_3d": "marker_origin + u * image_u_axis_3d + v * image_v_axis_3d",
    "direction_3d": "du * image_u_axis_3d + dv * image_v_axis_3d"
  },
  "debug": {
    "total_points": 100000,
    "basis_mode": "global",
    "height_mode": "adaptive",
    "top_candidate_q": 0.85,
    "height_band_m_input": 0.03,
    "height_band_m_used": 0.01625279401211215,
    "id_height_center": 0.006414931882055905,
    "top_id_points": 25816,
    "selected_height_min": -0.009811522946076496,
    "selected_height_max": 0.016307763332188373,
    "height_min": -0.22013631559034139,
    "height_mean": -0.14472654675510976,
    "height_max": 0.016307763332188373,
    "height_q50": -0.19514100005846707,
    "height_q70": -0.18931766361936764,
    "height_q80": 0.0022785487654988015,
    "height_q85": 0.005226947923702393,
    "height_q90": 0.007261947257380398,
    "height_q95": 0.011949694540495938,
    "height_q99": 0.014669670698971517,
    "layer_selection": {
      "height_mode": "adaptive",
      "status": "adaptive_ok",
      "adaptive_search_q": 0.6,
      "adaptive_upper_q": 0.995,
      "adaptive_bins": 64,
      "adaptive_min_points": 300,
      "adaptive_chosen_bin": 63,
      "adaptive_bin_count": 4546,
      "adaptive_layer_bin_left": 59,
      "adaptive_layer_bin_right": 63,
      "adaptive_layer_lo": -0.0011073131679872894,
      "adaptive_layer_hi": 0.015169678064482302,
      "adaptive_layer_points": 23977,
      "adaptive_mad": 0.003654119792282061,
      "adaptive_robust_sigma": 0.005417598004037383,
      "id_height_center": 0.006414931882055905,
      "height_band_m": 0.01625279401211215,
      "selected_height_min": -0.009811522946076496,
      "selected_height_max": 0.016307763332188373,
      "selected_points": 25816,
      "selected_ratio": 0.25816
    },
    "plane_estimation": {
      "plane_refine_used": true,
      "coarse_plane_points": 100000,
      "coarse_plane_center": [
        -2.658108537900002,
        -6.207118252590036,
        0.16082596661022808
      ],
      "coarse_plane_normal": [
        0.006462762828374844,
        0.009320367329009323,
        0.9999356796551849
      ],
      "coarse_id_layer": {
        "height_mode": "adaptive",
        "status": "adaptive_ok",
        "adaptive_search_q": 0.6,
        "adaptive_upper_q": 0.995,
        "adaptive_bins": 64,
        "adaptive_min_points": 300,
        "adaptive_chosen_bin": 63,
        "adaptive_bin_count": 4884,
        "adaptive_layer_bin_left": 59,
        "adaptive_layer_bin_right": 63,
        "adaptive_layer_lo": 0.143405379182463,
        "adaptive_layer_hi": 0.15967207814133522,
        "adaptive_layer_points": 24080,
        "adaptive_mad": 0.003473757109844308,
        "adaptive_robust_sigma": 0.005150192291055171,
        "id_height_center": 0.1510216483379194,
        "height_band_m": 0.015450576873165513,
        "selected_height_min": 0.13561254673025858,
        "selected_height_max": 0.16078423322146007,
        "selected_points": 25775,
        "selected_ratio": 0.25775
      },
      "plate_support": {
        "plate_status": "ok",
        "plate_lower": -0.0555991926482565,
        "plate_upper": 0.1460216483379194,
        "plate_lo": 0.1428713226975104,
        "plate_hi": 0.1460216483379194,
        "plate_bins": 64,
        "plate_chosen_bin": 63,
        "plate_bin_count": 2639,
        "plate_left_bin": 63,
        "plate_right_bin": 63,
        "plate_points": 2639,
        "plate_min_points": 500,
        "plane_refine_angle_deg": 0.029630824609875178
      }
    }
  }
}