{
  "source_file": "C:\\Users\\gkwld\\Desktop\\3D-Marker-Pose-Estimation\\CAD_to_PointCloud_conversion\\pointnet2\\result\\eval1_real_newmask_height_auto_boxexpand100\\train\\marker_points\\aug_000125_marker.xyz",
  "image_size": 512,
  "point_radius": 2,
  "view_margin": 1.2,
  "plane_fit_q": 0.8,
  "height_mode": "adaptive",
  "top_candidate_q": 0.85,
  "height_band_m": 0.03,
  "basis_mode": "global",
  "plane_refine_enabled": true,
  "flip_x": true,
  "align_2d": false,
  "align_method": "none",
  "color_mode": "raw_z",
  "color_ref": "marker_all_raw_z",
  "invert_jet": false,
  "color_min": 0.10318794,
  "color_max": 0.312979,
  "color_q_min": 0.02,
  "color_q_max": 0.98,
  "plane_center": [
    -1.3031663666254805,
    -0.7935134423393793,
    0.3125617679845843
  ],
  "plane_normal": [
    -0.0030036006917397388,
    0.004500545187036159,
    0.9999853616298111
  ],
  "marker_origin": [
    -1.3031663666254805,
    -0.7935134423393793,
    0.3125617679845843
  ],
  "image_u_axis_3d": [
    -0.9999954891802685,
    -1.351790161377805e-05,
    -0.003003570272478956
  ],
  "image_v_axis_3d": [
    0.0,
    0.9999898724028589,
    -0.004500565488271265
  ],
  "u_min": -0.8980948055602926,
  "u_max": 1.1016029442450956,
  "v_min": -0.8313119572887904,
  "v_max": 1.165617637072103,
  "pixel_size_u_m": 0.0039133028371925406,
  "pixel_size_v_m": 0.003907885703250281,
  "back_projection_note": {
    "pixel_to_uv": "u = u_min + px * pixel_size_u_m, v = v_max - py * pixel_size_v_m",
    "flip_x_note": "if flip_x is true, saved uv and image_u_axis_3d are already mirrored, so use the same pixel_to_uv formula",
    "point_on_plane_3d": "marker_origin + u * image_u_axis_3d + v * image_v_axis_3d",
    "direction_3d": "du * image_u_axis_3d + dv * image_v_axis_3d"
  },
  "debug": {
    "total_points": 100000,
    "basis_mode": "global",
    "height_mode": "adaptive",
    "top_candidate_q": 0.85,
    "height_band_m_input": 0.03,
    "height_band_m_used": 0.015,
    "id_height_center": 0.0008418689601646256,
    "top_id_points": 25745,
    "selected_height_min": -0.013592586488347203,
    "selected_height_max": 0.005219314092613587,
    "height_min": -0.21976719926327085,
    "height_mean": -0.150955688747865,
    "height_max": 0.005219314092613587,
    "height_q50": -0.20219596134206919,
    "height_q70": -0.19963833015412874,
    "height_q80": -0.0010391104591421913,
    "height_q85": 0.00022713596118943292,
    "height_q90": 0.001054417522833626,
    "height_q95": 0.0037732828513962866,
    "height_q99": 0.004608618734435634,
    "layer_selection": {
      "height_mode": "adaptive",
      "status": "adaptive_ok",
      "adaptive_search_q": 0.6,
      "adaptive_upper_q": 0.995,
      "adaptive_bins": 64,
      "adaptive_min_points": 300,
      "adaptive_chosen_bin": 63,
      "adaptive_bin_count": 6994,
      "adaptive_layer_bin_left": 62,
      "adaptive_layer_bin_right": 63,
      "adaptive_layer_lo": -0.001642185302081517,
      "adaptive_layer_hi": 0.004799438585352086,
      "adaptive_layer_points": 21669,
      "adaptive_mad": 0.0012797719268143539,
      "adaptive_robust_sigma": 0.0018973898586949608,
      "id_height_center": 0.0008418689601646256,
      "height_band_m": 0.015,
      "selected_height_min": -0.013592586488347203,
      "selected_height_max": 0.005219314092613587,
      "selected_points": 25745,
      "selected_ratio": 0.25745
    },
    "plane_estimation": {
      "plane_refine_used": true,
      "coarse_plane_points": 100000,
      "coarse_plane_center": [
        -1.40529800955,
        -0.6331361948500066,
        0.1605753066802266
      ],
      "coarse_plane_normal": [
        -0.007813856580207964,
        0.0077964185916601135,
        0.9999390778944924
      ],
      "coarse_id_layer": {
        "height_mode": "adaptive",
        "status": "adaptive_ok",
        "adaptive_search_q": 0.6,
        "adaptive_upper_q": 0.995,
        "adaptive_bins": 64,
        "adaptive_min_points": 300,
        "adaptive_chosen_bin": 63,
        "adaptive_bin_count": 5260,
        "adaptive_layer_bin_left": 63,
        "adaptive_layer_bin_right": 63,
        "adaptive_layer_lo": 0.15639982158709248,
        "adaptive_layer_hi": 0.15965136280559647,
        "adaptive_layer_points": 5260,
        "adaptive_mad": 0.0007235970618515997,
        "adaptive_robust_sigma": 0.0010728050039011817,
        "id_height_center": 0.1579519611857587,
        "height_band_m": 0.015,
        "selected_height_min": 0.14295742487638546,
        "selected_height_max": 0.16066788931521508,
        "selected_points": 24616,
        "selected_ratio": 0.24616
      },
      "plate_support": {
        "plate_status": "ok",
        "plate_lower": -0.05547403252915886,
        "plate_upper": 0.15295196118575868,
        "plate_lo": 0.1464386488821675,
        "plate_hi": 0.15295196118575868,
        "plate_bins": 64,
        "plate_chosen_bin": 63,
        "plate_bin_count": 8546,
        "plate_left_bin": 62,
        "plate_right_bin": 63,
        "plate_points": 14568,
        "plate_min_points": 500,
        "plane_refine_angle_deg": 0.3341065507004544
      }
    }
  }
}