{
  "source_file": "C:\\Users\\gkwld\\Desktop\\3D-Marker-Pose-Estimation\\CAD_to_PointCloud_conversion\\pointnet2\\result\\eval1_real_newmask_height_auto_boxexpand100\\train\\marker_points\\aug_000003_marker.xyz",
  "image_size": 512,
  "point_radius": 2,
  "view_margin": 1.2,
  "plane_fit_q": 0.8,
  "height_mode": "adaptive",
  "top_candidate_q": 0.85,
  "height_band_m": 0.03,
  "basis_mode": "global",
  "plane_refine_enabled": true,
  "flip_x": true,
  "align_2d": false,
  "align_method": "none",
  "color_mode": "raw_z",
  "color_ref": "marker_all_raw_z",
  "invert_jet": false,
  "color_min": 0.102058,
  "color_max": 0.310834,
  "color_q_min": 0.02,
  "color_q_max": 0.98,
  "plane_center": [
    -6.44624488297295,
    -2.834408431351352,
    0.3097252924324419
  ],
  "plane_normal": [
    0.01096329404670708,
    0.002269354676893049,
    0.9999373261414916
  ],
  "marker_origin": [
    -6.44624488297295,
    -2.834408431351352,
    0.3097252924324419
  ],
  "image_u_axis_3d": [
    -0.9999399012848951,
    2.4881097941015335e-05,
    0.010963265812934
  ],
  "image_v_axis_3d": [
    -3.3881317890205905e-21,
    0.9999974247008248,
    -0.0022694910703880532
  ],
  "u_min": -1.6394805882268775,
  "u_max": 0.6400086425752869,
  "v_min": -1.0450974364311931,
  "v_max": 1.235309955891411,
  "pixel_size_u_m": 0.004460839982000322,
  "pixel_size_v_m": 0.004462636775582395,
  "back_projection_note": {
    "pixel_to_uv": "u = u_min + px * pixel_size_u_m, v = v_max - py * pixel_size_v_m",
    "flip_x_note": "if flip_x is true, saved uv and image_u_axis_3d are already mirrored, so use the same pixel_to_uv formula",
    "point_on_plane_3d": "marker_origin + u * image_u_axis_3d + v * image_v_axis_3d",
    "direction_3d": "du * image_u_axis_3d + dv * image_v_axis_3d"
  },
  "debug": {
    "total_points": 100000,
    "basis_mode": "global",
    "height_mode": "adaptive",
    "top_candidate_q": 0.85,
    "height_band_m_input": 0.03,
    "height_band_m_used": 0.016504390414010646,
    "id_height_center": 0.0062337754582828565,
    "top_id_points": 25907,
    "selected_height_min": -0.010225955079100579,
    "selected_height_max": 0.015362785166528491,
    "height_min": -0.2200803494161534,
    "height_mean": -0.14472726461797894,
    "height_max": 0.015362785166528491,
    "height_q50": -0.19528005345869331,
    "height_q70": -0.1896032868161816,
    "height_q80": 0.0017743838785669176,
    "height_q85": 0.003944875711030611,
    "height_q90": 0.007094161869338523,
    "height_q95": 0.010677397655155222,
    "height_q99": 0.013885076531615165,
    "layer_selection": {
      "height_mode": "adaptive",
      "status": "adaptive_ok",
      "adaptive_search_q": 0.6,
      "adaptive_upper_q": 0.995,
      "adaptive_bins": 64,
      "adaptive_min_points": 300,
      "adaptive_chosen_bin": 63,
      "adaptive_bin_count": 4042,
      "adaptive_layer_bin_left": 59,
      "adaptive_layer_bin_right": 63,
      "adaptive_layer_lo": -0.0018821151679191406,
      "adaptive_layer_hi": 0.01433681822826422,
      "adaptive_layer_points": 24223,
      "adaptive_mad": 0.00371068627501476,
      "adaptive_robust_sigma": 0.0055014634713368826,
      "id_height_center": 0.0062337754582828565,
      "height_band_m": 0.016504390414010646,
      "selected_height_min": -0.010225955079100579,
      "selected_height_max": 0.015362785166528491,
      "selected_points": 25907,
      "selected_ratio": 0.25907
    },
    "plane_estimation": {
      "plane_refine_used": true,
      "coarse_plane_points": 100000,
      "coarse_plane_center": [
        -5.9517205835199265,
        -2.7337381262600013,
        0.15933853056025304
      ],
      "coarse_plane_normal": [
        0.011634446281485186,
        0.00164298849072122,
        0.9999309677405449
      ],
      "coarse_id_layer": {
        "height_mode": "adaptive",
        "status": "adaptive_ok",
        "adaptive_search_q": 0.6,
        "adaptive_upper_q": 0.995,
        "adaptive_bins": 64,
        "adaptive_min_points": 300,
        "adaptive_chosen_bin": 63,
        "adaptive_bin_count": 4036,
        "adaptive_layer_bin_left": 59,
        "adaptive_layer_bin_right": 63,
        "adaptive_layer_lo": 0.14321135913429656,
        "adaptive_layer_hi": 0.15944929171649455,
        "adaptive_layer_points": 23897,
        "adaptive_mad": 0.003842878087639806,
        "adaptive_robust_sigma": 0.005697451052734776,
        "id_height_center": 0.15079713652920043,
        "height_band_m": 0.01709235315820433,
        "selected_height_min": 0.1337172280158102,
        "selected_height_max": 0.16052393460311518,
        "selected_points": 25920,
        "selected_ratio": 0.2592
      },
      "plate_support": {
        "plate_status": "ok",
        "plate_lower": -0.05565966515199471,
        "plate_upper": 0.14579713652920043,
        "plate_lo": 0.14264937400293176,
        "plate_hi": 0.14579713652920043,
        "plate_bins": 64,
        "plate_chosen_bin": 63,
        "plate_bin_count": 3700,
        "plate_left_bin": 63,
        "plate_right_bin": 63,
        "plate_points": 3700,
        "plate_min_points": 500,
        "plane_refine_angle_deg": 0.05260065898505425
      }
    }
  }
}