{
  "source_file": "C:\\Users\\gkwld\\Desktop\\3D-Marker-Pose-Estimation\\CAD_to_PointCloud_conversion\\pointnet2\\result\\eval1_real_newmask_height_auto_boxexpand100\\train\\marker_points\\aug_000000_marker.xyz",
  "image_size": 512,
  "point_radius": 2,
  "view_margin": 1.2,
  "plane_fit_q": 0.8,
  "height_mode": "adaptive",
  "top_candidate_q": 0.85,
  "height_band_m": 0.03,
  "basis_mode": "global",
  "plane_refine_enabled": true,
  "flip_x": true,
  "align_2d": false,
  "align_method": "none",
  "color_mode": "raw_z",
  "color_ref": "marker_all_raw_z",
  "invert_jet": false,
  "color_min": 0.101868,
  "color_max": 0.310834,
  "color_q_min": 0.02,
  "color_q_max": 0.98,
  "plane_center": [
    -1.6307671297872344,
    7.472174521631192,
    0.3094593382978721
  ],
  "plane_normal": [
    0.008772199842498081,
    -0.0068676619400237175,
    0.9999379399379749
  ],
  "marker_origin": [
    -1.6307671297872344,
    7.472174521631192,
    0.3094593382978721
  ],
  "image_u_axis_3d": [
    -0.9999615235137418,
    -6.024682107446881e-05,
    0.008771992954680594
  ],
  "image_v_axis_3d": [
    0.0,
    0.9999764155157852,
    0.0068679261936846646
  ],
  "u_min": -1.345189609994398,
  "u_max": 0.5161656101095503,
  "v_min": -1.2411181091155405,
  "v_max": 0.6205934386770431,
  "pixel_size_u_m": 0.0036425738162503885,
  "pixel_size_v_m": 0.003643271130709557,
  "back_projection_note": {
    "pixel_to_uv": "u = u_min + px * pixel_size_u_m, v = v_max - py * pixel_size_v_m",
    "flip_x_note": "if flip_x is true, saved uv and image_u_axis_3d are already mirrored, so use the same pixel_to_uv formula",
    "point_on_plane_3d": "marker_origin + u * image_u_axis_3d + v * image_v_axis_3d",
    "direction_3d": "du * image_u_axis_3d + dv * image_v_axis_3d"
  },
  "debug": {
    "total_points": 100000,
    "basis_mode": "global",
    "height_mode": "adaptive",
    "top_candidate_q": 0.85,
    "height_band_m_input": 0.03,
    "height_band_m_used": 0.016578425968016983,
    "id_height_center": 0.006417150068556211,
    "top_id_points": 25875,
    "selected_height_min": -0.010136114482091521,
    "selected_height_max": 0.01568207882795073,
    "height_min": -0.219372557513135,
    "height_mean": -0.14454128713961523,
    "height_max": 0.01568207882795073,
    "height_q50": -0.195009117254977,
    "height_q70": -0.1893587296657893,
    "height_q80": 0.0021208653027012143,
    "height_q85": 0.004483812395861694,
    "height_q90": 0.0072830621544420346,
    "height_q95": 0.011232547564310824,
    "height_q99": 0.014155434301246269,
    "layer_selection": {
      "height_mode": "adaptive",
      "status": "adaptive_ok",
      "adaptive_search_q": 0.6,
      "adaptive_upper_q": 0.995,
      "adaptive_bins": 64,
      "adaptive_min_points": 300,
      "adaptive_chosen_bin": 63,
      "adaptive_bin_count": 4263,
      "adaptive_layer_bin_left": 59,
      "adaptive_layer_bin_right": 63,
      "adaptive_layer_lo": -0.00157494021515861,
      "adaptive_layer_hi": 0.014651431096995949,
      "adaptive_layer_points": 24103,
      "adaptive_mad": 0.0037273317073647613,
      "adaptive_robust_sigma": 0.0055261419893389944,
      "id_height_center": 0.006417150068556211,
      "height_band_m": 0.016578425968016983,
      "selected_height_min": -0.010136114482091521,
      "selected_height_max": 0.01568207882795073,
      "selected_points": 25875,
      "selected_ratio": 0.25875
    },
    "plane_estimation": {
      "plane_refine_used": true,
      "coarse_plane_points": 100000,
      "coarse_plane_center": [
        -1.2179581759900062,
        7.16648701891989,
        0.1591881242502508
      ],
      "coarse_plane_normal": [
        0.008201598781760536,
        -0.007010392033723264,
        0.9999417923954158
      ],
      "coarse_id_layer": {
        "height_mode": "adaptive",
        "status": "adaptive_ok",
        "adaptive_search_q": 0.6,
        "adaptive_upper_q": 0.995,
        "adaptive_bins": 64,
        "adaptive_min_points": 300,
        "adaptive_chosen_bin": 63,
        "adaptive_bin_count": 4620,
        "adaptive_layer_bin_left": 59,
        "adaptive_layer_bin_right": 63,
        "adaptive_layer_lo": 0.14271785305691823,
        "adaptive_layer_hi": 0.1589357165718536,
        "adaptive_layer_points": 24161,
        "adaptive_mad": 0.0035861859613916802,
        "adaptive_robust_sigma": 0.005316879306359305,
        "id_height_center": 0.15083747213477108,
        "height_band_m": 0.015950637919077915,
        "selected_height_min": 0.13489900394494947,
        "selected_height_max": 0.1599360475998959,
        "selected_points": 25852,
        "selected_ratio": 0.25852
      },
      "plate_support": {
        "plate_status": "ok",
        "plate_lower": -0.05534287442972491,
        "plate_upper": 0.14583747213477108,
        "plate_lo": 0.14269402921970084,
        "plate_hi": 0.14583747213477108,
        "plate_bins": 64,
        "plate_chosen_bin": 63,
        "plate_bin_count": 2820,
        "plate_left_bin": 63,
        "plate_right_bin": 63,
        "plate_points": 2820,
        "plate_min_points": 500,
        "plane_refine_angle_deg": 0.03370123437439539
      }
    }
  }
}