{
  "source_file": "C:\\Users\\gkwld\\Desktop\\3D-Marker-Pose-Estimation\\CAD_to_PointCloud_conversion\\pointnet2\\result\\eval1_real_newmask_height_auto_boxexpand100\\train\\marker_points\\aug_000088_marker.xyz",
  "image_size": 512,
  "point_radius": 2,
  "view_margin": 1.2,
  "plane_fit_q": 0.8,
  "height_mode": "adaptive",
  "top_candidate_q": 0.85,
  "height_band_m": 0.03,
  "basis_mode": "global",
  "plane_refine_enabled": true,
  "flip_x": true,
  "align_2d": false,
  "align_method": "none",
  "color_mode": "raw_z",
  "color_ref": "marker_all_raw_z",
  "invert_jet": false,
  "color_min": 0.101788,
  "color_max": 0.310834,
  "color_q_min": 0.02,
  "color_q_max": 0.98,
  "plane_center": [
    1.6489724834392763,
    -4.701987042489125,
    0.30940885848109706
  ],
  "plane_normal": [
    0.006217159095587552,
    0.008789519310897205,
    0.9999420439610806
  ],
  "marker_origin": [
    1.6489724834392763,
    -4.701987042489125,
    0.30940885848109706
  ],
  "image_u_axis_3d": [
    -0.999980673278629,
    5.464689607481192e-05,
    0.0062169189263204805
  ],
  "image_v_axis_3d": [
    0.0,
    0.9999613699348592,
    -0.008789689186762265
  ],
  "u_min": -1.21450685246285,
  "u_max": 0.6103223897375221,
  "v_min": -0.510113021173115,
  "v_max": 1.3149402869092728,
  "pixel_size_u_m": 0.0035710944074371274,
  "pixel_size_v_m": 0.0035715328925291345,
  "back_projection_note": {
    "pixel_to_uv": "u = u_min + px * pixel_size_u_m, v = v_max - py * pixel_size_v_m",
    "flip_x_note": "if flip_x is true, saved uv and image_u_axis_3d are already mirrored, so use the same pixel_to_uv formula",
    "point_on_plane_3d": "marker_origin + u * image_u_axis_3d + v * image_v_axis_3d",
    "direction_3d": "du * image_u_axis_3d + dv * image_v_axis_3d"
  },
  "debug": {
    "total_points": 100000,
    "basis_mode": "global",
    "height_mode": "adaptive",
    "top_candidate_q": 0.85,
    "height_band_m_input": 0.03,
    "height_band_m_used": 0.015955151401156272,
    "id_height_center": 0.006344002366147203,
    "top_id_points": 26053,
    "selected_height_min": -0.009600224062332673,
    "selected_height_max": 0.015091167157324038,
    "height_min": -0.21964172511554983,
    "height_mean": -0.14432268278704938,
    "height_max": 0.015091167157324038,
    "height_q50": -0.19535295852255555,
    "height_q70": -0.18981541017625012,
    "height_q80": 0.0020685088338436354,
    "height_q85": 0.0042665418122128105,
    "height_q90": 0.007186796364361425,
    "height_q95": 0.01058513161830896,
    "height_q99": 0.013620404000573563,
    "layer_selection": {
      "height_mode": "adaptive",
      "status": "adaptive_ok",
      "adaptive_search_q": 0.6,
      "adaptive_upper_q": 0.995,
      "adaptive_bins": 64,
      "adaptive_min_points": 300,
      "adaptive_chosen_bin": 63,
      "adaptive_bin_count": 4190,
      "adaptive_layer_bin_left": 59,
      "adaptive_layer_bin_right": 63,
      "adaptive_layer_lo": -0.0021441839194360768,
      "adaptive_layer_hi": 0.01406631643169004,
      "adaptive_layer_points": 24485,
      "adaptive_mad": 0.0035872007287099856,
      "adaptive_robust_sigma": 0.005318383800385424,
      "id_height_center": 0.006344002366147203,
      "height_band_m": 0.015955151401156272,
      "selected_height_min": -0.009600224062332673,
      "selected_height_max": 0.015091167157324038,
      "selected_points": 26053,
      "selected_ratio": 0.26053
    },
    "plane_estimation": {
      "plane_refine_used": true,
      "coarse_plane_points": 100000,
      "coarse_plane_center": [
        1.9455163131299924,
        -4.301762145119997,
        0.15971605546025186
      ],
      "coarse_plane_normal": [
        0.0065501357991581055,
        0.008278540428687578,
        0.9999442791912874
      ],
      "coarse_id_layer": {
        "height_mode": "adaptive",
        "status": "adaptive_ok",
        "adaptive_search_q": 0.6,
        "adaptive_upper_q": 0.995,
        "adaptive_bins": 64,
        "adaptive_min_points": 300,
        "adaptive_chosen_bin": 63,
        "adaptive_bin_count": 4457,
        "adaptive_layer_bin_left": 59,
        "adaptive_layer_bin_right": 63,
        "adaptive_layer_lo": 0.14204019016295794,
        "adaptive_layer_hi": 0.15824964539405328,
        "adaptive_layer_points": 24511,
        "adaptive_mad": 0.0035217468560577725,
        "adaptive_robust_sigma": 0.005221341888791253,
        "id_height_center": 0.15050813195246793,
        "height_band_m": 0.01566402566637376,
        "selected_height_min": 0.13493099989657376,
        "selected_height_max": 0.1592623570454544,
        "selected_points": 26046,
        "selected_ratio": 0.26046
      },
      "plate_support": {
        "plate_status": "ok",
        "plate_lower": -0.05575017650024981,
        "plate_upper": 0.14550813195246792,
        "plate_lo": 0.1423634708828942,
        "plate_hi": 0.14550813195246792,
        "plate_bins": 64,
        "plate_chosen_bin": 63,
        "plate_bin_count": 2989,
        "plate_left_bin": 63,
        "plate_right_bin": 63,
        "plate_points": 2989,
        "plate_min_points": 500,
        "plane_refine_angle_deg": 0.03494487915145329
      }
    }
  }
}