{
  "source_file": "C:\\Users\\gkwld\\Desktop\\3D-Marker-Pose-Estimation\\CAD_to_PointCloud_conversion\\pointnet2\\result\\eval1_real_newmask_height_auto_boxexpand100\\train\\marker_points\\aug_000133_marker.xyz",
  "image_size": 512,
  "point_radius": 2,
  "view_margin": 1.2,
  "plane_fit_q": 0.8,
  "height_mode": "adaptive",
  "top_candidate_q": 0.85,
  "height_band_m": 0.03,
  "basis_mode": "global",
  "plane_refine_enabled": true,
  "flip_x": true,
  "align_2d": false,
  "align_method": "none",
  "color_mode": "raw_z",
  "color_ref": "marker_all_raw_z",
  "invert_jet": false,
  "color_min": 0.10328,
  "color_max": 0.312979,
  "color_q_min": 0.02,
  "color_q_max": 0.98,
  "plane_center": [
    -5.570868138008213,
    -5.646221103319647,
    0.3115015356210464
  ],
  "plane_normal": [
    0.0027067589664127173,
    -0.011233760628486385,
    0.9999332358092913
  ],
  "marker_origin": [
    -5.570868138008213,
    -5.646221103319647,
    0.3115015356210464
  ],
  "image_u_axis_3d": [
    -0.9999963367202391,
    -3.0407193697686134e-05,
    0.002706588166825121
  ],
  "image_v_axis_3d": [
    0.0,
    0.9999368988568951,
    0.011233801781033854
  ],
  "u_min": -1.2590386700305194,
  "u_max": 0.8986153864550546,
  "v_min": -1.5646776281757537,
  "v_max": 0.5934436914999099,
  "pixel_size_u_m": 0.004222414983337718,
  "pixel_size_v_m": 0.004223329392711671,
  "back_projection_note": {
    "pixel_to_uv": "u = u_min + px * pixel_size_u_m, v = v_max - py * pixel_size_v_m",
    "flip_x_note": "if flip_x is true, saved uv and image_u_axis_3d are already mirrored, so use the same pixel_to_uv formula",
    "point_on_plane_3d": "marker_origin + u * image_u_axis_3d + v * image_v_axis_3d",
    "direction_3d": "du * image_u_axis_3d + dv * image_v_axis_3d"
  },
  "debug": {
    "total_points": 100000,
    "basis_mode": "global",
    "height_mode": "adaptive",
    "top_candidate_q": 0.85,
    "height_band_m_input": 0.03,
    "height_band_m_used": 0.016386491985372256,
    "id_height_center": 0.006400030828267641,
    "top_id_points": 25689,
    "selected_height_min": -0.009884187476553353,
    "selected_height_max": 0.01623364640776264,
    "height_min": -0.2201442725355557,
    "height_mean": -0.1450051038416738,
    "height_max": 0.01623364640776264,
    "height_q50": -0.19517489333599267,
    "height_q70": -0.1893735299834293,
    "height_q80": 0.002205686239863553,
    "height_q85": 0.005076031567641522,
    "height_q90": 0.007241687177774754,
    "height_q95": 0.011902906875240598,
    "height_q99": 0.014584247456378213,
    "layer_selection": {
      "height_mode": "adaptive",
      "status": "adaptive_ok",
      "adaptive_search_q": 0.6,
      "adaptive_upper_q": 0.995,
      "adaptive_bins": 64,
      "adaptive_min_points": 300,
      "adaptive_chosen_bin": 63,
      "adaptive_bin_count": 4499,
      "adaptive_layer_bin_left": 59,
      "adaptive_layer_bin_right": 63,
      "adaptive_layer_lo": -0.0011212746946987484,
      "adaptive_layer_hi": 0.015160335179430011,
      "adaptive_layer_points": 23838,
      "adaptive_mad": 0.003684179141456958,
      "adaptive_robust_sigma": 0.0054621639951240855,
      "id_height_center": 0.006400030828267641,
      "height_band_m": 0.016386491985372256,
      "selected_height_min": -0.009884187476553353,
      "selected_height_max": 0.01623364640776264,
      "selected_points": 25689,
      "selected_ratio": 0.25689
    },
    "plane_estimation": {
      "plane_refine_used": true,
      "coarse_plane_points": 100000,
      "coarse_plane_center": [
        -5.389218651579943,
        -6.1300582768999226,
        0.16055936188022749
      ],
      "coarse_plane_normal": [
        0.00215641429684221,
        -0.011191546206660428,
        0.999935047475027
      ],
      "coarse_id_layer": {
        "height_mode": "adaptive",
        "status": "adaptive_ok",
        "adaptive_search_q": 0.6,
        "adaptive_upper_q": 0.995,
        "adaptive_bins": 64,
        "adaptive_min_points": 300,
        "adaptive_chosen_bin": 63,
        "adaptive_bin_count": 4851,
        "adaptive_layer_bin_left": 59,
        "adaptive_layer_bin_right": 63,
        "adaptive_layer_lo": 0.1437358901318485,
        "adaptive_layer_hi": 0.16001147276287547,
        "adaptive_layer_points": 23920,
        "adaptive_mad": 0.0035115822789162643,
        "adaptive_robust_sigma": 0.005206271886721253,
        "id_height_center": 0.15126362097770907,
        "height_band_m": 0.015618815660163758,
        "selected_height_min": 0.1356584108850441,
        "selected_height_max": 0.16105444474181585,
        "selected_points": 25666,
        "selected_ratio": 0.25666
      },
      "plate_support": {
        "plate_status": "ok",
        "plate_lower": -0.055367729478790394,
        "plate_upper": 0.14626362097770906,
        "plate_lo": 0.14311313112682625,
        "plate_hi": 0.14626362097770906,
        "plate_bins": 64,
        "plate_chosen_bin": 63,
        "plate_bin_count": 2681,
        "plate_left_bin": 63,
        "plate_right_bin": 63,
        "plate_points": 2681,
        "plate_min_points": 500,
        "plane_refine_angle_deg": 0.03162543316766745
      }
    }
  }
}