{
  "source_file": "C:\\Users\\gkwld\\Desktop\\3D-Marker-Pose-Estimation\\CAD_to_PointCloud_conversion\\pointnet2\\result\\eval1_real_newmask_height_auto_boxexpand100\\train\\marker_points\\aug_000041_marker.xyz",
  "image_size": 512,
  "point_radius": 2,
  "view_margin": 1.2,
  "plane_fit_q": 0.8,
  "height_mode": "adaptive",
  "top_candidate_q": 0.85,
  "height_band_m": 0.03,
  "basis_mode": "global",
  "plane_refine_enabled": true,
  "flip_x": true,
  "align_2d": false,
  "align_method": "none",
  "color_mode": "raw_z",
  "color_ref": "marker_all_raw_z",
  "invert_jet": false,
  "color_min": 0.101841,
  "color_max": 0.310834,
  "color_q_min": 0.02,
  "color_q_max": 0.98,
  "plane_center": [
    4.547982922343806,
    3.9545912668549144,
    0.3093807165548886
  ],
  "plane_normal": [
    -0.002406066567064834,
    -0.010733701834156718,
    0.9999394974130237
  ],
  "marker_origin": [
    4.547982922343806,
    3.9545912668549144,
    0.3093807165548886
  ],
  "image_u_axis_3d": [
    -0.9999971054166481,
    2.5826075879684595e-05,
    -0.00240592795796729
  ],
  "image_v_axis_3d": [
    0.0,
    0.9999423918286239,
    0.01073373290383055
  ],
  "u_min": -1.009227493215736,
  "u_max": 1.239646212390674,
  "v_min": -1.620267202163805,
  "v_max": 0.6284013979946418,
  "pixel_size_u_m": 0.0044009270168422895,
  "pixel_size_v_m": 0.0044005256363179,
  "back_projection_note": {
    "pixel_to_uv": "u = u_min + px * pixel_size_u_m, v = v_max - py * pixel_size_v_m",
    "flip_x_note": "if flip_x is true, saved uv and image_u_axis_3d are already mirrored, so use the same pixel_to_uv formula",
    "point_on_plane_3d": "marker_origin + u * image_u_axis_3d + v * image_v_axis_3d",
    "direction_3d": "du * image_u_axis_3d + dv * image_v_axis_3d"
  },
  "debug": {
    "total_points": 100000,
    "basis_mode": "global",
    "height_mode": "adaptive",
    "top_candidate_q": 0.85,
    "height_band_m_input": 0.03,
    "height_band_m_used": 0.016256318279197372,
    "id_height_center": 0.006438507372540794,
    "top_id_points": 26023,
    "selected_height_min": -0.00980993107949283,
    "selected_height_max": 0.015466340583997118,
    "height_min": -0.21964919678484598,
    "height_mean": -0.14429757883117625,
    "height_max": 0.015466340583997118,
    "height_q50": -0.19513129702934734,
    "height_q70": -0.18950812187086546,
    "height_q80": 0.002162143752393971,
    "height_q85": 0.004426798816466634,
    "height_q90": 0.007291358187718172,
    "height_q95": 0.010980567066672211,
    "height_q99": 0.014011319894479441,
    "layer_selection": {
      "height_mode": "adaptive",
      "status": "adaptive_ok",
      "adaptive_search_q": 0.6,
      "adaptive_upper_q": 0.995,
      "adaptive_bins": 64,
      "adaptive_min_points": 300,
      "adaptive_chosen_bin": 63,
      "adaptive_bin_count": 4143,
      "adaptive_layer_bin_left": 59,
      "adaptive_layer_bin_right": 63,
      "adaptive_layer_lo": -0.001752641615763828,
      "adaptive_layer_hi": 0.014469973251226167,
      "adaptive_layer_points": 24329,
      "adaptive_mad": 0.0036549121541430305,
      "adaptive_robust_sigma": 0.005418772759732457,
      "id_height_center": 0.006438507372540794,
      "height_band_m": 0.016256318279197372,
      "selected_height_min": -0.00980993107949283,
      "selected_height_max": 0.015466340583997118,
      "selected_points": 26023,
      "selected_ratio": 0.26023
    },
    "plane_estimation": {
      "plane_refine_used": true,
      "coarse_plane_points": 100000,
      "coarse_plane_center": [
        4.439778937570048,
        3.4628815926299685,
        0.15953586070024958
      ],
      "coarse_plane_normal": [
        -0.002934056155095464,
        -0.010224108844606134,
        0.9999434278552024
      ],
      "coarse_id_layer": {
        "height_mode": "adaptive",
        "status": "adaptive_ok",
        "adaptive_search_q": 0.6,
        "adaptive_upper_q": 0.995,
        "adaptive_bins": 64,
        "adaptive_min_points": 300,
        "adaptive_chosen_bin": 63,
        "adaptive_bin_count": 4566,
        "adaptive_layer_bin_left": 59,
        "adaptive_layer_bin_right": 63,
        "adaptive_layer_lo": 0.14228965438112323,
        "adaptive_layer_hi": 0.1585047094038104,
        "adaptive_layer_points": 24389,
        "adaptive_mad": 0.003516353380160764,
        "adaptive_robust_sigma": 0.005213345521426348,
        "id_height_center": 0.15056793676191,
        "height_band_m": 0.015640036564279043,
        "selected_height_min": 0.1349367581090272,
        "selected_height_max": 0.15947789721611885,
        "selected_points": 25997,
        "selected_ratio": 0.25997
      },
      "plate_support": {
        "plate_status": "ok",
        "plate_lower": -0.0556179207280017,
        "plate_upper": 0.14556793676191,
        "plate_lo": 0.14242440773863013,
        "plate_hi": 0.14556793676191,
        "plate_bins": 64,
        "plate_chosen_bin": 63,
        "plate_bin_count": 2833,
        "plate_left_bin": 63,
        "plate_right_bin": 63,
        "plate_points": 2833,
        "plate_min_points": 500,
        "plane_refine_angle_deg": 0.04204423066129573
      }
    }
  }
}