{
  "source_file": "C:\\Users\\gkwld\\Desktop\\3D-Marker-Pose-Estimation\\CAD_to_PointCloud_conversion\\pointnet2\\result\\eval1_real_newmask_height_auto_boxexpand100\\train\\marker_points\\aug_000024_marker.xyz",
  "image_size": 512,
  "point_radius": 2,
  "view_margin": 1.2,
  "plane_fit_q": 0.8,
  "height_mode": "adaptive",
  "top_candidate_q": 0.85,
  "height_band_m": 0.03,
  "basis_mode": "global",
  "plane_refine_enabled": true,
  "flip_x": true,
  "align_2d": false,
  "align_method": "none",
  "color_mode": "raw_z",
  "color_ref": "marker_all_raw_z",
  "invert_jet": false,
  "color_min": 0.101706,
  "color_max": 0.310834,
  "color_q_min": 0.02,
  "color_q_max": 0.98,
  "plane_center": [
    9.473815624244153,
    6.755412235243296,
    0.3096774391016453
  ],
  "plane_normal": [
    0.00036564375687323533,
    0.010978783224217054,
    0.9999396644905926
  ],
  "marker_origin": [
    9.473815624244153,
    6.755412235243296,
    0.3096774391016453
  ],
  "image_u_axis_3d": [
    -0.9999999331513194,
    4.014323812343797e-06,
    0.00036562172001150116
  ],
  "image_v_axis_3d": [
    -8.470329472551473e-22,
    0.9999397313342444,
    -0.010978783958123297
  ],
  "u_min": -1.1873294034517605,
  "u_max": 1.1159334305963018,
  "v_min": -0.6392649705777039,
  "v_max": 1.6628002695751571,
  "pixel_size_u_m": 0.0045073636674130375,
  "pixel_size_v_m": 0.004505020039438084,
  "back_projection_note": {
    "pixel_to_uv": "u = u_min + px * pixel_size_u_m, v = v_max - py * pixel_size_v_m",
    "flip_x_note": "if flip_x is true, saved uv and image_u_axis_3d are already mirrored, so use the same pixel_to_uv formula",
    "point_on_plane_3d": "marker_origin + u * image_u_axis_3d + v * image_v_axis_3d",
    "direction_3d": "du * image_u_axis_3d + dv * image_v_axis_3d"
  },
  "debug": {
    "total_points": 100000,
    "basis_mode": "global",
    "height_mode": "adaptive",
    "top_candidate_q": 0.85,
    "height_band_m_input": 0.03,
    "height_band_m_used": 0.016217380813198443,
    "id_height_center": 0.006281807719851617,
    "top_id_points": 25873,
    "selected_height_min": -0.009930869667177345,
    "selected_height_max": 0.015183104746768953,
    "height_min": -0.219897675894329,
    "height_mean": -0.14479311485102636,
    "height_max": 0.015183104746768953,
    "height_q50": -0.19533850255895668,
    "height_q70": -0.18975105866663158,
    "height_q80": 0.0018201045307363307,
    "height_q85": 0.004011575982852453,
    "height_q90": 0.007115694543017212,
    "height_q95": 0.010619762316434507,
    "height_q99": 0.013753950269029631,
    "layer_selection": {
      "height_mode": "adaptive",
      "status": "adaptive_ok",
      "adaptive_search_q": 0.6,
      "adaptive_upper_q": 0.995,
      "adaptive_bins": 64,
      "adaptive_min_points": 300,
      "adaptive_chosen_bin": 63,
      "adaptive_bin_count": 4021,
      "adaptive_layer_bin_left": 59,
      "adaptive_layer_bin_right": 63,
      "adaptive_layer_lo": -0.0019983298360055912,
      "adaptive_layer_hi": 0.01421815425811089,
      "adaptive_layer_points": 24212,
      "adaptive_mad": 0.003646157833805127,
      "adaptive_robust_sigma": 0.005405793604399481,
      "id_height_center": 0.006281807719851617,
      "height_band_m": 0.016217380813198443,
      "selected_height_min": -0.009930869667177345,
      "selected_height_max": 0.015183104746768953,
      "selected_points": 25873,
      "selected_ratio": 0.25873
    },
    "plane_estimation": {
      "plane_refine_used": true,
      "coarse_plane_points": 100000,
      "coarse_plane_center": [
        9.502947380739899,
        7.265370498660004,
        0.15926587602024816
      ],
      "coarse_plane_normal": [
        0.0011242347229857444,
        0.011351543488949484,
        0.9999349371607666
      ],
      "coarse_id_layer": {
        "height_mode": "adaptive",
        "status": "adaptive_ok",
        "adaptive_search_q": 0.6,
        "adaptive_upper_q": 0.995,
        "adaptive_bins": 64,
        "adaptive_min_points": 300,
        "adaptive_chosen_bin": 63,
        "adaptive_bin_count": 4079,
        "adaptive_layer_bin_left": 59,
        "adaptive_layer_bin_right": 63,
        "adaptive_layer_lo": 0.1430697272610419,
        "adaptive_layer_hi": 0.1593021422756195,
        "adaptive_layer_points": 24090,
        "adaptive_mad": 0.0037604335513206633,
        "adaptive_robust_sigma": 0.005575218783188015,
        "id_height_center": 0.15085557337292096,
        "height_band_m": 0.016725656349564046,
        "selected_height_min": 0.13413374762192556,
        "selected_height_max": 0.16031127567326975,
        "selected_points": 25910,
        "selected_ratio": 0.2591
      },
      "plate_support": {
        "plate_status": "ok",
        "plate_lower": -0.05551814437500231,
        "plate_upper": 0.14585557337292096,
        "plate_lo": 0.14270910903310968,
        "plate_hi": 0.14585557337292096,
        "plate_bins": 64,
        "plate_chosen_bin": 63,
        "plate_bin_count": 3473,
        "plate_left_bin": 63,
        "plate_right_bin": 63,
        "plate_points": 3473,
        "plate_min_points": 500,
        "plane_refine_angle_deg": 0.04842889484985939
      }
    }
  }
}