{
  "source_file": "C:\\Users\\gkwld\\Desktop\\3D-Marker-Pose-Estimation\\CAD_to_PointCloud_conversion\\pointnet2\\result\\eval1_real_newmask_height_auto_boxexpand100\\train\\marker_points\\aug_000038_marker.xyz",
  "image_size": 512,
  "point_radius": 2,
  "view_margin": 1.2,
  "plane_fit_q": 0.8,
  "height_mode": "adaptive",
  "top_candidate_q": 0.85,
  "height_band_m": 0.03,
  "basis_mode": "global",
  "plane_refine_enabled": true,
  "flip_x": true,
  "align_2d": false,
  "align_method": "none",
  "color_mode": "raw_z",
  "color_ref": "marker_all_raw_z",
  "invert_jet": false,
  "color_min": 0.102039,
  "color_max": 0.310834,
  "color_q_min": 0.02,
  "color_q_max": 0.98,
  "plane_center": [
    -3.5123477472670546,
    -7.047837055700157,
    0.3096643037480605
  ],
  "plane_normal": [
    0.0046682124018393965,
    0.009467154565855045,
    0.9999442888358319
  ],
  "marker_origin": [
    -3.5123477472670546,
    -7.047837055700157,
    0.3096643037480605
  ],
  "image_u_axis_3d": [
    -0.9999891038361225,
    4.419516991218056e-05,
    0.004668003193610349
  ],
  "image_v_axis_3d": [
    0.0,
    0.9999551845103927,
    -0.009467257722637196
  ],
  "u_min": -1.1567952492223723,
  "u_max": 0.568773464647827,
  "v_min": -0.4688063805810525,
  "v_max": 1.256549865075621,
  "pixel_size_u_m": 0.0033768467981804295,
  "pixel_size_v_m": 0.003376431009112864,
  "back_projection_note": {
    "pixel_to_uv": "u = u_min + px * pixel_size_u_m, v = v_max - py * pixel_size_v_m",
    "flip_x_note": "if flip_x is true, saved uv and image_u_axis_3d are already mirrored, so use the same pixel_to_uv formula",
    "point_on_plane_3d": "marker_origin + u * image_u_axis_3d + v * image_v_axis_3d",
    "direction_3d": "du * image_u_axis_3d + dv * image_v_axis_3d"
  },
  "debug": {
    "total_points": 100000,
    "basis_mode": "global",
    "height_mode": "adaptive",
    "top_candidate_q": 0.85,
    "height_band_m_input": 0.03,
    "height_band_m_used": 0.015699878052085236,
    "id_height_center": 0.006364364751209063,
    "top_id_points": 25545,
    "selected_height_min": -0.009320432552400762,
    "selected_height_max": 0.014073333046271706,
    "height_min": -0.21972737179989793,
    "height_mean": -0.14583400957335071,
    "height_max": 0.014073333046271706,
    "height_q50": -0.19561506527629768,
    "height_q70": -0.19088803408531177,
    "height_q80": 0.001212822605412271,
    "height_q85": 0.0034692205306328366,
    "height_q90": 0.007194820176244582,
    "height_q95": 0.009169542567864846,
    "height_q99": 0.012708855083385978,
    "layer_selection": {
      "height_mode": "adaptive",
      "status": "adaptive_ok",
      "adaptive_search_q": 0.6,
      "adaptive_upper_q": 0.995,
      "adaptive_bins": 64,
      "adaptive_min_points": 300,
      "adaptive_chosen_bin": 63,
      "adaptive_bin_count": 3597,
      "adaptive_layer_bin_left": 59,
      "adaptive_layer_bin_right": 63,
      "adaptive_layer_lo": -0.0030385701741701687,
      "adaptive_layer_hi": 0.013134532641294312,
      "adaptive_layer_points": 24099,
      "adaptive_mad": 0.0035298075570136325,
      "adaptive_robust_sigma": 0.005233292684028412,
      "id_height_center": 0.006364364751209063,
      "height_band_m": 0.015699878052085236,
      "selected_height_min": -0.009320432552400762,
      "selected_height_max": 0.014073333046271706,
      "selected_points": 25545,
      "selected_ratio": 0.25545
    },
    "plane_estimation": {
      "plane_refine_used": true,
      "coarse_plane_points": 100000,
      "coarse_plane_center": [
        -3.22377222102002,
        -6.654359371700063,
        0.15874964064025368
      ],
      "coarse_plane_normal": [
        0.005690200122573406,
        0.008718541856601618,
        0.9999458028555646
      ],
      "coarse_id_layer": {
        "height_mode": "adaptive",
        "status": "adaptive_ok",
        "adaptive_search_q": 0.6,
        "adaptive_upper_q": 0.995,
        "adaptive_bins": 64,
        "adaptive_min_points": 300,
        "adaptive_chosen_bin": 63,
        "adaptive_bin_count": 3872,
        "adaptive_layer_bin_left": 59,
        "adaptive_layer_bin_right": 63,
        "adaptive_layer_lo": 0.14286297087965272,
        "adaptive_layer_hi": 0.15905905583173902,
        "adaptive_layer_points": 24075,
        "adaptive_mad": 0.003529874167067043,
        "adaptive_robust_sigma": 0.005233391440093597,
        "id_height_center": 0.15195486604009711,
        "height_band_m": 0.015700174320280792,
        "selected_height_min": 0.13625951250564464,
        "selected_height_max": 0.16000702364383676,
        "selected_points": 25559,
        "selected_ratio": 0.25559
      },
      "plate_support": {
        "plate_status": "ok",
        "plate_lower": -0.054768346670231546,
        "plate_upper": 0.1469548660400971,
        "plate_lo": 0.14380294084149825,
        "plate_hi": 0.1469548660400971,
        "plate_bins": 64,
        "plate_chosen_bin": 63,
        "plate_bin_count": 3842,
        "plate_left_bin": 63,
        "plate_right_bin": 63,
        "plate_points": 3842,
        "plate_min_points": 500,
        "plane_refine_angle_deg": 0.07258464889509383
      }
    }
  }
}