{
  "source_file": "C:\\Users\\gkwld\\Desktop\\3D-Marker-Pose-Estimation\\CAD_to_PointCloud_conversion\\pointnet2\\result\\eval1_real_newmask_height_auto_boxexpand100\\train\\marker_points\\aug_000097_marker.xyz",
  "image_size": 512,
  "point_radius": 2,
  "view_margin": 1.2,
  "plane_fit_q": 0.8,
  "height_mode": "adaptive",
  "top_candidate_q": 0.85,
  "height_band_m": 0.03,
  "basis_mode": "global",
  "plane_refine_enabled": true,
  "flip_x": true,
  "align_2d": false,
  "align_method": "none",
  "color_mode": "raw_z",
  "color_ref": "marker_all_raw_z",
  "invert_jet": false,
  "color_min": 0.101802,
  "color_max": 0.310834,
  "color_q_min": 0.02,
  "color_q_max": 0.98,
  "plane_center": [
    -5.233074167045091,
    9.566207175802761,
    0.3095189925397339
  ],
  "plane_normal": [
    0.009645832391603625,
    -0.004926411042971377,
    0.9999413424745018
  ],
  "marker_origin": [
    -5.233074167045091,
    9.566207175802761,
    0.3095189925397339
  ],
  "image_u_axis_3d": [
    -0.9999534778755826,
    -4.7521546015828316e-05,
    0.009645715330093554
  ],
  "image_v_axis_3d": [
    0.0,
    0.9999878640333284,
    0.0049266402407366905
  ],
  "u_min": -1.4520490140628481,
  "u_max": 0.5567158470586795,
  "v_min": -1.2440660552158491,
  "v_max": 0.7665243081238875,
  "pixel_size_u_m": 0.003931046694954066,
  "pixel_size_v_m": 0.0039346191063399935,
  "back_projection_note": {
    "pixel_to_uv": "u = u_min + px * pixel_size_u_m, v = v_max - py * pixel_size_v_m",
    "flip_x_note": "if flip_x is true, saved uv and image_u_axis_3d are already mirrored, so use the same pixel_to_uv formula",
    "point_on_plane_3d": "marker_origin + u * image_u_axis_3d + v * image_v_axis_3d",
    "direction_3d": "du * image_u_axis_3d + dv * image_v_axis_3d"
  },
  "debug": {
    "total_points": 100000,
    "basis_mode": "global",
    "height_mode": "adaptive",
    "top_candidate_q": 0.85,
    "height_band_m_input": 0.03,
    "height_band_m_used": 0.016201690822657284,
    "id_height_center": 0.006367527280367665,
    "top_id_points": 25826,
    "selected_height_min": -0.009802267943074018,
    "selected_height_max": 0.015103513177107451,
    "height_min": -0.21974079125533677,
    "height_mean": -0.1448801379546075,
    "height_max": 0.015103513177107451,
    "height_q50": -0.19538867972239032,
    "height_q70": -0.18992279421588423,
    "height_q80": 0.0018855225839614197,
    "height_q85": 0.004103918750974436,
    "height_q90": 0.007171258544387796,
    "height_q95": 0.010615390229086731,
    "height_q99": 0.013594178263717277,
    "layer_selection": {
      "height_mode": "adaptive",
      "status": "adaptive_ok",
      "adaptive_search_q": 0.6,
      "adaptive_upper_q": 0.995,
      "adaptive_bins": 64,
      "adaptive_min_points": 300,
      "adaptive_chosen_bin": 63,
      "adaptive_bin_count": 4168,
      "adaptive_layer_bin_left": 59,
      "adaptive_layer_bin_right": 63,
      "adaptive_layer_lo": -0.0021191318144722915,
      "adaptive_layer_hi": 0.014095061825630742,
      "adaptive_layer_points": 24130,
      "adaptive_mad": 0.003642630249259698,
      "adaptive_robust_sigma": 0.005400563607552428,
      "id_height_center": 0.006367527280367665,
      "height_band_m": 0.016201690822657284,
      "selected_height_min": -0.009802267943074018,
      "selected_height_max": 0.015103513177107451,
      "selected_points": 25826,
      "selected_ratio": 0.25826
    },
    "plane_estimation": {
      "plane_refine_used": true,
      "coarse_plane_points": 100000,
      "coarse_plane_center": [
        -4.786164165550035,
        9.333850975170147,
        0.15917453463025164
      ],
      "coarse_plane_normal": [
        0.00924209055415592,
        -0.0054192479193817195,
        0.9999426061090593
      ],
      "coarse_id_layer": {
        "height_mode": "adaptive",
        "status": "adaptive_ok",
        "adaptive_search_q": 0.6,
        "adaptive_upper_q": 0.995,
        "adaptive_bins": 64,
        "adaptive_min_points": 300,
        "adaptive_chosen_bin": 63,
        "adaptive_bin_count": 4443,
        "adaptive_layer_bin_left": 59,
        "adaptive_layer_bin_right": 63,
        "adaptive_layer_lo": 0.14268330960994996,
        "adaptive_layer_hi": 0.15889849054619518,
        "adaptive_layer_points": 24135,
        "adaptive_mad": 0.0036272558544726274,
        "adaptive_robust_sigma": 0.005377769529841117,
        "id_height_center": 0.15107848271937224,
        "height_band_m": 0.016133308589523353,
        "selected_height_min": 0.13494538628853714,
        "selected_height_max": 0.15990391007834548,
        "selected_points": 25836,
        "selected_ratio": 0.25836
      },
      "plate_support": {
        "plate_status": "ok",
        "plate_lower": -0.05526102110393362,
        "plate_upper": 0.14607848271937224,
        "plate_lo": 0.1429325529721331,
        "plate_hi": 0.14607848271937224,
        "plate_bins": 64,
        "plate_chosen_bin": 63,
        "plate_bin_count": 3083,
        "plate_left_bin": 63,
        "plate_right_bin": 63,
        "plate_points": 3083,
        "plate_min_points": 500,
        "plane_refine_angle_deg": 0.03650335958751403
      }
    }
  }
}