{
  "source_file": "C:\\Users\\gkwld\\Desktop\\3D-Marker-Pose-Estimation\\CAD_to_PointCloud_conversion\\pointnet2\\result\\eval1_real_newmask_height_auto_boxexpand100\\train\\marker_points\\aug_000010_marker.xyz",
  "image_size": 512,
  "point_radius": 2,
  "view_margin": 1.2,
  "plane_fit_q": 0.8,
  "height_mode": "adaptive",
  "top_candidate_q": 0.85,
  "height_band_m": 0.03,
  "basis_mode": "global",
  "plane_refine_enabled": true,
  "flip_x": true,
  "align_2d": false,
  "align_method": "none",
  "color_mode": "raw_z",
  "color_ref": "marker_all_raw_z",
  "invert_jet": false,
  "color_min": 0.101712,
  "color_max": 0.310834,
  "color_q_min": 0.02,
  "color_q_max": 0.98,
  "plane_center": [
    1.617066858265143,
    4.722165197054013,
    0.30959770409165305
  ],
  "plane_normal": [
    -0.00886841032206586,
    -0.006839063817377792,
    0.9999372872847884
  ],
  "marker_origin": [
    1.617066858265143,
    4.722165197054013,
    0.30959770409165305
  ],
  "image_u_axis_3d": [
    -0.9999606748749471,
    6.065400937768279e-05,
    -0.008868202903145378
  ],
  "image_v_axis_3d": [
    0.0,
    0.9999766114890853,
    0.006839332774987608
  ],
  "u_min": -0.4861929408668628,
  "u_max": 1.2810135668912135,
  "v_min": -1.2176972938571113,
  "v_max": 0.5496597413938241,
  "pixel_size_u_m": 0.0034583297607790144,
  "pixel_size_v_m": 0.0034586243351290326,
  "back_projection_note": {
    "pixel_to_uv": "u = u_min + px * pixel_size_u_m, v = v_max - py * pixel_size_v_m",
    "flip_x_note": "if flip_x is true, saved uv and image_u_axis_3d are already mirrored, so use the same pixel_to_uv formula",
    "point_on_plane_3d": "marker_origin + u * image_u_axis_3d + v * image_v_axis_3d",
    "direction_3d": "du * image_u_axis_3d + dv * image_v_axis_3d"
  },
  "debug": {
    "total_points": 100000,
    "basis_mode": "global",
    "height_mode": "adaptive",
    "top_candidate_q": 0.85,
    "height_band_m_input": 0.03,
    "height_band_m_used": 0.0164465955193864,
    "id_height_center": 0.0062658472494472725,
    "top_id_points": 25613,
    "selected_height_min": -0.010154649437605802,
    "selected_height_max": 0.015627401881797873,
    "height_min": -0.21981734593017066,
    "height_mean": -0.14513451379065107,
    "height_max": 0.015627401881797873,
    "height_q50": -0.1951016868397286,
    "height_q70": -0.1895651305413041,
    "height_q80": 0.0019606019309973154,
    "height_q85": 0.004284066043940815,
    "height_q90": 0.007087987884422551,
    "height_q95": 0.011137216036584206,
    "height_q99": 0.014113592011453478,
    "layer_selection": {
      "height_mode": "adaptive",
      "status": "adaptive_ok",
      "adaptive_search_q": 0.6,
      "adaptive_upper_q": 0.995,
      "adaptive_bins": 64,
      "adaptive_min_points": 300,
      "adaptive_chosen_bin": 63,
      "adaptive_bin_count": 4200,
      "adaptive_layer_bin_left": 59,
      "adaptive_layer_bin_right": 63,
      "adaptive_layer_lo": -0.0016234538179242253,
      "adaptive_layer_hi": 0.014608772876062133,
      "adaptive_layer_points": 23941,
      "adaptive_mad": 0.0036976922342251005,
      "adaptive_robust_sigma": 0.005482198506462133,
      "id_height_center": 0.0062658472494472725,
      "height_band_m": 0.0164465955193864,
      "selected_height_min": -0.010154649437605802,
      "selected_height_max": 0.015627401881797873,
      "selected_points": 25613,
      "selected_ratio": 0.25613
    },
    "plane_estimation": {
      "plane_refine_used": true,
      "coarse_plane_points": 100000,
      "coarse_plane_center": [
        1.2249903611900095,
        4.386437735620067,
        0.15868056909025016
      ],
      "coarse_plane_normal": [
        -0.00947309993169896,
        -0.006506798753546972,
        0.9999339587921119
      ],
      "coarse_id_layer": {
        "height_mode": "adaptive",
        "status": "adaptive_ok",
        "adaptive_search_q": 0.6,
        "adaptive_upper_q": 0.995,
        "adaptive_bins": 64,
        "adaptive_min_points": 300,
        "adaptive_chosen_bin": 63,
        "adaptive_bin_count": 4281,
        "adaptive_layer_bin_left": 59,
        "adaptive_layer_bin_right": 63,
        "adaptive_layer_lo": 0.14367407897785095,
        "adaptive_layer_hi": 0.15991550004901656,
        "adaptive_layer_points": 23814,
        "adaptive_mad": 0.0037249841877822487,
        "adaptive_robust_sigma": 0.0055226615568059615,
        "id_height_center": 0.15123954480697244,
        "height_band_m": 0.016567984670417885,
        "selected_height_min": 0.13473075281883318,
        "selected_height_max": 0.16095515773655394,
        "selected_points": 25614,
        "selected_ratio": 0.25614
      },
      "plate_support": {
        "plate_status": "ok",
        "plate_lower": -0.0550670618343204,
        "plate_upper": 0.14623954480697243,
        "plate_lo": 0.14309412907820224,
        "plate_hi": 0.14623954480697243,
        "plate_bins": 64,
        "plate_chosen_bin": 63,
        "plate_bin_count": 3055,
        "plate_left_bin": 63,
        "plate_right_bin": 63,
        "plate_points": 3055,
        "plate_min_points": 500,
        "plane_refine_angle_deg": 0.03953262198341692
      }
    }
  }
}