{
  "source_file": "C:\\Users\\gkwld\\Desktop\\3D-Marker-Pose-Estimation\\CAD_to_PointCloud_conversion\\pointnet2\\result\\eval1_real_newmask_height_auto_boxexpand100\\train\\marker_points\\aug_000076_marker.xyz",
  "image_size": 512,
  "point_radius": 2,
  "view_margin": 1.2,
  "plane_fit_q": 0.8,
  "height_mode": "adaptive",
  "top_candidate_q": 0.85,
  "height_band_m": 0.03,
  "basis_mode": "global",
  "plane_refine_enabled": true,
  "flip_x": true,
  "align_2d": false,
  "align_method": "none",
  "color_mode": "raw_z",
  "color_ref": "marker_all_raw_z",
  "invert_jet": false,
  "color_min": 0.102116,
  "color_max": 0.310834,
  "color_q_min": 0.02,
  "color_q_max": 0.98,
  "plane_center": [
    -5.111652982083606,
    -1.4401152448573313,
    0.3093332687458523
  ],
  "plane_normal": [
    0.0054513329232082075,
    -0.008960417985089793,
    0.9999449954256949
  ],
  "marker_origin": [
    -5.111652982083606,
    -1.4401152448573313,
    0.3093332687458523
  ],
  "image_u_axis_3d": [
    -0.9999851413732909,
    -4.8846947366286045e-05,
    0.0054511140710196
  ],
  "image_v_axis_3d": [
    0.0,
    0.9999598534548817,
    0.00896055112656513
  ],
  "u_min": -1.2616674613693617,
  "u_max": 0.8537770335828594,
  "v_min": -1.5092223748225129,
  "v_max": 0.6058745611074983,
  "pixel_size_u_m": 0.0041398131016677515,
  "pixel_size_v_m": 0.004139132947025462,
  "back_projection_note": {
    "pixel_to_uv": "u = u_min + px * pixel_size_u_m, v = v_max - py * pixel_size_v_m",
    "flip_x_note": "if flip_x is true, saved uv and image_u_axis_3d are already mirrored, so use the same pixel_to_uv formula",
    "point_on_plane_3d": "marker_origin + u * image_u_axis_3d + v * image_v_axis_3d",
    "direction_3d": "du * image_u_axis_3d + dv * image_v_axis_3d"
  },
  "debug": {
    "total_points": 100000,
    "basis_mode": "global",
    "height_mode": "adaptive",
    "top_candidate_q": 0.85,
    "height_band_m_input": 0.03,
    "height_band_m_used": 0.015649692707478815,
    "id_height_center": 0.006443437683346978,
    "top_id_points": 25932,
    "selected_height_min": -0.009182443036210455,
    "selected_height_max": 0.014640051074753257,
    "height_min": -0.21950784627960346,
    "height_mean": -0.1447323138998361,
    "height_max": 0.014640051074753257,
    "height_q50": -0.19547584965793008,
    "height_q70": -0.19025488472705418,
    "height_q80": 0.0019257925592698621,
    "height_q85": 0.004087284935381275,
    "height_q90": 0.007264287498455719,
    "height_q95": 0.01004982531691833,
    "height_q99": 0.01324479869476364,
    "layer_selection": {
      "height_mode": "adaptive",
      "status": "adaptive_ok",
      "adaptive_search_q": 0.6,
      "adaptive_upper_q": 0.995,
      "adaptive_bins": 64,
      "adaptive_min_points": 300,
      "adaptive_chosen_bin": 63,
      "adaptive_bin_count": 3983,
      "adaptive_layer_bin_left": 59,
      "adaptive_layer_bin_right": 63,
      "adaptive_layer_lo": -0.002505036448132991,
      "adaptive_layer_hi": 0.013689500802041727,
      "adaptive_layer_points": 24495,
      "adaptive_mad": 0.0035185243732809065,
      "adaptive_robust_sigma": 0.005216564235826272,
      "id_height_center": 0.006443437683346978,
      "height_band_m": 0.015649692707478815,
      "selected_height_min": -0.009182443036210455,
      "selected_height_max": 0.014640051074753257,
      "selected_points": 25932,
      "selected_ratio": 0.25932
    },
    "plane_estimation": {
      "plane_refine_used": true,
      "coarse_plane_points": 100000,
      "coarse_plane_center": [
        -4.9029751943300415,
        -1.885573260689997,
        0.1594636492202538
      ],
      "coarse_plane_normal": [
        0.004558696469235289,
        -0.008861122902835828,
        0.9999503481600486
      ],
      "coarse_id_layer": {
        "height_mode": "adaptive",
        "status": "adaptive_ok",
        "adaptive_search_q": 0.6,
        "adaptive_upper_q": 0.995,
        "adaptive_bins": 64,
        "adaptive_min_points": 300,
        "adaptive_chosen_bin": 63,
        "adaptive_bin_count": 4417,
        "adaptive_layer_bin_left": 59,
        "adaptive_layer_bin_right": 63,
        "adaptive_layer_lo": 0.14191290150629338,
        "adaptive_layer_hi": 0.15810270252888226,
        "adaptive_layer_points": 24573,
        "adaptive_mad": 0.003341220683156898,
        "adaptive_robust_sigma": 0.004953693784848417,
        "id_height_center": 0.15097419824147598,
        "height_band_m": 0.015,
        "selected_height_min": 0.13604128733111626,
        "selected_height_max": 0.15903064467928602,
        "selected_points": 25914,
        "selected_ratio": 0.25914
      },
      "plate_support": {
        "plate_status": "ok",
        "plate_lower": -0.05536964724855121,
        "plate_upper": 0.14597419824147598,
        "plate_lo": 0.1428282006556943,
        "plate_hi": 0.14597419824147598,
        "plate_bins": 64,
        "plate_chosen_bin": 63,
        "plate_bin_count": 3014,
        "plate_left_bin": 63,
        "plate_right_bin": 63,
        "plate_points": 3014,
        "plate_min_points": 500,
        "plane_refine_angle_deg": 0.0514607987703312
      }
    }
  }
}