{
  "source_file": "C:\\Users\\gkwld\\Desktop\\3D-Marker-Pose-Estimation\\CAD_to_PointCloud_conversion\\pointnet2\\result\\eval1_real_newmask_height_auto_boxexpand100\\train\\marker_points\\aug_000158_marker.xyz",
  "image_size": 512,
  "point_radius": 2,
  "view_margin": 1.2,
  "plane_fit_q": 0.8,
  "height_mode": "adaptive",
  "top_candidate_q": 0.85,
  "height_band_m": 0.03,
  "basis_mode": "global",
  "plane_refine_enabled": true,
  "flip_x": true,
  "align_2d": false,
  "align_method": "none",
  "color_mode": "raw_z",
  "color_ref": "marker_all_raw_z",
  "invert_jet": false,
  "color_min": 0.10335195999999999,
  "color_max": 0.312979,
  "color_q_min": 0.02,
  "color_q_max": 0.98,
  "plane_center": [
    -4.269828319511293,
    8.17505529951869,
    0.3114087297297392
  ],
  "plane_normal": [
    0.010383121228436714,
    -0.004910226146121439,
    0.9999340380598859
  ],
  "marker_origin": [
    -4.269828319511293,
    8.17505529951869,
    0.3114087297297392
  ],
  "image_u_axis_3d": [
    -0.9999460939428465,
    -5.0986221800302974e-05,
    0.010382996043973457
  ],
  "image_v_axis_3d": [
    0.0,
    0.9999879434661196,
    0.0049104908513170125
  ],
  "u_min": -1.5714421757480852,
  "u_max": 0.6292484491464688,
  "v_min": -1.2795406098908708,
  "v_max": 0.9162816664880362,
  "pixel_size_u_m": 0.004306635273766251,
  "pixel_size_v_m": 0.004297108172952852,
  "back_projection_note": {
    "pixel_to_uv": "u = u_min + px * pixel_size_u_m, v = v_max - py * pixel_size_v_m",
    "flip_x_note": "if flip_x is true, saved uv and image_u_axis_3d are already mirrored, so use the same pixel_to_uv formula",
    "point_on_plane_3d": "marker_origin + u * image_u_axis_3d + v * image_v_axis_3d",
    "direction_3d": "du * image_u_axis_3d + dv * image_v_axis_3d"
  },
  "debug": {
    "total_points": 100000,
    "basis_mode": "global",
    "height_mode": "adaptive",
    "top_candidate_q": 0.85,
    "height_band_m_input": 0.03,
    "height_band_m_used": 0.016420250677853535,
    "id_height_center": 0.006363803117499657,
    "top_id_points": 25457,
    "selected_height_min": -0.009897905459297644,
    "selected_height_max": 0.016036910696849677,
    "height_min": -0.22017924228493782,
    "height_mean": -0.14555961836623524,
    "height_max": 0.016036910696849677,
    "height_q50": -0.19530609968912113,
    "height_q70": -0.18960936021949726,
    "height_q80": 0.0020337243925535042,
    "height_q85": 0.004846800646159864,
    "height_q90": 0.007186069664655747,
    "height_q95": 0.0116778962469323,
    "height_q99": 0.01450804416421575,
    "layer_selection": {
      "height_mode": "adaptive",
      "status": "adaptive_ok",
      "adaptive_search_q": 0.6,
      "adaptive_upper_q": 0.995,
      "adaptive_bins": 64,
      "adaptive_min_points": 300,
      "adaptive_chosen_bin": 63,
      "adaptive_bin_count": 4375,
      "adaptive_layer_bin_left": 59,
      "adaptive_layer_bin_right": 63,
      "adaptive_layer_lo": -0.0012664486660456942,
      "adaptive_layer_hi": 0.015017808018304522,
      "adaptive_layer_points": 23579,
      "adaptive_mad": 0.0036917691168338353,
      "adaptive_robust_sigma": 0.005473416892617844,
      "id_height_center": 0.006363803117499657,
      "height_band_m": 0.016420250677853535,
      "selected_height_min": -0.009897905459297644,
      "selected_height_max": 0.016036910696849677,
      "selected_points": 25457,
      "selected_ratio": 0.25457
    },
    "plane_estimation": {
      "plane_refine_used": true,
      "coarse_plane_points": 100000,
      "coarse_plane_center": [
        -3.8000822476299825,
        7.999342092520009,
        0.160098908680226
      ],
      "coarse_plane_normal": [
        0.009999098392507816,
        -0.005336497665358368,
        0.9999357678481177
      ],
      "coarse_id_layer": {
        "height_mode": "adaptive",
        "status": "adaptive_ok",
        "adaptive_search_q": 0.6,
        "adaptive_upper_q": 0.995,
        "adaptive_bins": 64,
        "adaptive_min_points": 300,
        "adaptive_chosen_bin": 63,
        "adaptive_bin_count": 4699,
        "adaptive_layer_bin_left": 59,
        "adaptive_layer_bin_right": 63,
        "adaptive_layer_lo": 0.14415781225637758,
        "adaptive_layer_hi": 0.16043687953249766,
        "adaptive_layer_points": 23630,
        "adaptive_mad": 0.003543653873565672,
        "adaptive_robust_sigma": 0.005253821232948465,
        "id_height_center": 0.1517852976174504,
        "height_band_m": 0.015761463698845395,
        "selected_height_min": 0.1360320278334822,
        "selected_height_max": 0.1614214843246263,
        "selected_points": 25440,
        "selected_ratio": 0.2544
      },
      "plate_support": {
        "plate_status": "ok",
        "plate_lower": -0.05487038820967522,
        "plate_upper": 0.1467852976174504,
        "plate_lo": 0.14363442752640157,
        "plate_hi": 0.1467852976174504,
        "plate_bins": 64,
        "plate_chosen_bin": 63,
        "plate_bin_count": 2701,
        "plate_left_bin": 63,
        "plate_right_bin": 63,
        "plate_points": 2701,
        "plate_min_points": 500,
        "plane_refine_angle_deg": 0.03287339784443966
      }
    }
  }
}