{
  "source_file": "C:\\Users\\gkwld\\Desktop\\3D-Marker-Pose-Estimation\\CAD_to_PointCloud_conversion\\pointnet2\\result\\eval1_real_newmask_height_auto_boxexpand100\\train\\marker_points\\aug_000183_marker.xyz",
  "image_size": 512,
  "point_radius": 2,
  "view_margin": 1.2,
  "plane_fit_q": 0.8,
  "height_mode": "adaptive",
  "top_candidate_q": 0.85,
  "height_band_m": 0.03,
  "basis_mode": "global",
  "plane_refine_enabled": true,
  "flip_x": true,
  "align_2d": false,
  "align_method": "none",
  "color_mode": "raw_z",
  "color_ref": "marker_all_raw_z",
  "invert_jet": false,
  "color_min": 0.10370294000000001,
  "color_max": 0.312979,
  "color_q_min": 0.02,
  "color_q_max": 0.98,
  "plane_center": [
    1.9031072455679918,
    -5.6668457946390625,
    0.3126006076442566
  ],
  "plane_normal": [
    0.003132653166478851,
    0.004257554549733856,
    0.9999860297581136
  ],
  "marker_origin": [
    1.9031072455679918,
    -5.6668457946390625,
    0.3126006076442566
  ],
  "image_u_axis_3d": [
    -0.9999950932290311,
    1.3337507185746587e-05,
    0.0031326247736223997
  ],
  "image_v_axis_3d": [
    1.6940658945102945e-21,
    0.9999909364836098,
    -0.004257575440677168
  ],
  "u_min": -1.2647809244242614,
  "u_max": 1.010626067465729,
  "v_min": -0.9967829901355332,
  "v_max": 1.2804308287087434,
  "pixel_size_u_m": 0.004452851256144795,
  "pixel_size_v_m": 0.004456387121025982,
  "back_projection_note": {
    "pixel_to_uv": "u = u_min + px * pixel_size_u_m, v = v_max - py * pixel_size_v_m",
    "flip_x_note": "if flip_x is true, saved uv and image_u_axis_3d are already mirrored, so use the same pixel_to_uv formula",
    "point_on_plane_3d": "marker_origin + u * image_u_axis_3d + v * image_v_axis_3d",
    "direction_3d": "du * image_u_axis_3d + dv * image_v_axis_3d"
  },
  "debug": {
    "total_points": 100000,
    "basis_mode": "global",
    "height_mode": "adaptive",
    "top_candidate_q": 0.85,
    "height_band_m_input": 0.03,
    "height_band_m_used": 0.015,
    "id_height_center": 0.0007706132408711397,
    "top_id_points": 25683,
    "selected_height_min": -0.013539901086358783,
    "selected_height_max": 0.005050376881617269,
    "height_min": -0.21976726400702143,
    "height_mean": -0.15112829235243172,
    "height_max": 0.005050376881617269,
    "height_q50": -0.20229406817035658,
    "height_q70": -0.1998043685728076,
    "height_q80": -0.001049304736488759,
    "height_q85": 0.0001984163368837864,
    "height_q90": 0.0010055577120865512,
    "height_q95": 0.0036528500319054193,
    "height_q99": 0.004422949715418,
    "layer_selection": {
      "height_mode": "adaptive",
      "status": "adaptive_ok",
      "adaptive_search_q": 0.6,
      "adaptive_upper_q": 0.995,
      "adaptive_bins": 64,
      "adaptive_min_points": 300,
      "adaptive_chosen_bin": 63,
      "adaptive_bin_count": 7397,
      "adaptive_layer_bin_left": 62,
      "adaptive_layer_bin_right": 63,
      "adaptive_layer_lo": -0.0018148798256277798,
      "adaptive_layer_hi": 0.004625565545103823,
      "adaptive_layer_points": 21974,
      "adaptive_mad": 0.001301398003246833,
      "adaptive_robust_sigma": 0.0019294526796137545,
      "id_height_center": 0.0007706132408711397,
      "height_band_m": 0.015,
      "selected_height_min": -0.013539901086358783,
      "selected_height_max": 0.005050376881617269,
      "selected_points": 25683,
      "selected_ratio": 0.25683
    },
    "plane_estimation": {
      "plane_refine_used": true,
      "coarse_plane_points": 100000,
      "coarse_plane_center": [
        2.0246512305099795,
        -5.522340573960058,
        0.1604741960402277
      ],
      "coarse_plane_normal": [
        0.004262985585966173,
        0.010355044039603384,
        0.9999372980416481
      ],
      "coarse_id_layer": {
        "height_mode": "adaptive",
        "status": "adaptive_ok",
        "adaptive_search_q": 0.6,
        "adaptive_upper_q": 0.995,
        "adaptive_bins": 64,
        "adaptive_min_points": 300,
        "adaptive_chosen_bin": 63,
        "adaptive_bin_count": 5163,
        "adaptive_layer_bin_left": 63,
        "adaptive_layer_bin_right": 63,
        "adaptive_layer_lo": 0.1566071007119256,
        "adaptive_layer_hi": 0.1598593233253921,
        "adaptive_layer_points": 5163,
        "adaptive_mad": 0.0007445502489765721,
        "adaptive_robust_sigma": 0.0011038701991326657,
        "id_height_center": 0.15810458259476262,
        "height_band_m": 0.015,
        "selected_height_min": 0.14311103880207757,
        "selected_height_max": 0.16094263838543924,
        "selected_points": 24560,
        "selected_ratio": 0.2456
      },
      "plate_support": {
        "plate_status": "ok",
        "plate_lower": -0.055301563659692306,
        "plate_upper": 0.15310458259476262,
        "plate_lo": 0.1465918905243109,
        "plate_hi": 0.15310458259476262,
        "plate_bins": 64,
        "plate_chosen_bin": 63,
        "plate_bin_count": 8243,
        "plate_left_bin": 62,
        "plate_right_bin": 63,
        "plate_points": 14102,
        "plate_min_points": 500,
        "plane_refine_angle_deg": 0.35532406929730165
      }
    }
  }
}