{
  "source_file": "C:\\Users\\gkwld\\Desktop\\3D-Marker-Pose-Estimation\\CAD_to_PointCloud_conversion\\pointnet2\\result\\eval1_real_newmask_height_auto_boxexpand100\\train\\marker_points\\aug_000100_marker.xyz",
  "image_size": 512,
  "point_radius": 2,
  "view_margin": 1.2,
  "plane_fit_q": 0.8,
  "height_mode": "adaptive",
  "top_candidate_q": 0.85,
  "height_band_m": 0.03,
  "basis_mode": "global",
  "plane_refine_enabled": true,
  "flip_x": true,
  "align_2d": false,
  "align_method": "none",
  "color_mode": "raw_z",
  "color_ref": "marker_all_raw_z",
  "invert_jet": false,
  "color_min": 0.10328588,
  "color_max": 0.312979,
  "color_q_min": 0.02,
  "color_q_max": 0.98,
  "plane_center": [
    -9.258554850369519,
    -2.8326598662134264,
    0.31244444120603
  ],
  "plane_normal": [
    -0.002012289769992846,
    0.00406852061290266,
    0.9999896988608953
  ],
  "marker_origin": [
    -9.258554850369519,
    -2.8326598662134264,
    0.31244444120603
  ],
  "image_u_axis_3d": [
    -0.9999979753418912,
    -8.187058984328032e-06,
    -0.0020122731152770615
  ],
  "image_v_axis_3d": [
    0.0,
    0.9999917235012471,
    -0.0040685288502785195
  ],
  "u_min": -0.8190595707514607,
  "u_max": 1.0941374684285796,
  "v_min": -0.7637350524811798,
  "v_max": 1.1475939319658424,
  "pixel_size_u_m": 0.00374402551698638,
  "pixel_size_v_m": 0.003740369832577343,
  "back_projection_note": {
    "pixel_to_uv": "u = u_min + px * pixel_size_u_m, v = v_max - py * pixel_size_v_m",
    "flip_x_note": "if flip_x is true, saved uv and image_u_axis_3d are already mirrored, so use the same pixel_to_uv formula",
    "point_on_plane_3d": "marker_origin + u * image_u_axis_3d + v * image_v_axis_3d",
    "direction_3d": "du * image_u_axis_3d + dv * image_v_axis_3d"
  },
  "debug": {
    "total_points": 100000,
    "basis_mode": "global",
    "height_mode": "adaptive",
    "top_candidate_q": 0.85,
    "height_band_m_input": 0.03,
    "height_band_m_used": 0.015,
    "id_height_center": 0.000979790748748914,
    "top_id_points": 25529,
    "selected_height_min": -0.01290075839649581,
    "selected_height_max": 0.004638512877928206,
    "height_min": -0.21881181409492445,
    "height_mean": -0.1512524359402958,
    "height_max": 0.004638512877928206,
    "height_q50": -0.20225411868170268,
    "height_q70": -0.2002009706503501,
    "height_q80": -0.000529731100256609,
    "height_q85": 0.00048135664597320814,
    "height_q90": 0.001239012650667669,
    "height_q95": 0.003545475568600305,
    "height_q99": 0.004177262980622242,
    "layer_selection": {
      "height_mode": "adaptive",
      "status": "adaptive_ok",
      "adaptive_search_q": 0.6,
      "adaptive_upper_q": 0.995,
      "adaptive_bins": 64,
      "adaptive_min_points": 300,
      "adaptive_chosen_bin": 63,
      "adaptive_bin_count": 10414,
      "adaptive_layer_bin_left": 62,
      "adaptive_layer_bin_right": 63,
      "adaptive_layer_lo": -0.002111247662076182,
      "adaptive_layer_hi": 0.004320998813318037,
      "adaptive_layer_points": 22586,
      "adaptive_mad": 0.0011234592888301946,
      "adaptive_robust_sigma": 0.0016656407416196465,
      "id_height_center": 0.000979790748748914,
      "height_band_m": 0.015,
      "selected_height_min": -0.01290075839649581,
      "selected_height_max": 0.004638512877928206,
      "selected_points": 25529,
      "selected_ratio": 0.25529
    },
    "plane_estimation": {
      "plane_refine_used": true,
      "coarse_plane_points": 100000,
      "coarse_plane_center": [
        -9.397190838039913,
        -2.6438848555600307,
        0.16014342559022718
      ],
      "coarse_plane_normal": [
        -0.007586519857123172,
        0.008725382408785334,
        0.9999331539739434
      ],
      "coarse_id_layer": {
        "height_mode": "adaptive",
        "status": "adaptive_ok",
        "adaptive_search_q": 0.6,
        "adaptive_upper_q": 0.995,
        "adaptive_bins": 64,
        "adaptive_min_points": 300,
        "adaptive_chosen_bin": 63,
        "adaptive_bin_count": 5207,
        "adaptive_layer_bin_left": 63,
        "adaptive_layer_bin_right": 63,
        "adaptive_layer_lo": 0.1571754343160581,
        "adaptive_layer_hi": 0.16043015086276802,
        "adaptive_layer_points": 5207,
        "adaptive_mad": 0.0007246464829826771,
        "adaptive_robust_sigma": 0.001074360875670117,
        "id_height_center": 0.15865887849239393,
        "height_band_m": 0.015,
        "selected_height_min": 0.1436643773058821,
        "selected_height_max": 0.1614608954208953,
        "selected_points": 24318,
        "selected_ratio": 0.24318
      },
      "plate_support": {
        "plate_status": "ok",
        "plate_lower": -0.05516428399668513,
        "plate_upper": 0.15365887849239393,
        "plate_lo": 0.14387029275071836,
        "plate_hi": 0.15365887849239393,
        "plate_bins": 64,
        "plate_chosen_bin": 63,
        "plate_bin_count": 7823,
        "plate_left_bin": 61,
        "plate_right_bin": 63,
        "plate_points": 16915,
        "plate_min_points": 500,
        "plane_refine_angle_deg": 0.416181319593319
      }
    }
  }
}