{
  "source_file": "C:\\Users\\gkwld\\Desktop\\3D-Marker-Pose-Estimation\\CAD_to_PointCloud_conversion\\pointnet2\\result\\eval1_real_newmask_height_auto_boxexpand100\\train\\marker_points\\aug_000155_marker.xyz",
  "image_size": 512,
  "point_radius": 2,
  "view_margin": 1.2,
  "plane_fit_q": 0.8,
  "height_mode": "adaptive",
  "top_candidate_q": 0.85,
  "height_band_m": 0.03,
  "basis_mode": "global",
  "plane_refine_enabled": true,
  "flip_x": true,
  "align_2d": false,
  "align_method": "none",
  "color_mode": "raw_z",
  "color_ref": "marker_all_raw_z",
  "invert_jet": false,
  "color_min": 0.103255,
  "color_max": 0.312979,
  "color_q_min": 0.02,
  "color_q_max": 0.98,
  "plane_center": [
    5.7998614250456875,
    3.3987980489030982,
    0.31109804890311255
  ],
  "plane_normal": [
    -0.008101166161851732,
    0.007407260232615165,
    0.9999397499853001
  ],
  "marker_origin": [
    5.7998614250456875,
    3.3987980489030982,
    0.31109804890311255
  ],
  "image_u_axis_3d": [
    -0.9999671850139975,
    -6.000941515649032e-05,
    -0.00810094389881584
  ],
  "image_v_axis_3d": [
    1.355252715608236e-20,
    0.9999725640699931,
    -0.007407503309725181
  ],
  "u_min": -0.575679241719087,
  "u_max": 1.3878660313624784,
  "v_min": -0.6926972779240355,
  "v_max": 1.2687169093478836,
  "pixel_size_u_m": 0.0038425543504531615,
  "pixel_size_v_m": 0.0038383839281250862,
  "back_projection_note": {
    "pixel_to_uv": "u = u_min + px * pixel_size_u_m, v = v_max - py * pixel_size_v_m",
    "flip_x_note": "if flip_x is true, saved uv and image_u_axis_3d are already mirrored, so use the same pixel_to_uv formula",
    "point_on_plane_3d": "marker_origin + u * image_u_axis_3d + v * image_v_axis_3d",
    "direction_3d": "du * image_u_axis_3d + dv * image_v_axis_3d"
  },
  "debug": {
    "total_points": 100000,
    "basis_mode": "global",
    "height_mode": "adaptive",
    "top_candidate_q": 0.85,
    "height_band_m_input": 0.03,
    "height_band_m_used": 0.015114573684499179,
    "id_height_center": 0.006198740921381187,
    "top_id_points": 25536,
    "selected_height_min": -0.008866367268753563,
    "selected_height_max": 0.01560532452478541,
    "height_min": -0.21964743569615447,
    "height_mean": -0.1453314771826925,
    "height_max": 0.01560532452478541,
    "height_q50": -0.19541364363423686,
    "height_q70": -0.18991501723540954,
    "height_q80": 0.0023546223021885817,
    "height_q85": 0.005240579212425417,
    "height_q90": 0.007004238687734684,
    "height_q95": 0.011652826840590902,
    "height_q99": 0.01403762459371809,
    "layer_selection": {
      "height_mode": "adaptive",
      "status": "adaptive_ok",
      "adaptive_search_q": 0.6,
      "adaptive_upper_q": 0.995,
      "adaptive_bins": 64,
      "adaptive_min_points": 300,
      "adaptive_chosen_bin": 63,
      "adaptive_bin_count": 5041,
      "adaptive_layer_bin_left": 59,
      "adaptive_layer_bin_right": 63,
      "adaptive_layer_lo": -0.0017159073000205527,
      "adaptive_layer_hi": 0.01454581072240059,
      "adaptive_layer_points": 23982,
      "adaptive_mad": 0.00339821342787427,
      "adaptive_robust_sigma": 0.005038191228166393,
      "id_height_center": 0.006198740921381187,
      "height_band_m": 0.015114573684499179,
      "selected_height_min": -0.008866367268753563,
      "selected_height_max": 0.01560532452478541,
      "selected_points": 25536,
      "selected_ratio": 0.25536
    },
    "plane_estimation": {
      "plane_refine_used": true,
      "coarse_plane_points": 100000,
      "coarse_plane_center": [
        5.392520589439977,
        3.6801164635900636,
        0.16037375608022766
      ],
      "coarse_plane_normal": [
        -0.00728615822038474,
        0.00727205032079331,
        0.9999470131864585
      ],
      "coarse_id_layer": {
        "height_mode": "adaptive",
        "status": "adaptive_ok",
        "adaptive_search_q": 0.6,
        "adaptive_upper_q": 0.995,
        "adaptive_bins": 64,
        "adaptive_min_points": 300,
        "adaptive_chosen_bin": 63,
        "adaptive_bin_count": 5503,
        "adaptive_layer_bin_left": 60,
        "adaptive_layer_bin_right": 63,
        "adaptive_layer_lo": 0.1463903453513206,
        "adaptive_layer_hi": 0.15938289632986907,
        "adaptive_layer_points": 22261,
        "adaptive_mad": 0.002940035828666976,
        "adaptive_robust_sigma": 0.004358897119581658,
        "id_height_center": 0.15172474550158643,
        "height_band_m": 0.015,
        "selected_height_min": 0.1367381239098124,
        "selected_height_max": 0.16035123197729073,
        "selected_points": 25543,
        "selected_ratio": 0.25543
      },
      "plate_support": {
        "plate_status": "ok",
        "plate_lower": -0.05504404476057761,
        "plate_upper": 0.14672474550158643,
        "plate_lo": 0.1435721081537401,
        "plate_hi": 0.14672474550158643,
        "plate_bins": 64,
        "plate_chosen_bin": 63,
        "plate_bin_count": 2188,
        "plate_left_bin": 63,
        "plate_right_bin": 63,
        "plate_points": 2188,
        "plate_min_points": 500,
        "plane_refine_angle_deg": 0.04733673340230265
      }
    }
  }
}