{
  "source_file": "C:\\Users\\gkwld\\Desktop\\3D-Marker-Pose-Estimation\\CAD_to_PointCloud_conversion\\pointnet2\\result\\eval1_real_newmask_height_auto_boxexpand100\\train\\marker_points\\aug_000065_marker.xyz",
  "image_size": 512,
  "point_radius": 2,
  "view_margin": 1.2,
  "plane_fit_q": 0.8,
  "height_mode": "adaptive",
  "top_candidate_q": 0.85,
  "height_band_m": 0.03,
  "basis_mode": "global",
  "plane_refine_enabled": true,
  "flip_x": true,
  "align_2d": false,
  "align_method": "none",
  "color_mode": "raw_z",
  "color_ref": "marker_all_raw_z",
  "invert_jet": false,
  "color_min": 0.102009,
  "color_max": 0.310834,
  "color_q_min": 0.02,
  "color_q_max": 0.98,
  "plane_center": [
    3.848990332480816,
    4.422214334015329,
    0.30985963759592233
  ],
  "plane_normal": [
    0.006140625443097162,
    -0.009160477548324159,
    0.9999391873350371
  ],
  "marker_origin": [
    3.848990332480816,
    4.422214334015329,
    0.30985963759592233
  ],
  "image_u_axis_3d": [
    -0.9999811461808507,
    -5.625212207138345e-05,
    0.006140367784670871
  ],
  "image_v_axis_3d": [
    0.0,
    0.9999580403620871,
    0.009160650261558321
  ],
  "u_min": -1.2657321314265018,
  "u_max": 0.7173008816718303,
  "v_min": -1.4172512648497202,
  "v_max": 0.5666030687941404,
  "pixel_size_u_m": 0.0038806908279810804,
  "pixel_size_v_m": 0.003882298108892095,
  "back_projection_note": {
    "pixel_to_uv": "u = u_min + px * pixel_size_u_m, v = v_max - py * pixel_size_v_m",
    "flip_x_note": "if flip_x is true, saved uv and image_u_axis_3d are already mirrored, so use the same pixel_to_uv formula",
    "point_on_plane_3d": "marker_origin + u * image_u_axis_3d + v * image_v_axis_3d",
    "direction_3d": "du * image_u_axis_3d + dv * image_v_axis_3d"
  },
  "debug": {
    "total_points": 100000,
    "basis_mode": "global",
    "height_mode": "adaptive",
    "top_candidate_q": 0.85,
    "height_band_m_input": 0.03,
    "height_band_m_used": 0.01634186431136505,
    "id_height_center": 0.006068747818152938,
    "top_id_points": 25844,
    "selected_height_min": -0.010259060543086769,
    "selected_height_max": 0.015007838312386742,
    "height_min": -0.2201679080405704,
    "height_mean": -0.14511871888705352,
    "height_max": 0.015007838312386742,
    "height_q50": -0.19556689559855817,
    "height_q70": -0.19000462882248392,
    "height_q80": 0.0015322126399465738,
    "height_q85": 0.0036510701214051006,
    "height_q90": 0.00687690593965481,
    "height_q95": 0.010309680496831205,
    "height_q99": 0.013512672157016141,
    "layer_selection": {
      "height_mode": "adaptive",
      "status": "adaptive_ok",
      "adaptive_search_q": 0.6,
      "adaptive_upper_q": 0.995,
      "adaptive_bins": 64,
      "adaptive_min_points": 300,
      "adaptive_chosen_bin": 63,
      "adaptive_bin_count": 3940,
      "adaptive_layer_bin_left": 59,
      "adaptive_layer_bin_right": 63,
      "adaptive_layer_lo": -0.0022588283974074863,
      "adaptive_layer_hi": 0.013954692153165478,
      "adaptive_layer_points": 24118,
      "adaptive_mad": 0.0036741454902120257,
      "adaptive_robust_sigma": 0.005447288103788349,
      "id_height_center": 0.006068747818152938,
      "height_band_m": 0.01634186431136505,
      "selected_height_min": -0.010259060543086769,
      "selected_height_max": 0.015007838312386742,
      "selected_points": 25844,
      "selected_ratio": 0.25844
    },
    "plane_estimation": {
      "plane_refine_used": true,
      "coarse_plane_points": 100000,
      "coarse_plane_center": [
        4.125944999050002,
        4.003315110340019,
        0.1591937645102527
      ],
      "coarse_plane_normal": [
        0.005981500725153737,
        -0.010318226847455236,
        0.9999288753915447
      ],
      "coarse_id_layer": {
        "height_mode": "adaptive",
        "status": "adaptive_ok",
        "adaptive_search_q": 0.6,
        "adaptive_upper_q": 0.995,
        "adaptive_bins": 64,
        "adaptive_min_points": 300,
        "adaptive_chosen_bin": 63,
        "adaptive_bin_count": 3859,
        "adaptive_layer_bin_left": 59,
        "adaptive_layer_bin_right": 63,
        "adaptive_layer_lo": 0.14343988400469526,
        "adaptive_layer_hi": 0.15968055610630796,
        "adaptive_layer_points": 23627,
        "adaptive_mad": 0.0039212116403048725,
        "adaptive_robust_sigma": 0.005813588377916004,
        "id_height_center": 0.15102870922769923,
        "height_band_m": 0.01744076513374801,
        "selected_height_min": 0.13367470822583485,
        "selected_height_max": 0.1608322609437319,
        "selected_points": 25882,
        "selected_ratio": 0.25882
      },
      "plate_support": {
        "plate_status": "ok",
        "plate_lower": -0.0555589632035534,
        "plate_upper": 0.14602870922769923,
        "plate_lo": 0.14287890184596092,
        "plate_hi": 0.14602870922769923,
        "plate_bins": 64,
        "plate_chosen_bin": 63,
        "plate_bin_count": 3910,
        "plate_left_bin": 63,
        "plate_right_bin": 63,
        "plate_points": 3910,
        "plate_min_points": 500,
        "plane_refine_angle_deg": 0.06696047240551532
      }
    }
  }
}