{
  "source_file": "C:\\Users\\gkwld\\Desktop\\3D-Marker-Pose-Estimation\\CAD_to_PointCloud_conversion\\pointnet2\\result\\eval1_real_newmask_height_auto_boxexpand100\\train\\marker_points\\aug_000032_marker.xyz",
  "image_size": 512,
  "point_radius": 2,
  "view_margin": 1.2,
  "plane_fit_q": 0.8,
  "height_mode": "adaptive",
  "top_candidate_q": 0.85,
  "height_band_m": 0.03,
  "basis_mode": "global",
  "plane_refine_enabled": true,
  "flip_x": true,
  "align_2d": false,
  "align_method": "none",
  "color_mode": "raw_z",
  "color_ref": "marker_all_raw_z",
  "invert_jet": false,
  "color_min": 0.10164866,
  "color_max": 0.310834,
  "color_q_min": 0.02,
  "color_q_max": 0.98,
  "plane_center": [
    -1.5381789550878688,
    6.076298881102191,
    0.3100054586678515
  ],
  "plane_normal": [
    0.010425013526374644,
    0.002821142941973257,
    0.9999416784210347
  ],
  "marker_origin": [
    -1.5381789550878688,
    6.076298881102191,
    0.3100054586678515
  ],
  "image_u_axis_3d": [
    -0.9999456580689648,
    2.9412051637530432e-05,
    0.01042497203621564
  ],
  "image_v_axis_3d": [
    -6.77626357804118e-21,
    0.9999960201347965,
    -0.0028212962566570455
  ],
  "u_min": -1.6356138393778918,
  "u_max": 0.672947061166736,
  "v_min": -1.0831382703195656,
  "v_max": 1.226462631100836,
  "pixel_size_u_m": 0.004517731703609839,
  "pixel_size_v_m": 0.004519766930372606,
  "back_projection_note": {
    "pixel_to_uv": "u = u_min + px * pixel_size_u_m, v = v_max - py * pixel_size_v_m",
    "flip_x_note": "if flip_x is true, saved uv and image_u_axis_3d are already mirrored, so use the same pixel_to_uv formula",
    "point_on_plane_3d": "marker_origin + u * image_u_axis_3d + v * image_v_axis_3d",
    "direction_3d": "du * image_u_axis_3d + dv * image_v_axis_3d"
  },
  "debug": {
    "total_points": 100000,
    "basis_mode": "global",
    "height_mode": "adaptive",
    "top_candidate_q": 0.85,
    "height_band_m_input": 0.03,
    "height_band_m_used": 0.01620646908805457,
    "id_height_center": 0.0060016722501768744,
    "top_id_points": 25641,
    "selected_height_min": -0.010192260845795047,
    "selected_height_max": 0.014119864344502022,
    "height_min": -0.22025966562280355,
    "height_mean": -0.1459495332856845,
    "height_max": 0.014119864344502022,
    "height_q50": -0.19580320438363025,
    "height_q70": -0.19086361330573057,
    "height_q80": 0.0009689778586214904,
    "height_q85": 0.0030642188599854098,
    "height_q90": 0.006870162772516389,
    "height_q95": 0.009170562286821003,
    "height_q99": 0.01268784124413772,
    "layer_selection": {
      "height_mode": "adaptive",
      "status": "adaptive_ok",
      "adaptive_search_q": 0.6,
      "adaptive_upper_q": 0.995,
      "adaptive_bins": 64,
      "adaptive_min_points": 300,
      "adaptive_chosen_bin": 63,
      "adaptive_bin_count": 3592,
      "adaptive_layer_bin_left": 59,
      "adaptive_layer_bin_right": 63,
      "adaptive_layer_lo": -0.0030168978687303005,
      "adaptive_layer_hi": 0.013170082238061006,
      "adaptive_layer_points": 24093,
      "adaptive_mad": 0.0036437045478786307,
      "adaptive_robust_sigma": 0.005402156362684858,
      "id_height_center": 0.0060016722501768744,
      "height_band_m": 0.01620646908805457,
      "selected_height_min": -0.010192260845795047,
      "selected_height_max": 0.014119864344502022,
      "selected_points": 25641,
      "selected_ratio": 0.25641
    },
    "plane_estimation": {
      "plane_refine_used": true,
      "coarse_plane_points": 100000,
      "coarse_plane_center": [
        -1.0596260451300097,
        6.153071239850051,
        0.15884160291025032
      ],
      "coarse_plane_normal": [
        0.0118400408432508,
        0.001637844268207705,
        0.9999285628968618
      ],
      "coarse_id_layer": {
        "height_mode": "adaptive",
        "status": "adaptive_ok",
        "adaptive_search_q": 0.6,
        "adaptive_upper_q": 0.995,
        "adaptive_bins": 64,
        "adaptive_min_points": 300,
        "adaptive_chosen_bin": 63,
        "adaptive_bin_count": 3535,
        "adaptive_layer_bin_left": 59,
        "adaptive_layer_bin_right": 63,
        "adaptive_layer_lo": 0.1437986564787104,
        "adaptive_layer_hi": 0.1600350396065838,
        "adaptive_layer_points": 23478,
        "adaptive_mad": 0.003941469929170216,
        "adaptive_robust_sigma": 0.005843623316987762,
        "id_height_center": 0.15173869908220783,
        "height_band_m": 0.017530869950963285,
        "selected_height_min": 0.1342563472068349,
        "selected_height_max": 0.16113052497585714,
        "selected_points": 25699,
        "selected_ratio": 0.25699
      },
      "plate_support": {
        "plate_status": "ok",
        "plate_lower": -0.055170853030483843,
        "plate_upper": 0.14673869908220782,
        "plate_lo": 0.143583862330447,
        "plate_hi": 0.14673869908220782,
        "plate_bins": 64,
        "plate_chosen_bin": 63,
        "plate_bin_count": 4609,
        "plate_left_bin": 63,
        "plate_right_bin": 63,
        "plate_points": 4609,
        "plate_min_points": 500,
        "plane_refine_angle_deg": 0.10568974988422804
      }
    }
  }
}