{
  "source_file": "C:\\Users\\gkwld\\Desktop\\3D-Marker-Pose-Estimation\\CAD_to_PointCloud_conversion\\pointnet2\\result\\eval1_real_newmask_height_auto_boxexpand100\\train\\marker_points\\aug_000131_marker.xyz",
  "image_size": 512,
  "point_radius": 2,
  "view_margin": 1.2,
  "plane_fit_q": 0.8,
  "height_mode": "adaptive",
  "top_candidate_q": 0.85,
  "height_band_m": 0.03,
  "basis_mode": "global",
  "plane_refine_enabled": true,
  "flip_x": true,
  "align_2d": false,
  "align_method": "none",
  "color_mode": "raw_z",
  "color_ref": "marker_all_raw_z",
  "invert_jet": false,
  "color_min": 0.10326354,
  "color_max": 0.312979,
  "color_q_min": 0.02,
  "color_q_max": 0.98,
  "plane_center": [
    -6.52983428149351,
    -3.3945320496753304,
    0.3117065344155979
  ],
  "plane_normal": [
    -0.0009412107192345949,
    0.011425482658861194,
    0.9999342840739056
  ],
  "marker_origin": [
    -6.52983428149351,
    -3.3945320496753304,
    0.3117065344155979
  ],
  "image_u_axis_3d": [
    -0.9999995570600929,
    -1.0753791514211041e-05,
    -0.0009411492835712244
  ],
  "image_v_axis_3d": [
    1.694065894510295e-21,
    0.9999347269839007,
    -0.011425487719654239
  ],
  "u_min": -1.055543484552123,
  "u_max": 1.223416444160223,
  "v_min": -0.6316681347987296,
  "v_max": 1.647910837340324,
  "pixel_size_u_m": 0.004459804165777586,
  "pixel_size_v_m": 0.004461015601054899,
  "back_projection_note": {
    "pixel_to_uv": "u = u_min + px * pixel_size_u_m, v = v_max - py * pixel_size_v_m",
    "flip_x_note": "if flip_x is true, saved uv and image_u_axis_3d are already mirrored, so use the same pixel_to_uv formula",
    "point_on_plane_3d": "marker_origin + u * image_u_axis_3d + v * image_v_axis_3d",
    "direction_3d": "du * image_u_axis_3d + dv * image_v_axis_3d"
  },
  "debug": {
    "total_points": 100000,
    "basis_mode": "global",
    "height_mode": "adaptive",
    "top_candidate_q": 0.85,
    "height_band_m_input": 0.03,
    "height_band_m_used": 0.01645503549820564,
    "id_height_center": 0.00623797408502828,
    "top_id_points": 25566,
    "selected_height_min": -0.010194861134048857,
    "selected_height_max": 0.015941800608656957,
    "height_min": -0.2203688115673569,
    "height_mean": -0.14550180057386009,
    "height_max": 0.015941800608656957,
    "height_q50": -0.1954547848071826,
    "height_q70": -0.18967400031618706,
    "height_q80": 0.001946849633166974,
    "height_q85": 0.004657385319005976,
    "height_q90": 0.007071186518485633,
    "height_q95": 0.011411733266749982,
    "height_q99": 0.014319578626157502,
    "layer_selection": {
      "height_mode": "adaptive",
      "status": "adaptive_ok",
      "adaptive_search_q": 0.6,
      "adaptive_upper_q": 0.995,
      "adaptive_bins": 64,
      "adaptive_min_points": 300,
      "adaptive_chosen_bin": 63,
      "adaptive_bin_count": 4282,
      "adaptive_layer_bin_left": 59,
      "adaptive_layer_bin_right": 63,
      "adaptive_layer_lo": -0.0014560125291783188,
      "adaptive_layer_hi": 0.014818005580053277,
      "adaptive_layer_points": 23804,
      "adaptive_mad": 0.003699589796799685,
      "adaptive_robust_sigma": 0.005485011832735213,
      "id_height_center": 0.00623797408502828,
      "height_band_m": 0.01645503549820564,
      "selected_height_min": -0.010194861134048857,
      "selected_height_max": 0.015941800608656957,
      "selected_points": 25566,
      "selected_ratio": 0.25566
    },
    "plane_estimation": {
      "plane_refine_used": true,
      "coarse_plane_points": 100000,
      "coarse_plane_center": [
        -6.617979925759985,
        -2.888139895370019,
        0.16032604733022762
      ],
      "coarse_plane_normal": [
        -0.00014551088771064583,
        0.011967822572538627,
        0.9999283724584747
      ],
      "coarse_id_layer": {
        "height_mode": "adaptive",
        "status": "adaptive_ok",
        "adaptive_search_q": 0.6,
        "adaptive_upper_q": 0.995,
        "adaptive_bins": 64,
        "adaptive_min_points": 300,
        "adaptive_chosen_bin": 63,
        "adaptive_bin_count": 4425,
        "adaptive_layer_bin_left": 59,
        "adaptive_layer_bin_right": 63,
        "adaptive_layer_lo": 0.14432066716922537,
        "adaptive_layer_hi": 0.1606067829131102,
        "adaptive_layer_points": 23459,
        "adaptive_mad": 0.0036988431782356557,
        "adaptive_robust_sigma": 0.0054839048960521825,
        "id_height_center": 0.1515574788445111,
        "height_band_m": 0.01645171468815655,
        "selected_height_min": 0.13513425072231422,
        "selected_height_max": 0.16174661993341238,
        "selected_points": 25562,
        "selected_ratio": 0.25562
      },
      "plate_support": {
        "plate_status": "ok",
        "plate_lower": -0.05527785141331002,
        "plate_upper": 0.1465574788445111,
        "plate_lo": 0.14340380180923262,
        "plate_hi": 0.1465574788445111,
        "plate_bins": 64,
        "plate_chosen_bin": 63,
        "plate_bin_count": 3080,
        "plate_left_bin": 63,
        "plate_right_bin": 63,
        "plate_points": 3080,
        "plate_min_points": 500,
        "plane_refine_angle_deg": 0.05517407519368921
      }
    }
  }
}