{
  "source_file": "C:\\Users\\gkwld\\Desktop\\3D-Marker-Pose-Estimation\\CAD_to_PointCloud_conversion\\pointnet2\\result\\eval1_real_newmask_height_auto_boxexpand100\\train\\marker_points\\aug_000178_marker.xyz",
  "image_size": 512,
  "point_radius": 2,
  "view_margin": 1.2,
  "plane_fit_q": 0.8,
  "height_mode": "adaptive",
  "top_candidate_q": 0.85,
  "height_band_m": 0.03,
  "basis_mode": "global",
  "plane_refine_enabled": true,
  "flip_x": true,
  "align_2d": false,
  "align_method": "none",
  "color_mode": "raw_z",
  "color_ref": "marker_all_raw_z",
  "invert_jet": false,
  "color_min": 0.103221,
  "color_max": 0.312979,
  "color_q_min": 0.02,
  "color_q_max": 0.98,
  "plane_center": [
    -8.675194170707613,
    1.2443779015059042,
    0.31244862050119565
  ],
  "plane_normal": [
    -4.423788359219602e-05,
    0.0045645862883045415,
    0.9999895812422379
  ],
  "marker_origin": [
    -8.675194170707613,
    1.2443779015059042,
    0.31244862050119565
  ],
  "image_u_axis_3d": [
    -0.9999999990205048,
    -2.0192763706593372e-07,
    -4.423742273164483e-05
  ],
  "image_v_axis_3d": [
    -2.646977960172336e-23,
    0.9999895822207229,
    -0.004564586292770966
  ],
  "u_min": -0.9607968959208872,
  "u_max": 1.034863305944184,
  "v_min": -0.7693425600230301,
  "v_max": 1.2268410998380161,
  "pixel_size_u_m": 0.003905401569207576,
  "pixel_size_v_m": 0.003906425948847448,
  "back_projection_note": {
    "pixel_to_uv": "u = u_min + px * pixel_size_u_m, v = v_max - py * pixel_size_v_m",
    "flip_x_note": "if flip_x is true, saved uv and image_u_axis_3d are already mirrored, so use the same pixel_to_uv formula",
    "point_on_plane_3d": "marker_origin + u * image_u_axis_3d + v * image_v_axis_3d",
    "direction_3d": "du * image_u_axis_3d + dv * image_v_axis_3d"
  },
  "debug": {
    "total_points": 100000,
    "basis_mode": "global",
    "height_mode": "adaptive",
    "top_candidate_q": 0.85,
    "height_band_m_input": 0.03,
    "height_band_m_used": 0.015,
    "id_height_center": 0.0009557156258194945,
    "top_id_points": 25839,
    "selected_height_min": -0.012925513867056645,
    "selected_height_max": 0.0046232251259104695,
    "height_min": -0.21881548684578625,
    "height_mean": -0.15064575276649936,
    "height_max": 0.0046232251259104695,
    "height_q50": -0.20223557549448354,
    "height_q70": -0.20016813764090205,
    "height_q80": -0.00048786817855809027,
    "height_q85": 0.000507982925293329,
    "height_q90": 0.0012454862364206932,
    "height_q95": 0.003553590158866517,
    "height_q99": 0.004159195448858617,
    "layer_selection": {
      "height_mode": "adaptive",
      "status": "adaptive_ok",
      "adaptive_search_q": 0.6,
      "adaptive_upper_q": 0.995,
      "adaptive_bins": 64,
      "adaptive_min_points": 300,
      "adaptive_chosen_bin": 63,
      "adaptive_bin_count": 10525,
      "adaptive_layer_bin_left": 62,
      "adaptive_layer_bin_right": 63,
      "adaptive_layer_lo": -0.0021216319882942924,
      "adaptive_layer_hi": 0.004309051665435824,
      "adaptive_layer_points": 22892,
      "adaptive_mad": 0.0010764208769044165,
      "adaptive_robust_sigma": 0.001595901592098488,
      "id_height_center": 0.0009557156258194945,
      "height_band_m": 0.015,
      "selected_height_min": -0.012925513867056645,
      "selected_height_max": 0.0046232251259104695,
      "selected_points": 25839,
      "selected_ratio": 0.25839
    },
    "plane_estimation": {
      "plane_refine_used": true,
      "coarse_plane_points": 100000,
      "coarse_plane_center": [
        -8.715109264310094,
        1.470737752899998,
        0.16076628256022737
      ],
      "coarse_plane_normal": [
        -0.0027282208075835525,
        0.011156814861434107,
        0.9999340389702578
      ],
      "coarse_id_layer": {
        "height_mode": "adaptive",
        "status": "adaptive_ok",
        "adaptive_search_q": 0.6,
        "adaptive_upper_q": 0.995,
        "adaptive_bins": 64,
        "adaptive_min_points": 300,
        "adaptive_chosen_bin": 63,
        "adaptive_bin_count": 5330,
        "adaptive_layer_bin_left": 63,
        "adaptive_layer_bin_right": 63,
        "adaptive_layer_lo": 0.15645601959277933,
        "adaptive_layer_hi": 0.15970806076145622,
        "adaptive_layer_points": 5330,
        "adaptive_mad": 0.000707049970851692,
        "adaptive_robust_sigma": 0.0010482722867847184,
        "id_height_center": 0.15796401487544237,
        "height_band_m": 0.015,
        "selected_height_min": 0.14296550879793182,
        "selected_height_max": 0.16069897439534836,
        "selected_points": 24619,
        "selected_ratio": 0.24619
      },
      "plate_support": {
        "plate_status": "ok",
        "plate_lower": -0.05589445845351133,
        "plate_upper": 0.15296401487544237,
        "plate_lo": 0.14317377393814767,
        "plate_hi": 0.15296401487544237,
        "plate_bins": 64,
        "plate_chosen_bin": 63,
        "plate_bin_count": 8376,
        "plate_left_bin": 61,
        "plate_right_bin": 63,
        "plate_points": 17199,
        "plate_min_points": 500,
        "plane_refine_angle_deg": 0.4078258074466189
      }
    }
  }
}