{
  "source_file": "C:\\Users\\gkwld\\Desktop\\3D-Marker-Pose-Estimation\\CAD_to_PointCloud_conversion\\pointnet2\\result\\eval1_real_newmask_height_auto_boxexpand100\\train\\marker_points\\aug_000048_marker.xyz",
  "image_size": 512,
  "point_radius": 2,
  "view_margin": 1.2,
  "plane_fit_q": 0.8,
  "height_mode": "adaptive",
  "top_candidate_q": 0.85,
  "height_band_m": 0.03,
  "basis_mode": "global",
  "plane_refine_enabled": true,
  "flip_x": true,
  "align_2d": false,
  "align_method": "none",
  "color_mode": "raw_z",
  "color_ref": "marker_all_raw_z",
  "invert_jet": false,
  "color_min": 0.101794,
  "color_max": 0.310834,
  "color_q_min": 0.02,
  "color_q_max": 0.98,
  "plane_center": [
    -6.579382128917194,
    -1.4444818140127382,
    0.30990245095542873
  ],
  "plane_normal": [
    0.0030656639199256592,
    0.010462153923928515,
    0.9999405707530834
  ],
  "marker_origin": [
    -6.579382128917194,
    -1.4444818140127382,
    0.30990245095542873
  ],
  "image_u_axis_3d": [
    -0.9999953008403241,
    3.207359852819303e-05,
    0.0030654961350772927
  ],
  "image_v_axis_3d": [
    -6.77626357804118e-21,
    0.9999452696545729,
    -0.010462203087480925
  ],
  "u_min": -1.2372124991506859,
  "u_max": 0.913171016213487,
  "v_min": -0.5907639840449854,
  "v_max": 1.5588357306847938,
  "pixel_size_u_m": 0.004208186918520886,
  "pixel_size_v_m": 0.004206653062093502,
  "back_projection_note": {
    "pixel_to_uv": "u = u_min + px * pixel_size_u_m, v = v_max - py * pixel_size_v_m",
    "flip_x_note": "if flip_x is true, saved uv and image_u_axis_3d are already mirrored, so use the same pixel_to_uv formula",
    "point_on_plane_3d": "marker_origin + u * image_u_axis_3d + v * image_v_axis_3d",
    "direction_3d": "du * image_u_axis_3d + dv * image_v_axis_3d"
  },
  "debug": {
    "total_points": 100000,
    "basis_mode": "global",
    "height_mode": "adaptive",
    "top_candidate_q": 0.85,
    "height_band_m_input": 0.03,
    "height_band_m_used": 0.01603118796312864,
    "id_height_center": 0.006110199037578935,
    "top_id_points": 25955,
    "selected_height_min": -0.009900834575726731,
    "selected_height_max": 0.014820436768228917,
    "height_min": -0.22010058192741724,
    "height_mean": -0.1448774714466919,
    "height_max": 0.014820436768228917,
    "height_q50": -0.1956135992531878,
    "height_q70": -0.19011607389822696,
    "height_q80": 0.0015622579069470136,
    "height_q85": 0.00368704666829744,
    "height_q90": 0.006919231745626866,
    "height_q95": 0.010061830407014785,
    "height_q99": 0.013386360091322214,
    "layer_selection": {
      "height_mode": "adaptive",
      "status": "adaptive_ok",
      "adaptive_search_q": 0.6,
      "adaptive_upper_q": 0.995,
      "adaptive_bins": 64,
      "adaptive_min_points": 300,
      "adaptive_chosen_bin": 63,
      "adaptive_bin_count": 3862,
      "adaptive_layer_bin_left": 59,
      "adaptive_layer_bin_right": 63,
      "adaptive_layer_lo": -0.0023788626651969624,
      "adaptive_layer_hi": 0.01383114061179649,
      "adaptive_layer_points": 24321,
      "adaptive_mad": 0.003604296048187563,
      "adaptive_robust_sigma": 0.005343729321042881,
      "id_height_center": 0.006110199037578935,
      "height_band_m": 0.01603118796312864,
      "selected_height_min": -0.009900834575726731,
      "selected_height_max": 0.014820436768228917,
      "selected_points": 25955,
      "selected_ratio": 0.25955
    },
    "plane_estimation": {
      "plane_refine_used": true,
      "coarse_plane_points": 100000,
      "coarse_plane_center": [
        -6.425672565830021,
        -0.9630090915099879,
        0.15950757806025004
      ],
      "coarse_plane_normal": [
        0.0041633925385658995,
        0.011010968664130158,
        0.9999307099642692
      ],
      "coarse_id_layer": {
        "height_mode": "adaptive",
        "status": "adaptive_ok",
        "adaptive_search_q": 0.6,
        "adaptive_upper_q": 0.995,
        "adaptive_bins": 64,
        "adaptive_min_points": 300,
        "adaptive_chosen_bin": 63,
        "adaptive_bin_count": 3790,
        "adaptive_layer_bin_left": 59,
        "adaptive_layer_bin_right": 63,
        "adaptive_layer_lo": 0.14308928942075452,
        "adaptive_layer_hi": 0.15932764776195538,
        "adaptive_layer_points": 23932,
        "adaptive_mad": 0.003855189282586824,
        "adaptive_robust_sigma": 0.005715703630363225,
        "id_height_center": 0.15078300339076695,
        "height_band_m": 0.017147110891089674,
        "selected_height_min": 0.13365506128312124,
        "selected_height_max": 0.160406803149545,
        "selected_points": 26025,
        "selected_ratio": 0.26025
      },
      "plate_support": {
        "plate_status": "ok",
        "plate_lower": -0.05583296353489775,
        "plate_upper": 0.14578300339076694,
        "plate_lo": 0.14263275390755342,
        "plate_hi": 0.14578300339076694,
        "plate_bins": 64,
        "plate_chosen_bin": 63,
        "plate_bin_count": 3925,
        "plate_left_bin": 63,
        "plate_right_bin": 63,
        "plate_points": 3925,
        "plate_min_points": 500,
        "plane_refine_angle_deg": 0.07032008760584346
      }
    }
  }
}