{
  "source_file": "C:\\Users\\gkwld\\Desktop\\3D-Marker-Pose-Estimation\\CAD_to_PointCloud_conversion\\pointnet2\\result\\eval1_real_newmask_height_auto_boxexpand100\\train\\marker_points\\aug_000030_marker.xyz",
  "image_size": 512,
  "point_radius": 2,
  "view_margin": 1.2,
  "plane_fit_q": 0.8,
  "height_mode": "adaptive",
  "top_candidate_q": 0.85,
  "height_band_m": 0.03,
  "basis_mode": "global",
  "plane_refine_enabled": true,
  "flip_x": true,
  "align_2d": false,
  "align_method": "none",
  "color_mode": "raw_z",
  "color_ref": "marker_all_raw_z",
  "invert_jet": false,
  "color_min": 0.10184994,
  "color_max": 0.310834,
  "color_q_min": 0.02,
  "color_q_max": 0.98,
  "plane_center": [
    -1.2864774264862935,
    8.925955760412952,
    0.3093304563901743
  ],
  "plane_normal": [
    0.0038759376755152113,
    -0.010068080062036407,
    0.9999418037410976
  ],
  "marker_origin": [
    -1.2864774264862935,
    8.925955760412952,
    0.3093304563901743
  ],
  "image_u_axis_3d": [
    -0.9999924885243567,
    -3.902354395687236e-05,
    0.0038757412229708035
  ],
  "image_v_axis_3d": [
    -6.776263578041178e-21,
    0.9999493148350208,
    0.01006815568873257
  ],
  "u_min": -1.2590949984999842,
  "u_max": 0.9177594255330743,
  "v_min": -1.5623121207047779,
  "v_max": 0.6138721510945222,
  "pixel_size_u_m": 0.004259989088127316,
  "pixel_size_v_m": 0.004258677635615069,
  "back_projection_note": {
    "pixel_to_uv": "u = u_min + px * pixel_size_u_m, v = v_max - py * pixel_size_v_m",
    "flip_x_note": "if flip_x is true, saved uv and image_u_axis_3d are already mirrored, so use the same pixel_to_uv formula",
    "point_on_plane_3d": "marker_origin + u * image_u_axis_3d + v * image_v_axis_3d",
    "direction_3d": "du * image_u_axis_3d + dv * image_v_axis_3d"
  },
  "debug": {
    "total_points": 100000,
    "basis_mode": "global",
    "height_mode": "adaptive",
    "top_candidate_q": 0.85,
    "height_band_m_input": 0.03,
    "height_band_m_used": 0.01603140129891839,
    "id_height_center": 0.006398444951125591,
    "top_id_points": 25974,
    "selected_height_min": -0.009620890143710582,
    "selected_height_max": 0.01521606693379744,
    "height_min": -0.2195622236018745,
    "height_mean": -0.1444076433163688,
    "height_max": 0.01521606693379744,
    "height_q50": -0.19527895860111275,
    "height_q70": -0.18975275871706912,
    "height_q80": 0.0021266124684127803,
    "height_q85": 0.004398571265409636,
    "height_q90": 0.007224800961279573,
    "height_q95": 0.010772873873728175,
    "height_q99": 0.013740133778972681,
    "layer_selection": {
      "height_mode": "adaptive",
      "status": "adaptive_ok",
      "adaptive_search_q": 0.6,
      "adaptive_upper_q": 0.995,
      "adaptive_bins": 64,
      "adaptive_min_points": 300,
      "adaptive_chosen_bin": 63,
      "adaptive_bin_count": 4201,
      "adaptive_layer_bin_left": 59,
      "adaptive_layer_bin_right": 63,
      "adaptive_layer_lo": -0.0019986039018471957,
      "adaptive_layer_hi": 0.01421882786674502,
      "adaptive_layer_points": 24343,
      "adaptive_mad": 0.0036043440125271805,
      "adaptive_robust_sigma": 0.0053438004329727975,
      "id_height_center": 0.006398444951125591,
      "height_band_m": 0.01603140129891839,
      "selected_height_min": -0.009620890143710582,
      "selected_height_max": 0.01521606693379744,
      "selected_points": 25974,
      "selected_ratio": 0.25974
    },
    "plane_estimation": {
      "plane_refine_used": true,
      "coarse_plane_points": 100000,
      "coarse_plane_center": [
        -1.1153353586900214,
        8.455805960429917,
        0.15951725269024947
      ],
      "coarse_plane_normal": [
        0.0032246891286331165,
        -0.009849067046526694,
        0.9999462971861722
      ],
      "coarse_id_layer": {
        "height_mode": "adaptive",
        "status": "adaptive_ok",
        "adaptive_search_q": 0.6,
        "adaptive_upper_q": 0.995,
        "adaptive_bins": 64,
        "adaptive_min_points": 300,
        "adaptive_chosen_bin": 63,
        "adaptive_bin_count": 4599,
        "adaptive_layer_bin_left": 59,
        "adaptive_layer_bin_right": 63,
        "adaptive_layer_lo": 0.14213218503901526,
        "adaptive_layer_hi": 0.15834171377721687,
        "adaptive_layer_points": 24414,
        "adaptive_mad": 0.003473986271095769,
        "adaptive_robust_sigma": 0.005150532045526587,
        "id_height_center": 0.15066307733940099,
        "height_band_m": 0.015451596136579761,
        "selected_height_min": 0.1352435369043146,
        "selected_height_max": 0.15929708678600446,
        "selected_points": 25949,
        "selected_ratio": 0.25949
      },
      "plate_support": {
        "plate_status": "ok",
        "plate_lower": -0.055502191273864625,
        "plate_upper": 0.14566307733940098,
        "plate_lo": 0.1425198700173187,
        "plate_hi": 0.14566307733940098,
        "plate_bins": 64,
        "plate_chosen_bin": 63,
        "plate_bin_count": 2809,
        "plate_left_bin": 63,
        "plate_right_bin": 63,
        "plate_points": 2809,
        "plate_min_points": 500,
        "plane_refine_angle_deg": 0.03936831244856841
      }
    }
  }
}