{
  "source_file": "C:\\Users\\gkwld\\Desktop\\3D-Marker-Pose-Estimation\\CAD_to_PointCloud_conversion\\pointnet2\\result\\eval1_real_newmask_height_auto_boxexpand100\\train\\marker_points\\aug_000079_marker.xyz",
  "image_size": 512,
  "point_radius": 2,
  "view_margin": 1.2,
  "plane_fit_q": 0.8,
  "height_mode": "adaptive",
  "top_candidate_q": 0.85,
  "height_band_m": 0.03,
  "basis_mode": "global",
  "plane_refine_enabled": true,
  "flip_x": true,
  "align_2d": false,
  "align_method": "none",
  "color_mode": "raw_z",
  "color_ref": "marker_all_raw_z",
  "invert_jet": false,
  "color_min": 0.101923,
  "color_max": 0.310834,
  "color_q_min": 0.02,
  "color_q_max": 0.98,
  "plane_center": [
    7.634885424880748,
    -8.897450877980935,
    0.3090255826709057
  ],
  "plane_normal": [
    -0.008201170732704287,
    0.0064849686143536815,
    0.9999453414955659
  ],
  "marker_origin": [
    7.634885424880748,
    -8.897450877980935,
    0.3090255826709057
  ],
  "image_u_axis_3d": [
    -0.9999663698328125,
    -5.3186123460660954e-05,
    -0.008200998269903947
  ],
  "image_v_axis_3d": [
    -6.77626357804118e-21,
    0.9999789709545432,
    -0.006485186712260572
  ],
  "u_min": -0.5199737642763955,
  "u_max": 1.2531089398135706,
  "v_min": -0.5698382165631806,
  "v_max": 1.2034844818875456,
  "pixel_size_u_m": 0.0034698291665165677,
  "pixel_size_v_m": 0.0034702988227998557,
  "back_projection_note": {
    "pixel_to_uv": "u = u_min + px * pixel_size_u_m, v = v_max - py * pixel_size_v_m",
    "flip_x_note": "if flip_x is true, saved uv and image_u_axis_3d are already mirrored, so use the same pixel_to_uv formula",
    "point_on_plane_3d": "marker_origin + u * image_u_axis_3d + v * image_v_axis_3d",
    "direction_3d": "du * image_u_axis_3d + dv * image_v_axis_3d"
  },
  "debug": {
    "total_points": 100000,
    "basis_mode": "global",
    "height_mode": "adaptive",
    "top_candidate_q": 0.85,
    "height_band_m_input": 0.03,
    "height_band_m_used": 0.015686719136302422,
    "id_height_center": 0.006338577877742211,
    "top_id_points": 25819,
    "selected_height_min": -0.009339879653827762,
    "selected_height_max": 0.014886667493232683,
    "height_min": -0.21932338835932344,
    "height_mean": -0.1447764699290827,
    "height_max": 0.014886667493232683,
    "height_q50": -0.19540616559618307,
    "height_q70": -0.19011972798299828,
    "height_q80": 0.002134639829237003,
    "height_q85": 0.00418561304920064,
    "height_q90": 0.007141045653268743,
    "height_q95": 0.010617885998453836,
    "height_q99": 0.013525026254838727,
    "layer_selection": {
      "height_mode": "adaptive",
      "status": "adaptive_ok",
      "adaptive_search_q": 0.6,
      "adaptive_upper_q": 0.995,
      "adaptive_bins": 64,
      "adaptive_min_points": 300,
      "adaptive_chosen_bin": 63,
      "adaptive_bin_count": 4380,
      "adaptive_layer_bin_left": 59,
      "adaptive_layer_bin_right": 63,
      "adaptive_layer_lo": -0.002261209723856017,
      "adaptive_layer_hi": 0.013951647068614237,
      "adaptive_layer_points": 24260,
      "adaptive_mad": 0.003526849034646887,
      "adaptive_robust_sigma": 0.005228906378767474,
      "id_height_center": 0.006338577877742211,
      "height_band_m": 0.015686719136302422,
      "selected_height_min": -0.009339879653827762,
      "selected_height_max": 0.014886667493232683,
      "selected_points": 25819,
      "selected_ratio": 0.25819
    },
    "plane_estimation": {
      "plane_refine_used": true,
      "coarse_plane_points": 100000,
      "coarse_plane_center": [
        7.268157197100034,
        -8.586726160530075,
        0.15921828365025073
      ],
      "coarse_plane_normal": [
        -0.007221260438278365,
        0.00634598010821467,
        0.9999537898983875
      ],
      "coarse_id_layer": {
        "height_mode": "adaptive",
        "status": "adaptive_ok",
        "adaptive_search_q": 0.6,
        "adaptive_upper_q": 0.995,
        "adaptive_bins": 64,
        "adaptive_min_points": 300,
        "adaptive_chosen_bin": 63,
        "adaptive_bin_count": 4987,
        "adaptive_layer_bin_left": 60,
        "adaptive_layer_bin_right": 63,
        "adaptive_layer_lo": 0.14520472748227425,
        "adaptive_layer_hi": 0.15816130250491453,
        "adaptive_layer_points": 23161,
        "adaptive_mad": 0.003183081871195509,
        "adaptive_robust_sigma": 0.004719237182234461,
        "id_height_center": 0.1511559163451106,
        "height_band_m": 0.015,
        "selected_height_min": 0.13619099184562436,
        "selected_height_max": 0.15901880388887338,
        "selected_points": 25805,
        "selected_ratio": 0.25805
      },
      "plate_support": {
        "plate_status": "ok",
        "plate_lower": -0.055077305686695624,
        "plate_upper": 0.1461559163451106,
        "plate_lo": 0.14301164725086363,
        "plate_hi": 0.1461559163451106,
        "plate_bins": 64,
        "plate_chosen_bin": 63,
        "plate_bin_count": 2516,
        "plate_left_bin": 63,
        "plate_right_bin": 63,
        "plate_points": 2516,
        "plate_min_points": 500,
        "plane_refine_angle_deg": 0.056708856196666727
      }
    }
  }
}