{
  "source_file": "C:\\Users\\gkwld\\Desktop\\3D-Marker-Pose-Estimation\\CAD_to_PointCloud_conversion\\pointnet2\\result\\eval1_real_newmask_height_auto_boxexpand100\\train\\marker_points\\aug_000005_marker.xyz",
  "image_size": 512,
  "point_radius": 2,
  "view_margin": 1.2,
  "plane_fit_q": 0.8,
  "height_mode": "adaptive",
  "top_candidate_q": 0.85,
  "height_band_m": 0.03,
  "basis_mode": "global",
  "plane_refine_enabled": true,
  "flip_x": true,
  "align_2d": false,
  "align_method": "none",
  "color_mode": "raw_z",
  "color_ref": "marker_all_raw_z",
  "invert_jet": false,
  "color_min": 0.1019279,
  "color_max": 0.310834,
  "color_q_min": 0.02,
  "color_q_max": 0.98,
  "plane_center": [
    -8.402481066384588,
    -1.1505063308648509,
    0.3098022975403454
  ],
  "plane_normal": [
    0.01150058350659629,
    -0.00015164755515102815,
    0.9999338546024067
  ],
  "marker_origin": [
    -8.402481066384588,
    -1.1505063308648509,
    0.3098022975403454
  ],
  "image_u_axis_3d": [
    -0.9999338661016578,
    -1.7441507190684259e-06,
    0.011500583374316444
  ],
  "image_v_axis_3d": [
    0.0,
    0.9999999884989885,
    0.00015165758485817638
  ],
  "u_min": -1.6572285912389093,
  "u_max": 0.6525290823825382,
  "v_min": -1.1408249272258608,
  "v_max": 1.1700485377674021,
  "pixel_size_u_m": 0.00452007372528659,
  "pixel_size_v_m": 0.004522257270045524,
  "back_projection_note": {
    "pixel_to_uv": "u = u_min + px * pixel_size_u_m, v = v_max - py * pixel_size_v_m",
    "flip_x_note": "if flip_x is true, saved uv and image_u_axis_3d are already mirrored, so use the same pixel_to_uv formula",
    "point_on_plane_3d": "marker_origin + u * image_u_axis_3d + v * image_v_axis_3d",
    "direction_3d": "du * image_u_axis_3d + dv * image_v_axis_3d"
  },
  "debug": {
    "total_points": 100000,
    "basis_mode": "global",
    "height_mode": "adaptive",
    "top_candidate_q": 0.85,
    "height_band_m_input": 0.03,
    "height_band_m_used": 0.01679216621814828,
    "id_height_center": 0.006068904221373283,
    "top_id_points": 25633,
    "selected_height_min": -0.01070806225157729,
    "selected_height_max": 0.01562780195366756,
    "height_min": -0.22035215099676073,
    "height_mean": -0.14529941615916986,
    "height_max": 0.01562780195366756,
    "height_q50": -0.19526283900447897,
    "height_q70": -0.18959773374469088,
    "height_q80": 0.0016192531702624699,
    "height_q85": 0.0038462740318420067,
    "height_q90": 0.006856333506959316,
    "height_q95": 0.010894702322506427,
    "height_q99": 0.014046738117013347,
    "layer_selection": {
      "height_mode": "adaptive",
      "status": "adaptive_ok",
      "adaptive_search_q": 0.6,
      "adaptive_upper_q": 0.995,
      "adaptive_bins": 64,
      "adaptive_min_points": 300,
      "adaptive_chosen_bin": 63,
      "adaptive_bin_count": 3925,
      "adaptive_layer_bin_left": 59,
      "adaptive_layer_bin_right": 63,
      "adaptive_layer_lo": -0.0016962766154521858,
      "adaptive_layer_hi": 0.014540955469986499,
      "adaptive_layer_points": 23803,
      "adaptive_mad": 0.00377538698191202,
      "adaptive_robust_sigma": 0.005597388739382761,
      "id_height_center": 0.006068904221373283,
      "height_band_m": 0.01679216621814828,
      "selected_height_min": -0.01070806225157729,
      "selected_height_max": 0.01562780195366756,
      "selected_points": 25633,
      "selected_ratio": 0.25633
    },
    "plane_estimation": {
      "plane_refine_used": true,
      "coarse_plane_points": 100000,
      "coarse_plane_center": [
        -7.90260598184998,
        -1.1326056091400032,
        0.1587467492002525
      ],
      "coarse_plane_normal": [
        0.012233546314640005,
        -0.0007463384189284913,
        0.9999248888399228
      ],
      "coarse_id_layer": {
        "height_mode": "adaptive",
        "status": "adaptive_ok",
        "adaptive_search_q": 0.6,
        "adaptive_upper_q": 0.995,
        "adaptive_bins": 64,
        "adaptive_min_points": 300,
        "adaptive_chosen_bin": 63,
        "adaptive_bin_count": 3859,
        "adaptive_layer_bin_left": 59,
        "adaptive_layer_bin_right": 63,
        "adaptive_layer_lo": 0.1440642012782447,
        "adaptive_layer_hi": 0.16031925180818446,
        "adaptive_layer_points": 23133,
        "adaptive_mad": 0.0039335527504810175,
        "adaptive_robust_sigma": 0.005831885307863156,
        "id_height_center": 0.1512914497868254,
        "height_band_m": 0.017495655923589468,
        "selected_height_min": 0.13390717678038513,
        "selected_height_max": 0.16148707541448626,
        "selected_points": 25650,
        "selected_ratio": 0.2565
      },
      "plate_support": {
        "plate_status": "ok",
        "plate_lower": -0.0552084029155017,
        "plate_upper": 0.1462914497868254,
        "plate_lo": 0.14314301458835155,
        "plate_hi": 0.1462914497868254,
        "plate_bins": 64,
        "plate_chosen_bin": 63,
        "plate_bin_count": 3781,
        "plate_left_bin": 63,
        "plate_right_bin": 63,
        "plate_points": 3781,
        "plate_min_points": 500,
        "plane_refine_angle_deg": 0.05408236468634088
      }
    }
  }
}