{
  "source_file": "C:\\Users\\gkwld\\Desktop\\3D-Marker-Pose-Estimation\\CAD_to_PointCloud_conversion\\pointnet2\\result\\eval1_real_newmask_height_auto_boxexpand100\\train\\marker_points\\aug_000199_marker.xyz",
  "image_size": 512,
  "point_radius": 2,
  "view_margin": 1.2,
  "plane_fit_q": 0.8,
  "height_mode": "adaptive",
  "top_candidate_q": 0.85,
  "height_band_m": 0.03,
  "basis_mode": "global",
  "plane_refine_enabled": true,
  "flip_x": true,
  "align_2d": false,
  "align_method": "none",
  "color_mode": "raw_z",
  "color_ref": "marker_all_raw_z",
  "invert_jet": false,
  "color_min": 0.103424,
  "color_max": 0.312979,
  "color_q_min": 0.02,
  "color_q_max": 0.98,
  "plane_center": [
    6.232734759684077,
    7.988229103422339,
    0.31148100977812176
  ],
  "plane_normal": [
    0.007606477372602653,
    0.009173441042969457,
    0.9999289922186532
  ],
  "marker_origin": [
    6.232734759684077,
    7.988229103422339,
    0.31148100977812176
  ],
  "image_u_axis_3d": [
    -0.9999710703315273,
    6.97795904225292e-05,
    0.007606157297114305
  ],
  "image_v_axis_3d": [
    1.355252715608236e-20,
    0.999957920668785,
    -0.009173706435246122
  ],
  "u_min": -1.281461325207789,
  "u_max": 0.7074341602229386,
  "v_min": -0.5705642778171205,
  "v_max": 1.4208872322715704,
  "pixel_size_u_m": 0.0038921633765767664,
  "pixel_size_v_m": 0.0038971653817782602,
  "back_projection_note": {
    "pixel_to_uv": "u = u_min + px * pixel_size_u_m, v = v_max - py * pixel_size_v_m",
    "flip_x_note": "if flip_x is true, saved uv and image_u_axis_3d are already mirrored, so use the same pixel_to_uv formula",
    "point_on_plane_3d": "marker_origin + u * image_u_axis_3d + v * image_v_axis_3d",
    "direction_3d": "du * image_u_axis_3d + dv * image_v_axis_3d"
  },
  "debug": {
    "total_points": 100000,
    "basis_mode": "global",
    "height_mode": "adaptive",
    "top_candidate_q": 0.85,
    "height_band_m_input": 0.03,
    "height_band_m_used": 0.01645289771824317,
    "id_height_center": 0.006483433296389286,
    "top_id_points": 25642,
    "selected_height_min": -0.00987780485011704,
    "selected_height_max": 0.01655125080734127,
    "height_min": -0.22031538426447114,
    "height_mean": -0.14494759194587764,
    "height_max": 0.01655125080734127,
    "height_q50": -0.194950575807486,
    "height_q70": -0.18897280372187028,
    "height_q80": 0.002223789632882338,
    "height_q85": 0.0052686169023442855,
    "height_q90": 0.007322968279098065,
    "height_q95": 0.012209066940481678,
    "height_q99": 0.01493868896376262,
    "layer_selection": {
      "height_mode": "adaptive",
      "status": "adaptive_ok",
      "adaptive_search_q": 0.6,
      "adaptive_upper_q": 0.995,
      "adaptive_bins": 64,
      "adaptive_min_points": 300,
      "adaptive_chosen_bin": 63,
      "adaptive_bin_count": 4476,
      "adaptive_layer_bin_left": 59,
      "adaptive_layer_bin_right": 63,
      "adaptive_layer_lo": -0.0008054754849680656,
      "adaptive_layer_hi": 0.015480588927712795,
      "adaptive_layer_points": 23620,
      "adaptive_mad": 0.003699109159189525,
      "adaptive_robust_sigma": 0.00548429923941439,
      "id_height_center": 0.006483433296389286,
      "height_band_m": 0.01645289771824317,
      "selected_height_min": -0.00987780485011704,
      "selected_height_max": 0.01655125080734127,
      "selected_points": 25642,
      "selected_ratio": 0.25642
    },
    "plane_estimation": {
      "plane_refine_used": true,
      "coarse_plane_points": 100000,
      "coarse_plane_center": [
        6.51395468103994,
        8.414871813160008,
        0.16046982015022634
      ],
      "coarse_plane_normal": [
        0.00789694628040539,
        0.008640062418591962,
        0.9999314914327116
      ],
      "coarse_id_layer": {
        "height_mode": "adaptive",
        "status": "adaptive_ok",
        "adaptive_search_q": 0.6,
        "adaptive_upper_q": 0.995,
        "adaptive_bins": 64,
        "adaptive_min_points": 300,
        "adaptive_chosen_bin": 63,
        "adaptive_bin_count": 4793,
        "adaptive_layer_bin_left": 59,
        "adaptive_layer_bin_right": 63,
        "adaptive_layer_lo": 0.1439750648331421,
        "adaptive_layer_hi": 0.16025323954971193,
        "adaptive_layer_points": 23822,
        "adaptive_mad": 0.003495503389739474,
        "adaptive_robust_sigma": 0.005182433325627744,
        "id_height_center": 0.1512705523310583,
        "height_band_m": 0.015547299976883231,
        "selected_height_min": 0.1357258664169158,
        "selected_height_max": 0.16126747631266394,
        "selected_points": 25605,
        "selected_ratio": 0.25605
      },
      "plate_support": {
        "plate_status": "ok",
        "plate_lower": -0.05541574710285745,
        "plate_upper": 0.1462705523310583,
        "plate_lo": 0.14311920390240335,
        "plate_hi": 0.1462705523310583,
        "plate_bins": 64,
        "plate_chosen_bin": 63,
        "plate_bin_count": 2659,
        "plate_left_bin": 63,
        "plate_right_bin": 63,
        "plate_points": 2659,
        "plate_min_points": 500,
        "plane_refine_angle_deg": 0.03479864726813538
      }
    }
  }
}