{
  "source_file": "C:\\Users\\gkwld\\Desktop\\3D-Marker-Pose-Estimation\\CAD_to_PointCloud_conversion\\pointnet2\\result\\eval1_real_newmask_height_auto_boxexpand100\\train\\marker_points\\aug_000073_marker.xyz",
  "image_size": 512,
  "point_radius": 2,
  "view_margin": 1.2,
  "plane_fit_q": 0.8,
  "height_mode": "adaptive",
  "top_candidate_q": 0.85,
  "height_band_m": 0.03,
  "basis_mode": "global",
  "plane_refine_enabled": true,
  "flip_x": true,
  "align_2d": false,
  "align_method": "none",
  "color_mode": "raw_z",
  "color_ref": "marker_all_raw_z",
  "invert_jet": false,
  "color_min": 0.101712,
  "color_max": 0.310834,
  "color_q_min": 0.02,
  "color_q_max": 0.98,
  "plane_center": [
    5.599338461912955,
    -9.130158201030904,
    0.3096834954181031
  ],
  "plane_normal": [
    -0.00551886875750104,
    0.009312424053170827,
    0.9999414087054759
  ],
  "marker_origin": [
    5.599338461912955,
    -9.130158201030904,
    0.3096834954181031
  ],
  "image_u_axis_3d": [
    -0.9999847709268566,
    -5.139482885915079e-05,
    -0.005518629443436639
  ],
  "image_v_axis_3d": [
    0.0,
    0.999956637117243,
    -0.009312565874908378
  ],
  "u_min": -0.8107710673861253,
  "u_max": 1.282439660854927,
  "v_min": -0.5922724367796015,
  "v_max": 1.49994856534024,
  "pixel_size_u_m": 0.004096302794992275,
  "pixel_size_v_m": 0.004094365953267792,
  "back_projection_note": {
    "pixel_to_uv": "u = u_min + px * pixel_size_u_m, v = v_max - py * pixel_size_v_m",
    "flip_x_note": "if flip_x is true, saved uv and image_u_axis_3d are already mirrored, so use the same pixel_to_uv formula",
    "point_on_plane_3d": "marker_origin + u * image_u_axis_3d + v * image_v_axis_3d",
    "direction_3d": "du * image_u_axis_3d + dv * image_v_axis_3d"
  },
  "debug": {
    "total_points": 100000,
    "basis_mode": "global",
    "height_mode": "adaptive",
    "top_candidate_q": 0.85,
    "height_band_m_input": 0.03,
    "height_band_m_used": 0.01613277719908902,
    "id_height_center": 0.006351041495816928,
    "top_id_points": 25818,
    "selected_height_min": -0.009781441270602565,
    "selected_height_max": 0.014948362254577583,
    "height_min": -0.21983277984214197,
    "height_mean": -0.1450027986744145,
    "height_max": 0.014948362254577583,
    "height_q50": -0.1954303149464628,
    "height_q70": -0.19003287898666144,
    "height_q80": 0.0017215854882325326,
    "height_q85": 0.0038443344091854334,
    "height_q90": 0.0071620255523158404,
    "height_q95": 0.010320482853675546,
    "height_q99": 0.013470663112184011,
    "layer_selection": {
      "height_mode": "adaptive",
      "status": "adaptive_ok",
      "adaptive_search_q": 0.6,
      "adaptive_upper_q": 0.995,
      "adaptive_bins": 64,
      "adaptive_min_points": 300,
      "adaptive_chosen_bin": 63,
      "adaptive_bin_count": 4007,
      "adaptive_layer_bin_left": 59,
      "adaptive_layer_bin_right": 63,
      "adaptive_layer_lo": -0.002262642517826846,
      "adaptive_layer_hi": 0.013944108354458055,
      "adaptive_layer_points": 24207,
      "adaptive_mad": 0.0036271363818267503,
      "adaptive_robust_sigma": 0.00537759239969634,
      "id_height_center": 0.006351041495816928,
      "height_band_m": 0.01613277719908902,
      "selected_height_min": -0.009781441270602565,
      "selected_height_max": 0.014948362254577583,
      "selected_points": 25818,
      "selected_ratio": 0.25818
    },
    "plane_estimation": {
      "plane_refine_used": true,
      "coarse_plane_points": 100000,
      "coarse_plane_center": [
        5.360754747029956,
        -8.681265346130056,
        0.15917488542025024
      ],
      "coarse_plane_normal": [
        -0.00486108916432476,
        0.009988024548024143,
        0.999938302684603
      ],
      "coarse_id_layer": {
        "height_mode": "adaptive",
        "status": "adaptive_ok",
        "adaptive_search_q": 0.6,
        "adaptive_upper_q": 0.995,
        "adaptive_bins": 64,
        "adaptive_min_points": 300,
        "adaptive_chosen_bin": 63,
        "adaptive_bin_count": 4164,
        "adaptive_layer_bin_left": 59,
        "adaptive_layer_bin_right": 63,
        "adaptive_layer_lo": 0.1429482377928672,
        "adaptive_layer_hi": 0.159170893374654,
        "adaptive_layer_points": 24144,
        "adaptive_mad": 0.0037196498717269044,
        "adaptive_robust_sigma": 0.005514752899822308,
        "id_height_center": 0.1511001458894473,
        "height_band_m": 0.016544258699466925,
        "selected_height_min": 0.1346554062823529,
        "selected_height_max": 0.1602108676596203,
        "selected_points": 25846,
        "selected_ratio": 0.25846
      },
      "plate_support": {
        "plate_status": "ok",
        "plate_lower": -0.05535278490439474,
        "plate_upper": 0.1461001458894473,
        "plate_lo": 0.14295244384579353,
        "plate_hi": 0.1461001458894473,
        "plate_bins": 64,
        "plate_chosen_bin": 63,
        "plate_bin_count": 3492,
        "plate_left_bin": 63,
        "plate_right_bin": 63,
        "plate_points": 3492,
        "plate_min_points": 500,
        "plane_refine_angle_deg": 0.054026114449563394
      }
    }
  }
}