{
  "source_file": "/Users/hajiwan/Desktop/object_detection/result/eval1_real_newmask_height_auto_boxexpand100/val/marker_points/1_19_2026_163908_complete_denoise_marker.xyz",
  "image_size": 512,
  "point_radius": 2,
  "view_margin": 1.2,
  "plane_fit_q": 0.8,
  "height_mode": "adaptive",
  "top_candidate_q": 0.85,
  "height_band_m": 0.04,
  "basis_mode": "global",
  "plane_refine_enabled": true,
  "align_2d": false,
  "align_method": "none",
  "color_mode": "raw_z",
  "color_ref": "marker_all_raw_z",
  "invert_jet": false,
  "color_min": -1.606,
  "color_max": -1.404,
  "color_q_min": 0.02,
  "color_q_max": 0.98,
  "plane_center": [
    -0.5383280449109109,
    0.7890436905052467,
    -1.4538057114962293
  ],
  "plane_normal": [
    -0.05234476583620657,
    -0.024046349724074503,
    0.9983395206804648
  ],
  "marker_origin": [
    -0.5383280449109109,
    0.7890436905052467,
    -1.4538057114962293
  ],
  "image_u_axis_3d": [
    0.9986290730233929,
    -0.0012604285009537382,
    0.05232958847946652
  ],
  "image_v_axis_3d": [
    -2.1684043449731804e-19,
    0.9997100501560148,
    0.024079360769308656
  ],
  "u_min": -0.5490831395483338,
  "u_max": 0.177599621270235,
  "v_min": -0.41418446642336193,
  "v_max": 0.4444186660878565,
  "pixel_size_u_m": 0.0014220797667682363,
  "pixel_size_v_m": 0.0016802409638184315,
  "back_projection_note": {
    "pixel_to_uv": "u = u_min + px * pixel_size_u_m, v = v_max - py * pixel_size_v_m",
    "point_on_plane_3d": "marker_origin + u * image_u_axis_3d + v * image_v_axis_3d",
    "direction_3d": "du * image_u_axis_3d + dv * image_v_axis_3d"
  },
  "debug": {
    "total_points": 33253,
    "basis_mode": "global",
    "height_mode": "adaptive",
    "top_candidate_q": 0.85,
    "height_band_m_input": 0.04,
    "height_band_m_used": 0.05263327401439324,
    "id_height_center": 0.014540863823148637,
    "top_id_points": 11478,
    "selected_height_min": -0.03808822971689593,
    "selected_height_max": 0.06712896935785662,
    "height_min": -0.16511747082489903,
    "height_mean": -0.06568716062466669,
    "height_max": 0.1440879691403205,
    "height_q50": -0.09262419754267663,
    "height_q70": -0.0028552241801366473,
    "height_q80": 0.011590990729968711,
    "height_q85": 0.019888866586570502,
    "height_q90": 0.03302629225317069,
    "height_q95": 0.05151441582108066,
    "height_q99": 0.10389812668968203,
    "layer_selection": {
      "height_mode": "adaptive",
      "status": "adaptive_ok",
      "adaptive_search_q": 0.6,
      "adaptive_upper_q": 0.995,
      "adaptive_bins": 64,
      "adaptive_min_points": 100,
      "adaptive_chosen_bin": 44,
      "adaptive_bin_count": 152,
      "adaptive_layer_bin_left": 17,
      "adaptive_layer_bin_right": 46,
      "adaptive_layer_lo": -0.017746246756009415,
      "adaptive_layer_hi": 0.0673144140315605,
      "adaptive_layer_points": 10952,
      "adaptive_mad": 0.014200262785483135,
      "adaptive_robust_sigma": 0.021053309605757294,
      "id_height_center": 0.014540863823148637,
      "height_band_m": 0.05263327401439324,
      "selected_height_min": -0.03808822971689593,
      "selected_height_max": 0.06712896935785662,
      "selected_points": 11478,
      "selected_ratio": 0.3451718641927044
    },
    "plane_estimation": {
      "plane_refine_used": true,
      "coarse_plane_points": 26888,
      "coarse_plane_center": [
        -0.6757447560250024,
        0.7976453808390366,
        -1.5516318060101808
      ],
      "coarse_plane_normal": [
        -0.06624027212416052,
        -0.03319429456603506,
        0.9972514051908778
      ],
      "coarse_id_layer": {
        "height_mode": "adaptive",
        "status": "adaptive_ok",
        "adaptive_search_q": 0.6,
        "adaptive_upper_q": 0.995,
        "adaptive_bins": 64,
        "adaptive_min_points": 100,
        "adaptive_chosen_bin": 44,
        "adaptive_bin_count": 137,
        "adaptive_layer_bin_left": 14,
        "adaptive_layer_bin_right": 46,
        "adaptive_layer_lo": 0.06585749662615643,
        "adaptive_layer_hi": 0.15949237130812294,
        "adaptive_layer_points": 11086,
        "adaptive_mad": 0.014985047092654406,
        "adaptive_robust_sigma": 0.022216830819569423,
        "id_height_center": 0.10385541949084698,
        "height_band_m": 0.03887945393424649,
        "selected_height_min": 0.06536611018398965,
        "selected_height_max": 0.1427290531160639,
        "selected_points": 9877,
        "selected_ratio": 0.2970258322557363
      },
      "plate_support": {
        "plate_status": "ok",
        "plate_lower": -0.040084328804448295,
        "plate_upper": 0.09885541949084697,
        "plate_lo": 0.0749751502525931,
        "plate_hi": 0.09885541949084697,
        "plate_bins": 64,
        "plate_chosen_bin": 63,
        "plate_bin_count": 433,
        "plate_left_bin": 53,
        "plate_right_bin": 63,
        "plate_points": 4097,
        "plate_min_points": 167,
        "plane_refine_angle_deg": 0.9552435588590328
      }
    }
  }
}