{
  "source_file": "/Users/hajiwan/Desktop/object_detection/result/eval1_real_newmask_height_auto_boxexpand100/val/marker_points/1_19_2026_162815_complete_denoise_marker.xyz",
  "projection_mode": "manual_view_updown_10sets",
  "manual_view_source": "/Users/hajiwan/Desktop/object_detection/new_tema/yolov2/realdata/real_flat_manual_view_val_all/1_19_2026_162815_complete_denoise_marker_manual_view.json",
  "capture_image": false,
  "expand_mode": "down",
  "expand_m": 0.05,
  "image_size": 512,
  "point_radius": 2,
  "view_margin": 1.2,
  "base_top_candidate_q": 0.85,
  "base_height_band_m": 0.03,
  "base_adaptive_max_band_m": 0.08,
  "plane_center": [
    -0.9738965700258754,
    0.5635530418629359,
    -1.4846412791083223
  ],
  "plane_normal": [
    -0.0,
    -0.0,
    0.999999999999
  ],
  "marker_origin": [
    -0.9738965700258754,
    0.5635530418629359,
    -1.4846412791083223
  ],
  "image_u_axis_3d": [
    0.999999999999,
    0.0,
    0.0
  ],
  "image_v_axis_3d": [
    0.0,
    0.999999999999,
    0.0
  ],
  "u_min": -0.5272034299735974,
  "u_max": 0.3979965700254774,
  "v_min": -0.41875304186251705,
  "v_max": 0.49564695813656845,
  "pixel_size_u_m": 0.0018105675146752932,
  "pixel_size_v_m": 0.0017894324853211067,
  "color_mode": "raw_z",
  "color_ref": "marker_all_raw_z",
  "color_min": -1.584,
  "color_max": -1.33,
  "debug": {
    "total_points": 15073,
    "top_id_points": 8454,
    "id_height_center": 0.05164127910824578,
    "height_band_m_used": 0.08801049999993663,
    "selected_height_min": -0.036358720891641216,
    "selected_height_max": 0.13964127910818272,
    "height_min": -0.10335872089157438,
    "height_max": 0.30164127910802063,
    "layer_selection": {
      "height_mode": "manual_view_updown_expand",
      "selection_rule": "upper_fixed_lower_expanded",
      "expand_mode": "down",
      "expand_m": 0.05,
      "base_id_height_center": 0.07664127910824578,
      "base_height_band_m_used": 0.06301049999993663,
      "base_lower": 0.013630779108309149,
      "base_upper": 0.1396517791081824,
      "id_height_center": 0.05164127910824578,
      "height_band_m": 0.08801049999993663,
      "height_band_m_used": 0.08801049999993663,
      "new_lower": -0.036369220891690854,
      "new_upper": 0.1396517791081824,
      "selected_height_min": -0.036358720891641216,
      "selected_height_max": 0.13964127910818272,
      "selected_points": 8454,
      "base_layer_info": {
        "height_mode": "adaptive",
        "status": "adaptive_ok",
        "adaptive_search_q": 0.6,
        "adaptive_upper_q": 0.995,
        "adaptive_bins": 64,
        "adaptive_min_points": 46,
        "adaptive_chosen_bin": 32,
        "adaptive_bin_count": 61,
        "adaptive_layer_bin_left": 0,
        "adaptive_layer_bin_right": 33,
        "adaptive_layer_lo": -0.0003587208916774075,
        "adaptive_layer_hi": 0.14201627910818027,
        "adaptive_layer_points": 5711,
        "adaptive_mad": 0.016999999999982904,
        "adaptive_robust_sigma": 0.025204199999974652,
        "id_height_center": 0.07664127910824578,
        "height_band_m": 0.06301049999993663,
        "selected_height_min": 0.013641279108308606,
        "selected_height_max": 0.13964127910818272,
        "selected_points": 5038,
        "selected_ratio": 0.3342400318450209
      }
    }
  }
}