{
  "source_file": "C:\\Users\\gkwld\\Desktop\\3D-Marker-Pose-Estimation\\CAD_to_PointCloud_conversion\\pointnet2\\result\\eval1_real_newmask_height_auto_boxexpand100\\val\\marker_points\\1_19_2026_162815_complete_denoise_marker.xyz",
  "projection_mode": "marker_plane_vertical_view",
  "cut_mode": "manual_local_z_quantile",
  "image_size": 512,
  "point_radius": 2,
  "view_margin": 1.2,
  "plane_fit_q": 0.8,
  "z_min_q": 0.75,
  "z_max_q": 0.99,
  "color_mode": "raw_z",
  "color_ref": "marker_all_raw_z",
  "invert_jet": false,
  "color_min": -1.584,
  "color_max": -1.33,
  "color_q_min": 0.02,
  "color_q_max": 0.98,
  "plane_center": [
    -0.9694180043024988,
    0.5620546913784557,
    -1.5120953168955726
  ],
  "plane_normal": [
    0.05286049799235534,
    0.03608481014820857,
    0.9979497253001114
  ],
  "marker_origin": [
    -0.9738965700258754,
    0.5635530418629359,
    -1.4846412791083223
  ],
  "image_u_axis_3d": [
    0.9986019065423462,
    -0.0019101315768509472,
    -0.052825975100775344
  ],
  "image_v_axis_3d": [
    -2.1684043449731804e-19,
    0.9993469056698614,
    -0.03613533071763914
  ],
  "u_min": -0.52698684763598,
  "u_max": 0.40335194253181145,
  "v_min": -0.4168621854436476,
  "v_max": 0.49763442345065223,
  "pixel_size_u_m": 0.0018206238555142692,
  "pixel_size_v_m": 0.0017896215438244615,
  "back_projection_note": {
    "pixel_to_uv": "u = u_min + px * pixel_size_u_m, v = v_max - py * pixel_size_v_m",
    "point_on_plane_3d": "marker_origin + u * image_u_axis_3d + v * image_v_axis_3d",
    "direction_3d": "du * image_u_axis_3d + dv * image_v_axis_3d"
  },
  "debug": {
    "total_points": 15073,
    "plane_fit_points": 12086,
    "selected_points": 3618,
    "selected_ratio": 0.2400318450208983,
    "local_z_min": -0.06919049188676925,
    "local_z_mean": 0.027215077946487035,
    "local_z_max": 0.33083805176170283,
    "local_z_q10": -0.04740434731826923,
    "local_z_q20": -0.03696027859164601,
    "local_z_q30": -0.028179655251399476,
    "local_z_q40": -0.01609439207568277,
    "local_z_q50": -0.0028592310599573688,
    "local_z_q60": 0.013543659612173619,
    "local_z_q70": 0.09484753241842185,
    "local_z_q80": 0.10992994673092943,
    "local_z_q90": 0.12345887702153818,
    "local_z_q95": 0.14096557481741367,
    "local_z_q99": 0.22428141267392188,
    "selected_local_z_min": 0.10359830139000768,
    "selected_local_z_max": 0.22422149955452153,
    "manual_cut": {
      "cut_mode": "manual_local_z_quantile",
      "z_min_q": 0.75,
      "z_max_q": 0.99,
      "z_low_value": 0.10359830139000768,
      "z_high_value": 0.22428141267392188,
      "selected_points": 3618,
      "total_points": 15073,
      "selected_ratio": 0.2400318450208983
    }
  }
}