{
  "source_file": "/Users/hajiwan/Desktop/object_detection/result/eval1_real_newmask_height_auto_boxexpand100/val/marker_points/1_19_2026_164325_complete_denoise_marker.xyz",
  "projection_mode": "manual_view_updown_10sets",
  "manual_view_source": "/Users/hajiwan/Desktop/object_detection/new_tema/yolov2/realdata/real_flat_manual_view_val_all/1_19_2026_164325_complete_denoise_marker_manual_view.json",
  "capture_image": false,
  "expand_mode": "down",
  "expand_m": 0.03,
  "image_size": 512,
  "point_radius": 2,
  "view_margin": 1.2,
  "base_top_candidate_q": 0.85,
  "base_height_band_m": 0.03,
  "base_adaptive_max_band_m": 0.08,
  "plane_center": [
    -1.574567091888945,
    1.1118770038884016,
    -1.4833203492734826
  ],
  "plane_normal": [
    -0.0,
    -0.0,
    0.999999999999
  ],
  "marker_origin": [
    -1.574567091888945,
    1.1118770038884016,
    -1.4833203492734826
  ],
  "image_u_axis_3d": [
    0.999999999999,
    0.0,
    0.0
  ],
  "image_v_axis_3d": [
    0.0,
    0.999999999999,
    0.0
  ],
  "u_min": -0.39043290811066456,
  "u_max": 0.4375670918885075,
  "v_min": -0.3890770038880125,
  "v_max": 0.4893229961111091,
  "pixel_size_u_m": 0.0016203522504876166,
  "pixel_size_v_m": 0.001718982387473819,
  "color_mode": "raw_z",
  "color_ref": "marker_all_raw_z",
  "color_min": -1.622,
  "color_max": -1.303,
  "debug": {
    "total_points": 14659,
    "top_id_points": 5794,
    "id_height_center": 0.07132034927339621,
    "height_band_m_used": 0.071,
    "selected_height_min": 0.0003203492734821361,
    "selected_height_max": 0.14232034927334025,
    "height_min": -0.1406796507263769,
    "height_max": 0.2663203492732162,
    "layer_selection": {
      "height_mode": "manual_view_updown_expand",
      "selection_rule": "upper_fixed_lower_expanded",
      "expand_mode": "down",
      "expand_m": 0.03,
      "base_id_height_center": 0.08632034927339621,
      "base_height_band_m_used": 0.055999999999999994,
      "base_lower": 0.03032034927339622,
      "base_upper": 0.1423203492733962,
      "id_height_center": 0.07132034927339621,
      "height_band_m": 0.071,
      "height_band_m_used": 0.071,
      "new_lower": 0.0003203492733962199,
      "new_upper": 0.1423203492733962,
      "selected_height_min": 0.0003203492734821361,
      "selected_height_max": 0.14232034927334025,
      "selected_points": 5794,
      "base_layer_info": {
        "height_mode": "adaptive",
        "status": "adaptive_ok",
        "adaptive_search_q": 0.6,
        "adaptive_upper_q": 0.995,
        "adaptive_bins": 64,
        "adaptive_min_points": 44,
        "adaptive_chosen_bin": 41,
        "adaptive_bin_count": 56,
        "adaptive_layer_bin_left": 0,
        "adaptive_layer_bin_right": 43,
        "adaptive_layer_lo": 0.010320349273472145,
        "adaptive_layer_hi": 0.17600784927330654,
        "adaptive_layer_points": 5680,
        "adaptive_mad": 0.04199999999995804,
        "adaptive_robust_sigma": 0.06226919999993779,
        "id_height_center": 0.08632034927339621,
        "height_band_m": 0.055999999999999994,
        "selected_height_min": 0.030320349273452164,
        "selected_height_max": 0.14232034927334025,
        "selected_points": 3964,
        "selected_ratio": 0.2704140800873184
      }
    }
  }
}