{
  "source_file": "C:\\Users\\gkwld\\Desktop\\3D-Marker-Pose-Estimation\\CAD_to_PointCloud_conversion\\pointnet2\\result\\eval1_real_newmask_height_auto_boxexpand100\\train\\marker_points\\aug_000085_marker.xyz",
  "image_size": 512,
  "point_radius": 2,
  "view_margin": 1.2,
  "plane_fit_q": 0.8,
  "height_mode": "adaptive",
  "top_candidate_q": 0.85,
  "height_band_m": 0.03,
  "basis_mode": "global",
  "plane_refine_enabled": true,
  "flip_x": true,
  "align_2d": false,
  "align_method": "none",
  "color_mode": "raw_z",
  "color_ref": "marker_all_raw_z",
  "invert_jet": false,
  "color_min": 0.10161,
  "color_max": 0.310834,
  "color_q_min": 0.02,
  "color_q_max": 0.98,
  "plane_center": [
    3.124936963350792,
    -7.356526608638754,
    0.3098893060209543
  ],
  "plane_normal": [
    -0.008495868759198161,
    0.007064230734014104,
    0.9999389565649311
  ],
  "marker_origin": [
    3.124936963350792,
    -7.356526608638754,
    0.3098893060209543
  ],
  "image_u_axis_3d": [
    -0.9999639094547496,
    -6.001894331714756e-05,
    -0.008495656755052764
  ],
  "image_v_axis_3d": [
    -6.77626357804118e-21,
    0.9999750462085857,
    -0.007064485695147692
  ],
  "u_min": -0.4591072131003033,
  "u_max": 1.2255063467204323,
  "v_min": -0.4997746387980554,
  "v_max": 1.1848181296456612,
  "pixel_size_u_m": 0.0032966997256765863,
  "pixel_size_v_m": 0.003296659038050326,
  "back_projection_note": {
    "pixel_to_uv": "u = u_min + px * pixel_size_u_m, v = v_max - py * pixel_size_v_m",
    "flip_x_note": "if flip_x is true, saved uv and image_u_axis_3d are already mirrored, so use the same pixel_to_uv formula",
    "point_on_plane_3d": "marker_origin + u * image_u_axis_3d + v * image_v_axis_3d",
    "direction_3d": "du * image_u_axis_3d + dv * image_v_axis_3d"
  },
  "debug": {
    "total_points": 100000,
    "basis_mode": "global",
    "height_mode": "adaptive",
    "top_candidate_q": 0.85,
    "height_band_m_input": 0.03,
    "height_band_m_used": 0.016310471674670198,
    "id_height_center": 0.006160634369186954,
    "top_id_points": 25796,
    "selected_height_min": -0.010147141040852901,
    "selected_height_max": 0.015027712560242448,
    "height_min": -0.21981167020447206,
    "height_mean": -0.14515905859463457,
    "height_max": 0.015027712560242448,
    "height_q50": -0.1955268863710099,
    "height_q70": -0.18996212249571207,
    "height_q80": 0.0015971121788038807,
    "height_q85": 0.0037020892431776334,
    "height_q90": 0.006984669037718842,
    "height_q95": 0.010328119867419024,
    "height_q99": 0.013577833059465265,
    "layer_selection": {
      "height_mode": "adaptive",
      "status": "adaptive_ok",
      "adaptive_search_q": 0.6,
      "adaptive_upper_q": 0.995,
      "adaptive_bins": 64,
      "adaptive_min_points": 300,
      "adaptive_chosen_bin": 63,
      "adaptive_bin_count": 3897,
      "adaptive_layer_bin_left": 59,
      "adaptive_layer_bin_right": 63,
      "adaptive_layer_lo": -0.002167621734532249,
      "adaptive_layer_hi": 0.014051205699995392,
      "adaptive_layer_points": 24154,
      "adaptive_mad": 0.0036670874757565985,
      "adaptive_robust_sigma": 0.0054368238915567324,
      "id_height_center": 0.006160634369186954,
      "height_band_m": 0.016310471674670198,
      "selected_height_min": -0.010147141040852901,
      "selected_height_max": 0.015027712560242448,
      "selected_points": 25796,
      "selected_ratio": 0.25796
    },
    "plane_estimation": {
      "plane_refine_used": true,
      "coarse_plane_points": 100000,
      "coarse_plane_center": [
        2.7407939794799567,
        -7.01968447495999,
        0.1590778824502507
      ],
      "coarse_plane_normal": [
        -0.008692205711176997,
        0.008647856571964107,
        0.999924827241821
      ],
      "coarse_id_layer": {
        "height_mode": "adaptive",
        "status": "adaptive_ok",
        "adaptive_search_q": 0.6,
        "adaptive_upper_q": 0.995,
        "adaptive_bins": 64,
        "adaptive_min_points": 300,
        "adaptive_chosen_bin": 63,
        "adaptive_bin_count": 3742,
        "adaptive_layer_bin_left": 58,
        "adaptive_layer_bin_right": 63,
        "adaptive_layer_lo": 0.14054460126010027,
        "adaptive_layer_hi": 0.160053028442201,
        "adaptive_layer_points": 24577,
        "adaptive_mad": 0.004062652193147387,
        "adaptive_robust_sigma": 0.0060232881415603155,
        "id_height_center": 0.15090652889063366,
        "height_band_m": 0.018069864424680948,
        "selected_height_min": 0.1328747217694501,
        "selected_height_max": 0.16113543530089722,
        "selected_points": 25847,
        "selected_ratio": 0.25847
      },
      "plate_support": {
        "plate_status": "ok",
        "plate_lower": -0.05554432796637326,
        "plate_upper": 0.14590652889063366,
        "plate_lo": 0.14275885925224294,
        "plate_hi": 0.14590652889063366,
        "plate_bins": 64,
        "plate_chosen_bin": 63,
        "plate_bin_count": 3820,
        "plate_left_bin": 63,
        "plate_right_bin": 63,
        "plate_points": 3820,
        "plate_min_points": 500,
        "plane_refine_angle_deg": 0.09143342232217762
      }
    }
  }
}