{
  "source_file": "C:\\Users\\gkwld\\Desktop\\3D-Marker-Pose-Estimation\\CAD_to_PointCloud_conversion\\pointnet2\\result\\eval1_real_newmask_height_auto_boxexpand100\\train\\marker_points\\aug_000031_marker.xyz",
  "image_size": 512,
  "point_radius": 2,
  "view_margin": 1.2,
  "plane_fit_q": 0.8,
  "height_mode": "adaptive",
  "top_candidate_q": 0.85,
  "height_band_m": 0.03,
  "basis_mode": "global",
  "plane_refine_enabled": true,
  "flip_x": true,
  "align_2d": false,
  "align_method": "none",
  "color_mode": "raw_z",
  "color_ref": "marker_all_raw_z",
  "invert_jet": false,
  "color_min": 0.101808,
  "color_max": 0.310834,
  "color_q_min": 0.02,
  "color_q_max": 0.98,
  "plane_center": [
    7.211518501909063,
    2.5845594585213454,
    0.30954230544949624
  ],
  "plane_normal": [
    -0.0061141322231266955,
    -0.00940214668175809,
    0.9999371065336723
  ],
  "marker_origin": [
    7.211518501909063,
    2.5845594585213454,
    0.30954230544949624
  ],
  "image_u_axis_3d": [
    -0.9999813085178935,
    5.748704251141239e-05,
    -0.0061138619612868235
  ],
  "image_v_axis_3d": [
    6.77626357804118e-21,
    0.9999557971885632,
    0.00940232242509006
  ],
  "u_min": -0.7134311823386847,
  "u_max": 1.262174118660034,
  "v_min": -1.4287264644534012,
  "v_max": 0.5463702817704412,
  "pixel_size_u_m": 0.0038661551878644202,
  "pixel_size_v_m": 0.0038651599730407877,
  "back_projection_note": {
    "pixel_to_uv": "u = u_min + px * pixel_size_u_m, v = v_max - py * pixel_size_v_m",
    "flip_x_note": "if flip_x is true, saved uv and image_u_axis_3d are already mirrored, so use the same pixel_to_uv formula",
    "point_on_plane_3d": "marker_origin + u * image_u_axis_3d + v * image_v_axis_3d",
    "direction_3d": "du * image_u_axis_3d + dv * image_v_axis_3d"
  },
  "debug": {
    "total_points": 100000,
    "basis_mode": "global",
    "height_mode": "adaptive",
    "top_candidate_q": 0.85,
    "height_band_m_input": 0.03,
    "height_band_m_used": 0.016672692140298755,
    "id_height_center": 0.00636560907126392,
    "top_id_points": 25916,
    "selected_height_min": -0.010302716531010772,
    "selected_height_max": 0.015714038929738987,
    "height_min": -0.21946720755529767,
    "height_mean": -0.14446181154632862,
    "height_max": 0.015714038929738987,
    "height_q50": -0.19504537867322277,
    "height_q70": -0.18942475760516522,
    "height_q80": 0.0021035642632759653,
    "height_q85": 0.004468712228441052,
    "height_q90": 0.007234036123538959,
    "height_q95": 0.011254943121564375,
    "height_q99": 0.014188775379944542,
    "layer_selection": {
      "height_mode": "adaptive",
      "status": "adaptive_ok",
      "adaptive_search_q": 0.6,
      "adaptive_upper_q": 0.995,
      "adaptive_bins": 64,
      "adaptive_min_points": 300,
      "adaptive_chosen_bin": 63,
      "adaptive_bin_count": 4312,
      "adaptive_layer_bin_left": 59,
      "adaptive_layer_bin_right": 63,
      "adaptive_layer_lo": -0.00156724285495341,
      "adaptive_layer_hi": 0.014663754372402877,
      "adaptive_layer_points": 24120,
      "adaptive_mad": 0.0037485255947431887,
      "adaptive_robust_sigma": 0.0055575640467662515,
      "id_height_center": 0.00636560907126392,
      "height_band_m": 0.016672692140298755,
      "selected_height_min": -0.010302716531010772,
      "selected_height_max": 0.015714038929738987,
      "selected_points": 25916,
      "selected_ratio": 0.25916
    },
    "plane_estimation": {
      "plane_refine_used": true,
      "coarse_plane_points": 100000,
      "coarse_plane_center": [
        6.941504345710026,
        2.146400736670043,
        0.15930050985024916
      ],
      "coarse_plane_normal": [
        -0.006765864986695002,
        -0.00894773713463797,
        0.9999370785550216
      ],
      "coarse_id_layer": {
        "height_mode": "adaptive",
        "status": "adaptive_ok",
        "adaptive_search_q": 0.6,
        "adaptive_upper_q": 0.995,
        "adaptive_bins": 64,
        "adaptive_min_points": 300,
        "adaptive_chosen_bin": 63,
        "adaptive_bin_count": 4578,
        "adaptive_layer_bin_left": 59,
        "adaptive_layer_bin_right": 63,
        "adaptive_layer_lo": 0.14285799821546805,
        "adaptive_layer_hi": 0.15908927161333442,
        "adaptive_layer_points": 24101,
        "adaptive_mad": 0.0036704258655390898,
        "adaptive_robust_sigma": 0.005441773388248254,
        "id_height_center": 0.15063354876737153,
        "height_band_m": 0.016325320164744764,
        "selected_height_min": 0.1343249328991413,
        "selected_height_max": 0.16013876642153818,
        "selected_points": 25907,
        "selected_ratio": 0.25907
      },
      "plate_support": {
        "plate_status": "ok",
        "plate_lower": -0.055570179869923145,
        "plate_upper": 0.14563354876737153,
        "plate_lo": 0.1424897405074138,
        "plate_hi": 0.14563354876737153,
        "plate_bins": 64,
        "plate_chosen_bin": 63,
        "plate_bin_count": 2881,
        "plate_left_bin": 63,
        "plate_right_bin": 63,
        "plate_points": 2881,
        "plate_min_points": 500,
        "plane_refine_angle_deg": 0.045522124786104914
      }
    }
  }
}