{
  "source_file": "C:\\Users\\gkwld\\Desktop\\3D-Marker-Pose-Estimation\\CAD_to_PointCloud_conversion\\pointnet2\\result\\eval1_real_newmask_height_auto_boxexpand100\\train\\marker_points\\aug_000153_marker.xyz",
  "image_size": 512,
  "point_radius": 2,
  "view_margin": 1.2,
  "plane_fit_q": 0.8,
  "height_mode": "adaptive",
  "top_candidate_q": 0.85,
  "height_band_m": 0.03,
  "basis_mode": "global",
  "plane_refine_enabled": true,
  "flip_x": true,
  "align_2d": false,
  "align_method": "none",
  "color_mode": "raw_z",
  "color_ref": "marker_all_raw_z",
  "invert_jet": false,
  "color_min": 0.103238,
  "color_max": 0.312979,
  "color_q_min": 0.02,
  "color_q_max": 0.98,
  "plane_center": [
    -4.54877705126071,
    1.0569492094070314,
    0.3125668111664858
  ],
  "plane_normal": [
    0.002059935240766763,
    -0.004826060463196822,
    0.9999862328078369
  ],
  "marker_origin": [
    -4.54877705126071,
    1.0569492094070314,
    0.3125668111664858
  ],
  "image_u_axis_3d": [
    -0.9999978783301512,
    -9.941393114544445e-06,
    0.0020599112516899343
  ],
  "image_v_axis_3d": [
    0.0,
    0.9999883544519778,
    0.0048260707025206935
  ],
  "u_min": -0.9658620689766926,
  "u_max": 0.7848091885771464,
  "v_min": -1.0647901691385733,
  "v_max": 0.6852016455344287,
  "pixel_size_u_m": 0.003425971149811818,
  "pixel_size_v_m": 0.0034246415159941332,
  "back_projection_note": {
    "pixel_to_uv": "u = u_min + px * pixel_size_u_m, v = v_max - py * pixel_size_v_m",
    "flip_x_note": "if flip_x is true, saved uv and image_u_axis_3d are already mirrored, so use the same pixel_to_uv formula",
    "point_on_plane_3d": "marker_origin + u * image_u_axis_3d + v * image_v_axis_3d",
    "direction_3d": "du * image_u_axis_3d + dv * image_v_axis_3d"
  },
  "debug": {
    "total_points": 100000,
    "basis_mode": "global",
    "height_mode": "adaptive",
    "top_candidate_q": 0.85,
    "height_band_m_input": 0.03,
    "height_band_m_used": 0.015,
    "id_height_center": 0.00089927732424838,
    "top_id_points": 25733,
    "selected_height_min": -0.013438000918211403,
    "selected_height_max": 0.005149335755019877,
    "height_min": -0.21958940216751965,
    "height_mean": -0.15090388115888806,
    "height_max": 0.005149335755019877,
    "height_q50": -0.20216768968059542,
    "height_q70": -0.19968246770545972,
    "height_q80": -0.0009156238016868125,
    "height_q85": 0.0003365751930681736,
    "height_q90": 0.0011375302518806286,
    "height_q95": 0.003784059725487077,
    "height_q99": 0.004552787521516539,
    "layer_selection": {
      "height_mode": "adaptive",
      "status": "adaptive_ok",
      "adaptive_search_q": 0.6,
      "adaptive_upper_q": 0.995,
      "adaptive_bins": 64,
      "adaptive_min_points": 300,
      "adaptive_chosen_bin": 63,
      "adaptive_bin_count": 7413,
      "adaptive_layer_bin_left": 62,
      "adaptive_layer_bin_right": 63,
      "adaptive_layer_lo": -0.0016938842687324318,
      "adaptive_layer_hi": 0.004746080769156699,
      "adaptive_layer_points": 22112,
      "adaptive_mad": 0.0013365159150877828,
      "adaptive_robust_sigma": 0.0019815184957091467,
      "id_height_center": 0.00089927732424838,
      "height_band_m": 0.015,
      "selected_height_min": -0.013438000918211403,
      "selected_height_max": 0.005149335755019877,
      "selected_points": 25733,
      "selected_ratio": 0.25733
    },
    "plane_estimation": {
      "plane_refine_used": true,
      "coarse_plane_points": 100000,
      "coarse_plane_center": [
        -4.455847851699979,
        0.8688050089899966,
        0.1605614139002265
      ],
      "coarse_plane_normal": [
        0.006540299910781085,
        -0.008383020311180378,
        0.9999434731251259
      ],
      "coarse_id_layer": {
        "height_mode": "adaptive",
        "status": "adaptive_ok",
        "adaptive_search_q": 0.6,
        "adaptive_upper_q": 0.995,
        "adaptive_bins": 64,
        "adaptive_min_points": 300,
        "adaptive_chosen_bin": 63,
        "adaptive_bin_count": 5360,
        "adaptive_layer_bin_left": 63,
        "adaptive_layer_bin_right": 63,
        "adaptive_layer_lo": 0.15617416291013875,
        "adaptive_layer_hi": 0.15942369413755356,
        "adaptive_layer_points": 5360,
        "adaptive_mad": 0.0007474744212183915,
        "adaptive_robust_sigma": 0.001108205576898387,
        "id_height_center": 0.15772159696188792,
        "height_band_m": 0.015,
        "selected_height_min": 0.14273993669473575,
        "selected_height_max": 0.1604465774932915,
        "selected_points": 24715,
        "selected_ratio": 0.24715
      },
      "plate_support": {
        "plate_status": "ok",
        "plate_lower": -0.05524118868754376,
        "plate_upper": 0.15272159696188792,
        "plate_lo": 0.14622275991034317,
        "plate_hi": 0.15272159696188792,
        "plate_bins": 64,
        "plate_chosen_bin": 63,
        "plate_bin_count": 8180,
        "plate_left_bin": 62,
        "plate_right_bin": 63,
        "plate_points": 14436,
        "plate_min_points": 500,
        "plane_refine_angle_deg": 0.3277776951608662
      }
    }
  }
}