{
  "source_file": "C:\\Users\\gkwld\\Desktop\\3D-Marker-Pose-Estimation\\CAD_to_PointCloud_conversion\\pointnet2\\result\\eval1_real_newmask_height_auto_boxexpand100\\train\\marker_points\\aug_000093_marker.xyz",
  "image_size": 512,
  "point_radius": 2,
  "view_margin": 1.2,
  "plane_fit_q": 0.8,
  "height_mode": "adaptive",
  "top_candidate_q": 0.85,
  "height_band_m": 0.03,
  "basis_mode": "global",
  "plane_refine_enabled": true,
  "flip_x": true,
  "align_2d": false,
  "align_method": "none",
  "color_mode": "raw_z",
  "color_ref": "marker_all_raw_z",
  "invert_jet": false,
  "color_min": 0.10208795999999999,
  "color_max": 0.310834,
  "color_q_min": 0.02,
  "color_q_max": 0.98,
  "plane_center": [
    -6.641972776023541,
    8.918449953973786,
    0.30990019106236005
  ],
  "plane_normal": [
    0.0004664145380645033,
    0.010837142046113638,
    0.9999411676732542
  ],
  "marker_origin": [
    -6.641972776023541,
    8.918449953973786,
    0.30990019106236005
  ],
  "image_u_axis_3d": [
    -0.9999998912277334,
    5.054601151167814e-06,
    0.0004663871485410554
  ],
  "image_v_axis_3d": [
    0.0,
    0.9999412764381334,
    -0.010837143224883434
  ],
  "u_min": -1.1835590918520218,
  "u_max": 1.1178926731037953,
  "v_min": -0.635421443786611,
  "v_max": 1.6648288049615174,
  "pixel_size_u_m": 0.00450381950089201,
  "pixel_size_v_m": 0.004501468197158764,
  "back_projection_note": {
    "pixel_to_uv": "u = u_min + px * pixel_size_u_m, v = v_max - py * pixel_size_v_m",
    "flip_x_note": "if flip_x is true, saved uv and image_u_axis_3d are already mirrored, so use the same pixel_to_uv formula",
    "point_on_plane_3d": "marker_origin + u * image_u_axis_3d + v * image_v_axis_3d",
    "direction_3d": "du * image_u_axis_3d + dv * image_v_axis_3d"
  },
  "debug": {
    "total_points": 100000,
    "basis_mode": "global",
    "height_mode": "adaptive",
    "top_candidate_q": 0.85,
    "height_band_m_input": 0.03,
    "height_band_m_used": 0.01606601397857567,
    "id_height_center": 0.006059489601237849,
    "top_id_points": 25631,
    "selected_height_min": -0.009941809447612169,
    "selected_height_max": 0.014840521358990104,
    "height_min": -0.22002973627839068,
    "height_mean": -0.14546108637842872,
    "height_max": 0.014840521358990104,
    "height_q50": -0.19562654613341657,
    "height_q70": -0.19016954398387625,
    "height_q80": 0.0015894758424875042,
    "height_q85": 0.0037654690994885667,
    "height_q90": 0.006851045832011081,
    "height_q95": 0.010268657967959177,
    "height_q99": 0.013348555346355788,
    "layer_selection": {
      "height_mode": "adaptive",
      "status": "adaptive_ok",
      "adaptive_search_q": 0.6,
      "adaptive_upper_q": 0.995,
      "adaptive_bins": 64,
      "adaptive_min_points": 300,
      "adaptive_chosen_bin": 63,
      "adaptive_bin_count": 4057,
      "adaptive_layer_bin_left": 59,
      "adaptive_layer_bin_right": 63,
      "adaptive_layer_lo": -0.0023902425413241113,
      "adaptive_layer_hi": 0.013821116750024995,
      "adaptive_layer_points": 24052,
      "adaptive_mad": 0.0036121259900570328,
      "adaptive_robust_sigma": 0.005355337992858557,
      "id_height_center": 0.006059489601237849,
      "height_band_m": 0.01606601397857567,
      "selected_height_min": -0.009941809447612169,
      "selected_height_max": 0.014840521358990104,
      "selected_points": 25631,
      "selected_ratio": 0.25631
    },
    "plane_estimation": {
      "plane_refine_used": true,
      "coarse_plane_points": 100000,
      "coarse_plane_center": [
        -6.613515755549962,
        9.43436676938984,
        0.15882588005025225
      ],
      "coarse_plane_normal": [
        0.0014345090702594344,
        0.011700392602610618,
        0.9999305190835373
      ],
      "coarse_id_layer": {
        "height_mode": "adaptive",
        "status": "adaptive_ok",
        "adaptive_search_q": 0.6,
        "adaptive_upper_q": 0.995,
        "adaptive_bins": 64,
        "adaptive_min_points": 300,
        "adaptive_chosen_bin": 63,
        "adaptive_bin_count": 3996,
        "adaptive_layer_bin_left": 59,
        "adaptive_layer_bin_right": 63,
        "adaptive_layer_lo": 0.14367453072153666,
        "adaptive_layer_hi": 0.1599157993563383,
        "adaptive_layer_points": 23608,
        "adaptive_mad": 0.003906751401836467,
        "adaptive_robust_sigma": 0.005792149628362745,
        "id_height_center": 0.1513209603997161,
        "height_band_m": 0.017376448885088235,
        "selected_height_min": 0.13400171593489668,
        "selected_height_max": 0.16102859607308023,
        "selected_points": 25680,
        "selected_ratio": 0.2568
      },
      "plate_support": {
        "plate_status": "ok",
        "plate_lower": -0.055155371286015914,
        "plate_upper": 0.1463209603997161,
        "plate_lo": 0.14317289271712652,
        "plate_hi": 0.1463209603997161,
        "plate_bins": 64,
        "plate_chosen_bin": 63,
        "plate_bin_count": 3737,
        "plate_left_bin": 63,
        "plate_right_bin": 63,
        "plate_points": 3737,
        "plate_min_points": 500,
        "plane_refine_angle_deg": 0.074319631392901
      }
    }
  }
}