{
  "source_file": "C:\\Users\\gkwld\\Desktop\\3D-Marker-Pose-Estimation\\CAD_to_PointCloud_conversion\\pointnet2\\result\\eval1_real_newmask_height_auto_boxexpand100\\train\\marker_points\\aug_000134_marker.xyz",
  "image_size": 512,
  "point_radius": 2,
  "view_margin": 1.2,
  "plane_fit_q": 0.8,
  "height_mode": "adaptive",
  "top_candidate_q": 0.85,
  "height_band_m": 0.03,
  "basis_mode": "global",
  "plane_refine_enabled": true,
  "flip_x": true,
  "align_2d": false,
  "align_method": "none",
  "color_mode": "raw_z",
  "color_ref": "marker_all_raw_z",
  "invert_jet": false,
  "color_min": 0.10335198,
  "color_max": 0.312979,
  "color_q_min": 0.02,
  "color_q_max": 0.98,
  "plane_center": [
    1.0312912751489685,
    -8.382359213108998,
    0.31159208377147984
  ],
  "plane_normal": [
    0.011653251848345831,
    -0.002079576350984354,
    0.9999299360863038
  ],
  "marker_origin": [
    1.0312912751489685,
    -8.382359213108998,
    0.31159208377147984
  ],
  "image_u_axis_3d": [
    -0.9999320985543766,
    -2.4235472579459754e-05,
    0.011653226646826243
  ],
  "image_v_axis_3d": [
    0.0,
    0.9999978373840828,
    0.0020797175668115504
  ],
  "u_min": -1.6710836873018116,
  "u_max": 0.6453508132429342,
  "v_min": -1.1913885234059456,
  "v_max": 1.1183482173803148,
  "pixel_size_u_m": 0.004533139922788153,
  "pixel_size_v_m": 0.004520032760834169,
  "back_projection_note": {
    "pixel_to_uv": "u = u_min + px * pixel_size_u_m, v = v_max - py * pixel_size_v_m",
    "flip_x_note": "if flip_x is true, saved uv and image_u_axis_3d are already mirrored, so use the same pixel_to_uv formula",
    "point_on_plane_3d": "marker_origin + u * image_u_axis_3d + v * image_v_axis_3d",
    "direction_3d": "du * image_u_axis_3d + dv * image_v_axis_3d"
  },
  "debug": {
    "total_points": 100000,
    "basis_mode": "global",
    "height_mode": "adaptive",
    "top_candidate_q": 0.85,
    "height_band_m_input": 0.03,
    "height_band_m_used": 0.016585960958094115,
    "id_height_center": 0.0063832253064471135,
    "top_id_points": 25449,
    "selected_height_min": -0.010049217154525671,
    "selected_height_max": 0.01644495036290502,
    "height_min": -0.22038422496972845,
    "height_mean": -0.14549458553766,
    "height_max": 0.01644495036290502,
    "height_q50": -0.1951354310573526,
    "height_q70": -0.18929713961770342,
    "height_q80": 0.0019611368747018687,
    "height_q85": 0.004895010447555518,
    "height_q90": 0.007162226461475875,
    "height_q95": 0.011945881615768306,
    "height_q99": 0.014774486995712268,
    "layer_selection": {
      "height_mode": "adaptive",
      "status": "adaptive_ok",
      "adaptive_search_q": 0.6,
      "adaptive_upper_q": 0.995,
      "adaptive_bins": 64,
      "adaptive_min_points": 300,
      "adaptive_chosen_bin": 63,
      "adaptive_bin_count": 4353,
      "adaptive_layer_bin_left": 59,
      "adaptive_layer_bin_right": 63,
      "adaptive_layer_lo": -0.0010052934894431431,
      "adaptive_layer_hi": 0.015283891822223528,
      "adaptive_layer_points": 23432,
      "adaptive_mad": 0.0037290258010913516,
      "adaptive_robust_sigma": 0.005528653652698038,
      "id_height_center": 0.0063832253064471135,
      "height_band_m": 0.016585960958094115,
      "selected_height_min": -0.010049217154525671,
      "selected_height_max": 0.01644495036290502,
      "selected_points": 25449,
      "selected_ratio": 0.25449
    },
    "plane_estimation": {
      "plane_refine_used": true,
      "coarse_plane_points": 100000,
      "coarse_plane_center": [
        1.540962630470018,
        -8.413146540579985,
        0.16008352969022702
      ],
      "coarse_plane_normal": [
        0.011529531200254295,
        -0.0026406228816367133,
        0.999930046062773
      ],
      "coarse_id_layer": {
        "height_mode": "adaptive",
        "status": "adaptive_ok",
        "adaptive_search_q": 0.6,
        "adaptive_upper_q": 0.995,
        "adaptive_bins": 64,
        "adaptive_min_points": 300,
        "adaptive_chosen_bin": 63,
        "adaptive_bin_count": 4661,
        "adaptive_layer_bin_left": 59,
        "adaptive_layer_bin_right": 63,
        "adaptive_layer_lo": 0.1444334076135611,
        "adaptive_layer_hi": 0.16071897955059344,
        "adaptive_layer_points": 23487,
        "adaptive_mad": 0.003606868038401101,
        "adaptive_robust_sigma": 0.005347542553733472,
        "id_height_center": 0.15171411188985182,
        "height_band_m": 0.016042627661200414,
        "selected_height_min": 0.13568609274879498,
        "selected_height_max": 0.1618571140104232,
        "selected_points": 25439,
        "selected_ratio": 0.25439
      },
      "plate_support": {
        "plate_status": "ok",
        "plate_lower": -0.05502406736833235,
        "plate_upper": 0.1467141118898518,
        "plate_lo": 0.14356195283894269,
        "plate_hi": 0.1467141118898518,
        "plate_bins": 64,
        "plate_chosen_bin": 63,
        "plate_bin_count": 2853,
        "plate_left_bin": 63,
        "plate_right_bin": 63,
        "plate_points": 2853,
        "plate_min_points": 500,
        "plane_refine_angle_deg": 0.032918109724179974
      }
    }
  }
}