{
  "source_file": "C:\\Users\\gkwld\\Desktop\\3D-Marker-Pose-Estimation\\CAD_to_PointCloud_conversion\\pointnet2\\result\\eval1_real_newmask_height_auto_boxexpand100\\train\\marker_points\\aug_000105_marker.xyz",
  "image_size": 512,
  "point_radius": 2,
  "view_margin": 1.2,
  "plane_fit_q": 0.8,
  "height_mode": "adaptive",
  "top_candidate_q": 0.85,
  "height_band_m": 0.03,
  "basis_mode": "global",
  "plane_refine_enabled": true,
  "flip_x": true,
  "align_2d": false,
  "align_method": "none",
  "color_mode": "raw_z",
  "color_ref": "marker_all_raw_z",
  "invert_jet": false,
  "color_min": 0.10317274,
  "color_max": 0.312979,
  "color_q_min": 0.02,
  "color_q_max": 0.98,
  "plane_center": [
    3.561934701355932,
    1.362035639322032,
    0.3116726416949274
  ],
  "plane_normal": [
    -0.003521664274723553,
    -0.011157134811172056,
    0.9999315557684644
  ],
  "marker_origin": [
    3.561934701355932,
    1.362035639322032,
    0.3116726416949274
  ],
  "image_u_axis_3d": [
    -0.9999937989201415,
    3.9291926725075985e-05,
    -0.0035214450738736214
  ],
  "image_v_axis_3d": [
    0.0,
    0.9999377564613459,
    0.011157203997873889
  ],
  "u_min": -1.026199519206695,
  "u_max": 1.250151131112497,
  "v_min": -1.6418413977951172,
  "v_max": 0.6363712601881409,
  "pixel_size_u_m": 0.004454697945830121,
  "pixel_size_v_m": 0.0044583417964447316,
  "back_projection_note": {
    "pixel_to_uv": "u = u_min + px * pixel_size_u_m, v = v_max - py * pixel_size_v_m",
    "flip_x_note": "if flip_x is true, saved uv and image_u_axis_3d are already mirrored, so use the same pixel_to_uv formula",
    "point_on_plane_3d": "marker_origin + u * image_u_axis_3d + v * image_v_axis_3d",
    "direction_3d": "du * image_u_axis_3d + dv * image_v_axis_3d"
  },
  "debug": {
    "total_points": 100000,
    "basis_mode": "global",
    "height_mode": "adaptive",
    "top_candidate_q": 0.85,
    "height_band_m_input": 0.03,
    "height_band_m_used": 0.016649134784489466,
    "id_height_center": 0.006310911122966656,
    "top_id_points": 25401,
    "selected_height_min": -0.010228052471507734,
    "selected_height_max": 0.016245566991135357,
    "height_min": -0.22042127899969544,
    "height_mean": -0.14570503660835116,
    "height_max": 0.016245566991135357,
    "height_q50": -0.19532526865684785,
    "height_q70": -0.18953746103171873,
    "height_q80": 0.001901242062467155,
    "height_q85": 0.004683357761383331,
    "height_q90": 0.007111083824037035,
    "height_q95": 0.011757684849448306,
    "height_q99": 0.014582552465813185,
    "layer_selection": {
      "height_mode": "adaptive",
      "status": "adaptive_ok",
      "adaptive_search_q": 0.6,
      "adaptive_upper_q": 0.995,
      "adaptive_bins": 64,
      "adaptive_min_points": 300,
      "adaptive_chosen_bin": 63,
      "adaptive_bin_count": 4380,
      "adaptive_layer_bin_left": 59,
      "adaptive_layer_bin_right": 63,
      "adaptive_layer_lo": -0.001189916090446247,
      "adaptive_layer_hi": 0.015098232363169409,
      "adaptive_layer_points": 23540,
      "adaptive_mad": 0.0037432291884728335,
      "adaptive_robust_sigma": 0.005549711594829822,
      "id_height_center": 0.006310911122966656,
      "height_band_m": 0.016649134784489466,
      "selected_height_min": -0.010228052471507734,
      "selected_height_max": 0.016245566991135357,
      "selected_points": 25401,
      "selected_ratio": 0.25401
    },
    "plane_estimation": {
      "plane_refine_used": true,
      "coarse_plane_points": 100000,
      "coarse_plane_center": [
        3.455914095219971,
        0.8609713775799863,
        0.15999341302022627
      ],
      "coarse_plane_normal": [
        -0.00426080524616956,
        -0.011188285760539506,
        0.9999283313309982
      ],
      "coarse_id_layer": {
        "height_mode": "adaptive",
        "status": "adaptive_ok",
        "adaptive_search_q": 0.6,
        "adaptive_upper_q": 0.995,
        "adaptive_bins": 64,
        "adaptive_min_points": 300,
        "adaptive_chosen_bin": 63,
        "adaptive_bin_count": 4578,
        "adaptive_layer_bin_left": 59,
        "adaptive_layer_bin_right": 63,
        "adaptive_layer_lo": 0.1446344077848423,
        "adaptive_layer_hi": 0.16092722326451167,
        "adaptive_layer_points": 23363,
        "adaptive_mad": 0.003663959856962745,
        "adaptive_robust_sigma": 0.005432186883932965,
        "id_height_center": 0.15183775454806067,
        "height_band_m": 0.016296560651798894,
        "selected_height_min": 0.1355672917016883,
        "selected_height_max": 0.16208122979771827,
        "selected_points": 25394,
        "selected_ratio": 0.25394
      },
      "plate_support": {
        "plate_status": "ok",
        "plate_lower": -0.05496380118817344,
        "plate_upper": 0.14683775454806067,
        "plate_lo": 0.14368460523968202,
        "plate_hi": 0.14683775454806067,
        "plate_bins": 64,
        "plate_chosen_bin": 63,
        "plate_bin_count": 2950,
        "plate_left_bin": 63,
        "plate_right_bin": 63,
        "plate_points": 2950,
        "plate_min_points": 500,
        "plane_refine_angle_deg": 0.04238781031855298
      }
    }
  }
}