{
  "source_file": "C:\\Users\\gkwld\\Desktop\\3D-Marker-Pose-Estimation\\CAD_to_PointCloud_conversion\\pointnet2\\result\\eval1_real_newmask_height_auto_boxexpand100\\train\\marker_points\\aug_000171_marker.xyz",
  "image_size": 512,
  "point_radius": 2,
  "view_margin": 1.2,
  "plane_fit_q": 0.8,
  "height_mode": "adaptive",
  "top_candidate_q": 0.85,
  "height_band_m": 0.03,
  "basis_mode": "global",
  "plane_refine_enabled": true,
  "flip_x": true,
  "align_2d": false,
  "align_method": "none",
  "color_mode": "raw_z",
  "color_ref": "marker_all_raw_z",
  "invert_jet": false,
  "color_min": 0.10330070000000001,
  "color_max": 0.312979,
  "color_q_min": 0.02,
  "color_q_max": 0.98,
  "plane_center": [
    -2.359344503501663,
    0.9857165569480298,
    0.31154586804276707
  ],
  "plane_normal": [
    0.010715834280170648,
    -0.004322182781785209,
    0.9999332425865644
  ],
  "marker_origin": [
    -2.359344503501663,
    0.9857165569480298,
    0.31154586804276707
  ],
  "image_u_axis_3d": [
    -0.9999425837985301,
    -4.631845384780255e-05,
    0.01071573417552219
  ],
  "image_v_axis_3d": [
    0.0,
    0.9999906582506668,
    0.00432243095934769
  ],
  "u_min": -1.618187382943574,
  "u_max": 0.624083643918392,
  "v_min": -1.2652754158736654,
  "v_max": 0.9750865383802567,
  "pixel_size_u_m": 0.004388005923408936,
  "pixel_size_v_m": 0.004384269969185757,
  "back_projection_note": {
    "pixel_to_uv": "u = u_min + px * pixel_size_u_m, v = v_max - py * pixel_size_v_m",
    "flip_x_note": "if flip_x is true, saved uv and image_u_axis_3d are already mirrored, so use the same pixel_to_uv formula",
    "point_on_plane_3d": "marker_origin + u * image_u_axis_3d + v * image_v_axis_3d",
    "direction_3d": "du * image_u_axis_3d + dv * image_v_axis_3d"
  },
  "debug": {
    "total_points": 100000,
    "basis_mode": "global",
    "height_mode": "adaptive",
    "top_candidate_q": 0.85,
    "height_band_m_input": 0.03,
    "height_band_m_used": 0.0163509239381896,
    "id_height_center": 0.006396869690410829,
    "top_id_points": 25645,
    "selected_height_min": -0.009862439086746206,
    "selected_height_max": 0.01620254810010892,
    "height_min": -0.22019834638742536,
    "height_mean": -0.14510333838998485,
    "height_max": 0.01620254810010892,
    "height_q50": -0.19524390744029796,
    "height_q70": -0.18939158298799844,
    "height_q80": 0.002159532916677558,
    "height_q85": 0.0050923933578090694,
    "height_q90": 0.007205274031079645,
    "height_q95": 0.011838416635211398,
    "height_q99": 0.01455720231282892,
    "layer_selection": {
      "height_mode": "adaptive",
      "status": "adaptive_ok",
      "adaptive_search_q": 0.6,
      "adaptive_upper_q": 0.995,
      "adaptive_bins": 64,
      "adaptive_min_points": 300,
      "adaptive_chosen_bin": 63,
      "adaptive_bin_count": 4521,
      "adaptive_layer_bin_left": 59,
      "adaptive_layer_bin_right": 63,
      "adaptive_layer_lo": -0.001194925486593612,
      "adaptive_layer_hi": 0.0150874086493147,
      "adaptive_layer_points": 23811,
      "adaptive_mad": 0.0036761823684045144,
      "adaptive_robust_sigma": 0.005450307979396532,
      "id_height_center": 0.006396869690410829,
      "height_band_m": 0.0163509239381896,
      "selected_height_min": -0.009862439086746206,
      "selected_height_max": 0.01620254810010892,
      "selected_points": 25645,
      "selected_ratio": 0.25645
    },
    "plane_estimation": {
      "plane_refine_used": true,
      "coarse_plane_points": 100000,
      "coarse_plane_center": [
        -1.8631489076299677,
        0.8464147463500108,
        0.16051320944022707
      ],
      "coarse_plane_normal": [
        0.010309425825351177,
        -0.004646980747532018,
        0.9999360586092911
      ],
      "coarse_id_layer": {
        "height_mode": "adaptive",
        "status": "adaptive_ok",
        "adaptive_search_q": 0.6,
        "adaptive_upper_q": 0.995,
        "adaptive_bins": 64,
        "adaptive_min_points": 300,
        "adaptive_chosen_bin": 63,
        "adaptive_bin_count": 4820,
        "adaptive_layer_bin_left": 59,
        "adaptive_layer_bin_right": 63,
        "adaptive_layer_lo": 0.14372220935459204,
        "adaptive_layer_hi": 0.1599970915898425,
        "adaptive_layer_points": 23894,
        "adaptive_mad": 0.003523478508829281,
        "adaptive_robust_sigma": 0.005223909237190291,
        "id_height_center": 0.1513894219731773,
        "height_band_m": 0.015671727711570875,
        "selected_height_min": 0.1357343831258607,
        "selected_height_max": 0.1610676925688502,
        "selected_points": 25630,
        "selected_ratio": 0.2563
      },
      "plate_support": {
        "plate_status": "ok",
        "plate_lower": -0.05525729516783458,
        "plate_upper": 0.1463894219731773,
        "plate_lo": 0.143238692017849,
        "plate_hi": 0.1463894219731773,
        "plate_bins": 64,
        "plate_chosen_bin": 63,
        "plate_bin_count": 2713,
        "plate_left_bin": 63,
        "plate_right_bin": 63,
        "plate_points": 2713,
        "plate_min_points": 500,
        "plane_refine_angle_deg": 0.029808868490215763
      }
    }
  }
}