{
  "source_file": "C:\\Users\\gkwld\\Desktop\\3D-Marker-Pose-Estimation\\CAD_to_PointCloud_conversion\\pointnet2\\result\\eval1_real_newmask_height_auto_boxexpand100\\train\\marker_points\\aug_000101_marker.xyz",
  "image_size": 512,
  "point_radius": 2,
  "view_margin": 1.2,
  "plane_fit_q": 0.8,
  "height_mode": "adaptive",
  "top_candidate_q": 0.85,
  "height_band_m": 0.03,
  "basis_mode": "global",
  "plane_refine_enabled": true,
  "flip_x": true,
  "align_2d": false,
  "align_method": "none",
  "color_mode": "raw_z",
  "color_ref": "marker_all_raw_z",
  "invert_jet": false,
  "color_min": 0.103156,
  "color_max": 0.312979,
  "color_q_min": 0.02,
  "color_q_max": 0.98,
  "plane_center": [
    7.380284351920276,
    5.335560328431032,
    0.3125760835017329
  ],
  "plane_normal": [
    0.005057765783734493,
    0.002249562086461313,
    0.9999846791194834
  ],
  "marker_origin": [
    7.380284351920276,
    5.335560328431032,
    0.3125760835017329
  ],
  "image_u_axis_3d": [
    -0.9999872094198391,
    1.1377903679256723e-05,
    0.0050577529858941254
  ],
  "image_v_axis_3d": [
    0.0,
    0.99999746966628,
    -0.0022495908600312885
  ],
  "u_min": -1.0672585465589222,
  "u_max": 0.7112304963620901,
  "v_min": -0.8240353692390499,
  "v_max": 0.9544489249309556,
  "pixel_size_u_m": 0.0034804090859511003,
  "pixel_size_v_m": 0.0034803997928962924,
  "back_projection_note": {
    "pixel_to_uv": "u = u_min + px * pixel_size_u_m, v = v_max - py * pixel_size_v_m",
    "flip_x_note": "if flip_x is true, saved uv and image_u_axis_3d are already mirrored, so use the same pixel_to_uv formula",
    "point_on_plane_3d": "marker_origin + u * image_u_axis_3d + v * image_v_axis_3d",
    "direction_3d": "du * image_u_axis_3d + dv * image_v_axis_3d"
  },
  "debug": {
    "total_points": 100000,
    "basis_mode": "global",
    "height_mode": "adaptive",
    "top_candidate_q": 0.85,
    "height_band_m_input": 0.03,
    "height_band_m_used": 0.015,
    "id_height_center": 0.0008338710859131315,
    "top_id_points": 25654,
    "selected_height_min": -0.013689588242553173,
    "selected_height_max": 0.005277235631149454,
    "height_min": -0.21987741376238507,
    "height_mean": -0.15115083688596173,
    "height_max": 0.005277235631149454,
    "height_q50": -0.2021793692482355,
    "height_q70": -0.19957944978056755,
    "height_q80": -0.001116270102379273,
    "height_q85": 0.0001899961872678598,
    "height_q90": 0.0010190958124389503,
    "height_q95": 0.003796549170416677,
    "height_q99": 0.004642439651643339,
    "layer_selection": {
      "height_mode": "adaptive",
      "status": "adaptive_ok",
      "adaptive_search_q": 0.6,
      "adaptive_upper_q": 0.995,
      "adaptive_bins": 64,
      "adaptive_min_points": 300,
      "adaptive_chosen_bin": 63,
      "adaptive_bin_count": 6824,
      "adaptive_layer_bin_left": 62,
      "adaptive_layer_bin_right": 63,
      "adaptive_layer_lo": -0.0016003357845588706,
      "adaptive_layer_hi": 0.004841533070621282,
      "adaptive_layer_points": 21263,
      "adaptive_mad": 0.001236885720715774,
      "adaptive_robust_sigma": 0.0018338067695332064,
      "id_height_center": 0.0008338710859131315,
      "height_band_m": 0.015,
      "selected_height_min": -0.013689588242553173,
      "selected_height_max": 0.005277235631149454,
      "selected_points": 25654,
      "selected_ratio": 0.25654
    },
    "plane_estimation": {
      "plane_refine_used": true,
      "coarse_plane_points": 100000,
      "coarse_plane_center": [
        7.553802860869843,
        5.402654475939967,
        0.16039436663022755
      ],
      "coarse_plane_normal": [
        0.009098693679533365,
        0.006505809060985568,
        0.9999374421531518
      ],
      "coarse_id_layer": {
        "height_mode": "adaptive",
        "status": "adaptive_ok",
        "adaptive_search_q": 0.6,
        "adaptive_upper_q": 0.995,
        "adaptive_bins": 64,
        "adaptive_min_points": 300,
        "adaptive_chosen_bin": 63,
        "adaptive_bin_count": 5177,
        "adaptive_layer_bin_left": 63,
        "adaptive_layer_bin_right": 63,
        "adaptive_layer_lo": 0.15665765781985003,
        "adaptive_layer_hi": 0.1599100161932834,
        "adaptive_layer_points": 5177,
        "adaptive_mad": 0.000715367995109073,
        "adaptive_robust_sigma": 0.0010606045895487116,
        "id_height_center": 0.15818596675161756,
        "height_band_m": 0.015,
        "selected_height_min": 0.14320147156907023,
        "selected_height_max": 0.16094641978024857,
        "selected_points": 24515,
        "selected_ratio": 0.24515
      },
      "plate_support": {
        "plate_status": "ok",
        "plate_lower": -0.055332709761717905,
        "plate_upper": 0.15318596675161755,
        "plate_lo": 0.1466697581105758,
        "plate_hi": 0.15318596675161755,
        "plate_bins": 64,
        "plate_chosen_bin": 63,
        "plate_bin_count": 8566,
        "plate_left_bin": 62,
        "plate_right_bin": 63,
        "plate_points": 14347,
        "plate_min_points": 500,
        "plane_refine_angle_deg": 0.3362782518988868
      }
    }
  }
}