{
  "source_file": "C:\\Users\\gkwld\\Desktop\\3D-Marker-Pose-Estimation\\CAD_to_PointCloud_conversion\\pointnet2\\result\\eval1_real_newmask_height_auto_boxexpand100\\train\\marker_points\\aug_000149_marker.xyz",
  "image_size": 512,
  "point_radius": 2,
  "view_margin": 1.2,
  "plane_fit_q": 0.8,
  "height_mode": "adaptive",
  "top_candidate_q": 0.85,
  "height_band_m": 0.03,
  "basis_mode": "global",
  "plane_refine_enabled": true,
  "flip_x": true,
  "align_2d": false,
  "align_method": "none",
  "color_mode": "raw_z",
  "color_ref": "marker_all_raw_z",
  "invert_jet": false,
  "color_min": 0.10320784,
  "color_max": 0.312979,
  "color_q_min": 0.02,
  "color_q_max": 0.98,
  "plane_center": [
    8.50739464960176,
    10.003289709934368,
    0.31243091002811824
  ],
  "plane_normal": [
    -0.0006307457859904815,
    -0.004510040763839732,
    0.9999896307912708
  ],
  "marker_origin": [
    8.50739464960176,
    10.003289709934368,
    0.31243091002811824
  ],
  "image_u_axis_3d": [
    -0.999999801078857,
    2.844689772300455e-06,
    -0.0006307393711219067
  ],
  "image_v_axis_3d": [
    4.235164736275736e-22,
    0.9999898297093908,
    0.004510041660977864
  ],
  "u_min": -1.0856453287354948,
  "u_max": 1.0786698447991445,
  "v_min": -1.3167095175260966,
  "v_max": 0.8482847258882895,
  "pixel_size_u_m": 0.004235450437445478,
  "pixel_size_v_m": 0.004236779341319738,
  "back_projection_note": {
    "pixel_to_uv": "u = u_min + px * pixel_size_u_m, v = v_max - py * pixel_size_v_m",
    "flip_x_note": "if flip_x is true, saved uv and image_u_axis_3d are already mirrored, so use the same pixel_to_uv formula",
    "point_on_plane_3d": "marker_origin + u * image_u_axis_3d + v * image_v_axis_3d",
    "direction_3d": "du * image_u_axis_3d + dv * image_v_axis_3d"
  },
  "debug": {
    "total_points": 100000,
    "basis_mode": "global",
    "height_mode": "adaptive",
    "top_candidate_q": 0.85,
    "height_band_m_input": 0.03,
    "height_band_m_used": 0.015,
    "id_height_center": 0.0009999096299831897,
    "top_id_points": 25725,
    "selected_height_min": -0.012894703891491855,
    "selected_height_max": 0.0046760547543696785,
    "height_min": -0.21882435902733546,
    "height_mean": -0.15084706718918808,
    "height_max": 0.0046760547543696785,
    "height_q50": -0.20223130323225458,
    "height_q70": -0.20011362378472425,
    "height_q80": -0.0004924093637841526,
    "height_q85": 0.0005191133630147688,
    "height_q90": 0.001258734547435794,
    "height_q95": 0.0035586513508472305,
    "height_q99": 0.004196497391192994,
    "layer_selection": {
      "height_mode": "adaptive",
      "status": "adaptive_ok",
      "adaptive_search_q": 0.6,
      "adaptive_upper_q": 0.995,
      "adaptive_bins": 64,
      "adaptive_min_points": 300,
      "adaptive_chosen_bin": 63,
      "adaptive_bin_count": 10470,
      "adaptive_layer_bin_left": 62,
      "adaptive_layer_bin_right": 63,
      "adaptive_layer_lo": -0.0020854604343789607,
      "adaptive_layer_hi": 0.004346869224232551,
      "adaptive_layer_points": 22751,
      "adaptive_mad": 0.0011072571376236696,
      "adaptive_robust_sigma": 0.0016416194322408525,
      "id_height_center": 0.0009999096299831897,
      "height_band_m": 0.015,
      "selected_height_min": -0.012894703891491855,
      "selected_height_max": 0.0046760547543696785,
      "selected_points": 25725,
      "selected_ratio": 0.25725
    },
    "plane_estimation": {
      "plane_refine_used": true,
      "coarse_plane_points": 100000,
      "coarse_plane_center": [
        8.513328810910156,
        9.773026213460252,
        0.16054751312022691
      ],
      "coarse_plane_normal": [
        0.0015343674031854982,
        -0.011223400669739054,
        0.9999358384376862
      ],
      "coarse_id_layer": {
        "height_mode": "adaptive",
        "status": "adaptive_ok",
        "adaptive_search_q": 0.6,
        "adaptive_upper_q": 0.995,
        "adaptive_bins": 64,
        "adaptive_min_points": 300,
        "adaptive_chosen_bin": 63,
        "adaptive_bin_count": 5081,
        "adaptive_layer_bin_left": 63,
        "adaptive_layer_bin_right": 63,
        "adaptive_layer_lo": 0.15669415253108349,
        "adaptive_layer_hi": 0.159947867824356,
        "adaptive_layer_points": 5081,
        "adaptive_mad": 0.0007248986634925403,
        "adaptive_robust_sigma": 0.00107473475849404,
        "id_height_center": 0.15817441288571246,
        "height_band_m": 0.015,
        "selected_height_min": 0.1431744575325599,
        "selected_height_max": 0.1609704569379373,
        "selected_points": 24571,
        "selected_ratio": 0.24571
      },
      "plate_support": {
        "plate_status": "ok",
        "plate_lower": -0.0554465201818535,
        "plate_upper": 0.15317441288571246,
        "plate_lo": 0.1433953066481703,
        "plate_hi": 0.15317441288571246,
        "plate_bins": 64,
        "plate_chosen_bin": 63,
        "plate_bin_count": 8296,
        "plate_left_bin": 61,
        "plate_right_bin": 63,
        "plate_points": 17072,
        "plate_min_points": 500,
        "plane_refine_angle_deg": 0.4041689134865185
      }
    }
  }
}