{
  "source_file": "C:\\Users\\gkwld\\Desktop\\3D-Marker-Pose-Estimation\\CAD_to_PointCloud_conversion\\pointnet2\\result\\eval1_real_newmask_height_auto_boxexpand100\\train\\marker_points\\aug_000176_marker.xyz",
  "image_size": 512,
  "point_radius": 2,
  "view_margin": 1.2,
  "plane_fit_q": 0.8,
  "height_mode": "adaptive",
  "top_candidate_q": 0.85,
  "height_band_m": 0.03,
  "basis_mode": "global",
  "plane_refine_enabled": true,
  "flip_x": true,
  "align_2d": false,
  "align_method": "none",
  "color_mode": "raw_z",
  "color_ref": "marker_all_raw_z",
  "invert_jet": false,
  "color_min": 0.10301,
  "color_max": 0.312979,
  "color_q_min": 0.02,
  "color_q_max": 0.98,
  "plane_center": [
    7.999867526692049,
    5.3747794717843345,
    0.31243672540287365
  ],
  "plane_normal": [
    0.0018066887288919382,
    -0.004373206099256258,
    0.9999888054084658
  ],
  "marker_origin": [
    7.999867526692049,
    5.3747794717843345,
    0.31243672540287365
  ],
  "image_u_axis_3d": [
    -0.9999983679355866,
    -7.901035063630113e-06,
    0.0018066714523501594
  ],
  "image_v_axis_3d": [
    1.694065894510295e-21,
    0.9999904374562725,
    0.00437321323661758
  ],
  "u_min": -1.0503522136106067,
  "u_max": 0.8033172540096645,
  "v_min": -1.1234610791211164,
  "v_max": 0.7272279760806266,
  "pixel_size_u_m": 0.003627533204736343,
  "pixel_size_v_m": 0.003621700695111043,
  "back_projection_note": {
    "pixel_to_uv": "u = u_min + px * pixel_size_u_m, v = v_max - py * pixel_size_v_m",
    "flip_x_note": "if flip_x is true, saved uv and image_u_axis_3d are already mirrored, so use the same pixel_to_uv formula",
    "point_on_plane_3d": "marker_origin + u * image_u_axis_3d + v * image_v_axis_3d",
    "direction_3d": "du * image_u_axis_3d + dv * image_v_axis_3d"
  },
  "debug": {
    "total_points": 100000,
    "basis_mode": "global",
    "height_mode": "adaptive",
    "top_candidate_q": 0.85,
    "height_band_m_input": 0.03,
    "height_band_m_used": 0.015,
    "id_height_center": 0.0009664793137736336,
    "top_id_points": 25537,
    "selected_height_min": -0.012971401808118236,
    "selected_height_max": 0.004748591305620299,
    "height_min": -0.2188710674291713,
    "height_mean": -0.15122179573038894,
    "height_max": 0.004748591305620299,
    "height_q50": -0.20216335098300392,
    "height_q70": -0.20008159165229888,
    "height_q80": -0.0005599238552437889,
    "height_q85": 0.0004719109823903488,
    "height_q90": 0.001253711374629588,
    "height_q95": 0.0036527745002003084,
    "height_q99": 0.004289001854595842,
    "layer_selection": {
      "height_mode": "adaptive",
      "status": "adaptive_ok",
      "adaptive_search_q": 0.6,
      "adaptive_upper_q": 0.995,
      "adaptive_bins": 64,
      "adaptive_min_points": 300,
      "adaptive_chosen_bin": 63,
      "adaptive_bin_count": 9653,
      "adaptive_layer_bin_left": 62,
      "adaptive_layer_bin_right": 63,
      "adaptive_layer_lo": -0.001989579808093722,
      "adaptive_layer_hi": 0.0044425364280004645,
      "adaptive_layer_points": 22565,
      "adaptive_mad": 0.0011050361983915736,
      "adaptive_robust_sigma": 0.001638326667735347,
      "id_height_center": 0.0009664793137736336,
      "height_band_m": 0.015,
      "selected_height_min": -0.012971401808118236,
      "selected_height_max": 0.004748591305620299,
      "selected_points": 25537,
      "selected_ratio": 0.25537
    },
    "plane_estimation": {
      "plane_refine_used": true,
      "coarse_plane_points": 100000,
      "coarse_plane_center": [
        8.124676469350115,
        5.181528350549977,
        0.1601426069102273
      ],
      "coarse_plane_normal": [
        0.0064417338992849805,
        -0.009627000974499955,
        0.9999329102067838
      ],
      "coarse_id_layer": {
        "height_mode": "adaptive",
        "status": "adaptive_ok",
        "adaptive_search_q": 0.6,
        "adaptive_upper_q": 0.995,
        "adaptive_bins": 64,
        "adaptive_min_points": 300,
        "adaptive_chosen_bin": 63,
        "adaptive_bin_count": 5490,
        "adaptive_layer_bin_left": 63,
        "adaptive_layer_bin_right": 63,
        "adaptive_layer_lo": 0.15703682864089752,
        "adaptive_layer_hi": 0.16028786983942805,
        "adaptive_layer_points": 5490,
        "adaptive_mad": 0.0006856408202246533,
        "adaptive_robust_sigma": 0.0010165310800650709,
        "id_height_center": 0.15859995484389586,
        "height_band_m": 0.015,
        "selected_height_min": 0.14360178097470988,
        "selected_height_max": 0.16121792329831702,
        "selected_points": 24334,
        "selected_ratio": 0.24334
      },
      "plate_support": {
        "plate_status": "ok",
        "plate_lower": -0.05538832928320364,
        "plate_upper": 0.15359995484389585,
        "plate_lo": 0.14380362902543806,
        "plate_hi": 0.15359995484389585,
        "plate_bins": 64,
        "plate_chosen_bin": 63,
        "plate_bin_count": 8076,
        "plate_left_bin": 61,
        "plate_right_bin": 63,
        "plate_points": 17065,
        "plate_min_points": 500,
        "plane_refine_angle_deg": 0.40143589206020275
      }
    }
  }
}