{
  "source_file": "C:\\Users\\gkwld\\Desktop\\3D-Marker-Pose-Estimation\\CAD_to_PointCloud_conversion\\pointnet2\\result\\eval1_real_newmask_height_auto_boxexpand100\\train\\marker_points\\aug_000058_marker.xyz",
  "image_size": 512,
  "point_radius": 2,
  "view_margin": 1.2,
  "plane_fit_q": 0.8,
  "height_mode": "adaptive",
  "top_candidate_q": 0.85,
  "height_band_m": 0.03,
  "basis_mode": "global",
  "plane_refine_enabled": true,
  "flip_x": true,
  "align_2d": false,
  "align_method": "none",
  "color_mode": "raw_z",
  "color_ref": "marker_all_raw_z",
  "invert_jet": false,
  "color_min": 0.10210274,
  "color_max": 0.310834,
  "color_q_min": 0.02,
  "color_q_max": 0.98,
  "plane_center": [
    -0.5217707178531509,
    -7.355398088706665,
    0.30925505106224344
  ],
  "plane_normal": [
    0.011128636987205521,
    0.0009348193905708936,
    0.9999376378302369
  ],
  "marker_origin": [
    -0.5217707178531509,
    -7.355398088706665,
    0.30925505106224344
  ],
  "image_u_axis_3d": [
    -0.9999380748010386,
    1.0403909910434546e-05,
    0.011128632123992685
  ],
  "image_v_axis_3d": [
    0.0,
    0.9999995630011375,
    -0.0009348772830317152
  ],
  "u_min": -1.6419045811069015,
  "u_max": 0.6498447618649276,
  "v_min": -1.0856116661518107,
  "v_max": 1.205630598475505,
  "pixel_size_u_m": 0.004484832373721779,
  "pixel_size_v_m": 0.004483840048194356,
  "back_projection_note": {
    "pixel_to_uv": "u = u_min + px * pixel_size_u_m, v = v_max - py * pixel_size_v_m",
    "flip_x_note": "if flip_x is true, saved uv and image_u_axis_3d are already mirrored, so use the same pixel_to_uv formula",
    "point_on_plane_3d": "marker_origin + u * image_u_axis_3d + v * image_v_axis_3d",
    "direction_3d": "du * image_u_axis_3d + dv * image_v_axis_3d"
  },
  "debug": {
    "total_points": 100000,
    "basis_mode": "global",
    "height_mode": "adaptive",
    "top_candidate_q": 0.85,
    "height_band_m_input": 0.03,
    "height_band_m_used": 0.01643283621122856,
    "id_height_center": 0.006405377442916735,
    "top_id_points": 25927,
    "selected_height_min": -0.010026725437665213,
    "selected_height_max": 0.015716322782691947,
    "height_min": -0.21967667099591037,
    "height_mean": -0.14438269246500063,
    "height_max": 0.015716322782691947,
    "height_q50": -0.19497800011730668,
    "height_q70": -0.18933788440141203,
    "height_q80": 0.002189082570268977,
    "height_q85": 0.004661714781011614,
    "height_q90": 0.007234010962654446,
    "height_q95": 0.01124570217777898,
    "height_q99": 0.01420780228918097,
    "layer_selection": {
      "height_mode": "adaptive",
      "status": "adaptive_ok",
      "adaptive_search_q": 0.6,
      "adaptive_upper_q": 0.995,
      "adaptive_bins": 64,
      "adaptive_min_points": 300,
      "adaptive_chosen_bin": 63,
      "adaptive_bin_count": 4237,
      "adaptive_layer_bin_left": 59,
      "adaptive_layer_bin_right": 63,
      "adaptive_layer_lo": -0.001532446818407418,
      "adaptive_layer_hi": 0.014698556213226823,
      "adaptive_layer_points": 24185,
      "adaptive_mad": 0.003694598725488683,
      "adaptive_robust_sigma": 0.005477612070409521,
      "id_height_center": 0.006405377442916735,
      "height_band_m": 0.01643283621122856,
      "selected_height_min": -0.010026725437665213,
      "selected_height_max": 0.015716322782691947,
      "selected_points": 25927,
      "selected_ratio": 0.25927
    },
    "plane_estimation": {
      "plane_refine_used": true,
      "coarse_plane_points": 100000,
      "coarse_plane_center": [
        -0.028875999939999415,
        -7.291154320249829,
        0.15931770547025081
      ],
      "coarse_plane_normal": [
        0.010778957960964678,
        0.0004485473193626088,
        0.9999418047409451
      ],
      "coarse_id_layer": {
        "height_mode": "adaptive",
        "status": "adaptive_ok",
        "adaptive_search_q": 0.6,
        "adaptive_upper_q": 0.995,
        "adaptive_bins": 64,
        "adaptive_min_points": 300,
        "adaptive_chosen_bin": 63,
        "adaptive_bin_count": 4595,
        "adaptive_layer_bin_left": 59,
        "adaptive_layer_bin_right": 63,
        "adaptive_layer_lo": 0.14257777563284466,
        "adaptive_layer_hi": 0.15879871388501715,
        "adaptive_layer_points": 24232,
        "adaptive_mad": 0.0035525751783501702,
        "adaptive_robust_sigma": 0.005267047959421962,
        "id_height_center": 0.15068822875194393,
        "height_band_m": 0.015801143878265887,
        "selected_height_min": 0.1349459461420592,
        "selected_height_max": 0.15978668443162766,
        "selected_points": 25898,
        "selected_ratio": 0.25898
      },
      "plate_support": {
        "plate_status": "ok",
        "plate_lower": -0.05547592755291663,
        "plate_upper": 0.14568822875194393,
        "plate_lo": 0.14254503880968047,
        "plate_hi": 0.14568822875194393,
        "plate_bins": 64,
        "plate_chosen_bin": 63,
        "plate_bin_count": 2683,
        "plate_left_bin": 63,
        "plate_right_bin": 63,
        "plate_points": 2683,
        "plate_min_points": 500,
        "plane_refine_angle_deg": 0.03431808291895972
      }
    }
  }
}