{
  "source_file": "C:\\Users\\gkwld\\Desktop\\3D-Marker-Pose-Estimation\\CAD_to_PointCloud_conversion\\pointnet2\\result\\eval1_real_newmask_height_auto_boxexpand100\\train\\marker_points\\aug_000132_marker.xyz",
  "image_size": 512,
  "point_radius": 2,
  "view_margin": 1.2,
  "plane_fit_q": 0.8,
  "height_mode": "adaptive",
  "top_candidate_q": 0.85,
  "height_band_m": 0.03,
  "basis_mode": "global",
  "plane_refine_enabled": true,
  "flip_x": true,
  "align_2d": false,
  "align_method": "none",
  "color_mode": "raw_z",
  "color_ref": "marker_all_raw_z",
  "invert_jet": false,
  "color_min": 0.10336382,
  "color_max": 0.312979,
  "color_q_min": 0.02,
  "color_q_max": 0.98,
  "plane_center": [
    -3.177577419537853,
    0.22828118734117325,
    0.3124683181845032
  ],
  "plane_normal": [
    -0.0044245356133802245,
    -0.0005708350183636062,
    0.9999900487654804
  ],
  "marker_origin": [
    -3.177577419537853,
    0.22828118734117325,
    0.3124683181845032
  ],
  "image_u_axis_3d": [
    -0.9999902116933976,
    2.525704590480198e-06,
    -0.004424534892483948
  ],
  "image_v_axis_3d": [
    0.0,
    0.9999998370694881,
    0.0005708406059259074
  ],
  "u_min": -0.7050810588170393,
  "u_max": 1.150517013748997,
  "v_min": -0.9930241651684472,
  "v_max": 0.8624242467983337,
  "pixel_size_u_m": 0.0036313073827124,
  "pixel_size_v_m": 0.0036310145048273597,
  "back_projection_note": {
    "pixel_to_uv": "u = u_min + px * pixel_size_u_m, v = v_max - py * pixel_size_v_m",
    "flip_x_note": "if flip_x is true, saved uv and image_u_axis_3d are already mirrored, so use the same pixel_to_uv formula",
    "point_on_plane_3d": "marker_origin + u * image_u_axis_3d + v * image_v_axis_3d",
    "direction_3d": "du * image_u_axis_3d + dv * image_v_axis_3d"
  },
  "debug": {
    "total_points": 100000,
    "basis_mode": "global",
    "height_mode": "adaptive",
    "top_candidate_q": 0.85,
    "height_band_m_input": 0.03,
    "height_band_m_used": 0.015,
    "id_height_center": 0.0009386146925870408,
    "top_id_points": 25471,
    "selected_height_min": -0.01290996406246675,
    "selected_height_max": 0.004526738961932119,
    "height_min": -0.2187976873678746,
    "height_mean": -0.15142638561169786,
    "height_max": 0.004526738961932119,
    "height_q50": -0.20233909261347466,
    "height_q70": -0.2003270464040754,
    "height_q80": -0.0005382835504082992,
    "height_q85": 0.0004612460793503007,
    "height_q90": 0.001197341068458302,
    "height_q95": 0.003440257355530696,
    "height_q99": 0.0040635924840956746,
    "layer_selection": {
      "height_mode": "adaptive",
      "status": "adaptive_ok",
      "adaptive_search_q": 0.6,
      "adaptive_upper_q": 0.995,
      "adaptive_bins": 64,
      "adaptive_min_points": 300,
      "adaptive_chosen_bin": 63,
      "adaptive_bin_count": 10909,
      "adaptive_layer_bin_left": 62,
      "adaptive_layer_bin_right": 63,
      "adaptive_layer_lo": -0.0022211822064634734,
      "adaptive_layer_hi": 0.004210841879653805,
      "adaptive_layer_points": 22598,
      "adaptive_mad": 0.0010734337564493142,
      "adaptive_robust_sigma": 0.0015914728873117532,
      "id_height_center": 0.0009386146925870408,
      "height_band_m": 0.015,
      "selected_height_min": -0.01290996406246675,
      "selected_height_max": 0.004526738961932119,
      "selected_points": 25471,
      "selected_ratio": 0.25471
    },
    "plane_estimation": {
      "plane_refine_used": true,
      "coarse_plane_points": 100000,
      "coarse_plane_center": [
        -3.397387268679932,
        0.16083530537999613,
        0.16002935864022663
      ],
      "coarse_plane_normal": [
        -0.010742422581197274,
        -0.00426213444018937,
        0.9999332150524358
      ],
      "coarse_id_layer": {
        "height_mode": "adaptive",
        "status": "adaptive_ok",
        "adaptive_search_q": 0.6,
        "adaptive_upper_q": 0.995,
        "adaptive_bins": 64,
        "adaptive_min_points": 300,
        "adaptive_chosen_bin": 63,
        "adaptive_bin_count": 5137,
        "adaptive_layer_bin_left": 63,
        "adaptive_layer_bin_right": 63,
        "adaptive_layer_lo": 0.15727466910302856,
        "adaptive_layer_hi": 0.16052957678139426,
        "adaptive_layer_points": 5137,
        "adaptive_mad": 0.0007113782145430902,
        "adaptive_robust_sigma": 0.0010546893408815855,
        "id_height_center": 0.15874938132356367,
        "height_band_m": 0.015,
        "selected_height_min": 0.14375361653048144,
        "selected_height_max": 0.1615612326916389,
        "selected_points": 24252,
        "selected_ratio": 0.24252
      },
      "plate_support": {
        "plate_status": "ok",
        "plate_lower": -0.05508991925355893,
        "plate_upper": 0.15374938132356367,
        "plate_lo": 0.14396003910901103,
        "plate_hi": 0.15374938132356367,
        "plate_bins": 64,
        "plate_chosen_bin": 63,
        "plate_bin_count": 8073,
        "plate_left_bin": 61,
        "plate_right_bin": 63,
        "plate_points": 16921,
        "plate_min_points": 500,
        "plane_refine_angle_deg": 0.41925816260888193
      }
    }
  }
}