{
  "source_file": "C:\\Users\\gkwld\\Desktop\\3D-Marker-Pose-Estimation\\CAD_to_PointCloud_conversion\\pointnet2\\result\\eval1_real_newmask_height_auto_boxexpand100\\train\\marker_points\\aug_000161_marker.xyz",
  "image_size": 512,
  "point_radius": 2,
  "view_margin": 1.2,
  "plane_fit_q": 0.8,
  "height_mode": "adaptive",
  "top_candidate_q": 0.85,
  "height_band_m": 0.03,
  "basis_mode": "global",
  "plane_refine_enabled": true,
  "flip_x": true,
  "align_2d": false,
  "align_method": "none",
  "color_mode": "raw_z",
  "color_ref": "marker_all_raw_z",
  "invert_jet": false,
  "color_min": 0.10325472,
  "color_max": 0.312979,
  "color_q_min": 0.02,
  "color_q_max": 0.98,
  "plane_center": [
    4.967284287173049,
    4.811988866624689,
    0.3125767119177061
  ],
  "plane_normal": [
    0.00507651860779752,
    -0.0020719829542412147,
    0.9999849678087477
  ],
  "marker_origin": [
    4.967284287173049,
    4.811988866624689,
    0.3125767119177061
  ],
  "image_u_axis_3d": [
    -0.999987114395393,
    -1.0518595560687184e-05,
    0.0050765077104599
  ],
  "image_v_axis_3d": [
    0.0,
    0.9999978533846943,
    0.002072009653336278
  ],
  "u_min": -1.3320200565167053,
  "u_max": 0.9795492514760056,
  "v_min": -1.2372276795863617,
  "v_max": 1.0737061336190066,
  "pixel_size_u_m": 0.004523618998028788,
  "pixel_size_v_m": 0.004522375368307962,
  "back_projection_note": {
    "pixel_to_uv": "u = u_min + px * pixel_size_u_m, v = v_max - py * pixel_size_v_m",
    "flip_x_note": "if flip_x is true, saved uv and image_u_axis_3d are already mirrored, so use the same pixel_to_uv formula",
    "point_on_plane_3d": "marker_origin + u * image_u_axis_3d + v * image_v_axis_3d",
    "direction_3d": "du * image_u_axis_3d + dv * image_v_axis_3d"
  },
  "debug": {
    "total_points": 100000,
    "basis_mode": "global",
    "height_mode": "adaptive",
    "top_candidate_q": 0.85,
    "height_band_m_input": 0.03,
    "height_band_m_used": 0.015,
    "id_height_center": 0.0008541177752366601,
    "top_id_points": 25697,
    "selected_height_min": -0.013637325871127263,
    "selected_height_max": 0.0052585290741509975,
    "height_min": -0.2198084294768898,
    "height_mean": -0.15104855848161367,
    "height_max": 0.0052585290741509975,
    "height_q50": -0.2021693001085432,
    "height_q70": -0.19959786146043856,
    "height_q80": -0.0010865473572539014,
    "height_q85": 0.00022298975707387046,
    "height_q90": 0.0010577271747037567,
    "height_q95": 0.0038270641427496912,
    "height_q99": 0.0046261623392308444,
    "layer_selection": {
      "height_mode": "adaptive",
      "status": "adaptive_ok",
      "adaptive_search_q": 0.6,
      "adaptive_upper_q": 0.995,
      "adaptive_bins": 64,
      "adaptive_min_points": 300,
      "adaptive_chosen_bin": 63,
      "adaptive_bin_count": 6964,
      "adaptive_layer_bin_left": 62,
      "adaptive_layer_bin_right": 63,
      "adaptive_layer_lo": -0.0015985659979913525,
      "adaptive_layer_hi": 0.004842676550453356,
      "adaptive_layer_points": 21455,
      "adaptive_mad": 0.0013090083782095314,
      "adaptive_robust_sigma": 0.0019407358215334511,
      "id_height_center": 0.0008541177752366601,
      "height_band_m": 0.015,
      "selected_height_min": -0.013637325871127263,
      "selected_height_max": 0.0052585290741509975,
      "selected_points": 25697,
      "selected_ratio": 0.25697
    },
    "plane_estimation": {
      "plane_refine_used": true,
      "coarse_plane_points": 100000,
      "coarse_plane_center": [
        5.14213492781993,
        4.7333952330400075,
        0.1604753898202268
      ],
      "coarse_plane_normal": [
        0.010909191550081975,
        -0.002042656363845885,
        0.9999384066494811
      ],
      "coarse_id_layer": {
        "height_mode": "adaptive",
        "status": "adaptive_ok",
        "adaptive_search_q": 0.6,
        "adaptive_upper_q": 0.995,
        "adaptive_bins": 64,
        "adaptive_min_points": 300,
        "adaptive_chosen_bin": 63,
        "adaptive_bin_count": 5330,
        "adaptive_layer_bin_left": 63,
        "adaptive_layer_bin_right": 63,
        "adaptive_layer_lo": 0.1565393529404746,
        "adaptive_layer_hi": 0.1597907134696891,
        "adaptive_layer_points": 5330,
        "adaptive_mad": 0.0006926945712293631,
        "adaptive_robust_sigma": 0.0010269889713046536,
        "id_height_center": 0.1580359395157549,
        "height_band_m": 0.015,
        "selected_height_min": 0.14303894421607133,
        "selected_height_max": 0.16079708690225442,
        "selected_points": 24521,
        "selected_ratio": 0.24521
      },
      "plate_support": {
        "plate_status": "ok",
        "plate_lower": -0.05541681755155753,
        "plate_upper": 0.1530359395157549,
        "plate_lo": 0.14652179085740138,
        "plate_hi": 0.1530359395157549,
        "plate_bins": 64,
        "plate_chosen_bin": 63,
        "plate_bin_count": 8515,
        "plate_left_bin": 62,
        "plate_right_bin": 63,
        "plate_points": 14298,
        "plate_min_points": 500,
        "plane_refine_angle_deg": 0.3342029083110228
      }
    }
  }
}