{
  "source_file": "C:\\Users\\gkwld\\Desktop\\3D-Marker-Pose-Estimation\\CAD_to_PointCloud_conversion\\pointnet2\\result\\eval1_real_newmask_height_auto_boxexpand100\\train\\marker_points\\aug_000066_marker.xyz",
  "image_size": 512,
  "point_radius": 2,
  "view_margin": 1.2,
  "plane_fit_q": 0.8,
  "height_mode": "adaptive",
  "top_candidate_q": 0.85,
  "height_band_m": 0.03,
  "basis_mode": "global",
  "plane_refine_enabled": true,
  "flip_x": true,
  "align_2d": false,
  "align_method": "none",
  "color_mode": "raw_z",
  "color_ref": "marker_all_raw_z",
  "invert_jet": false,
  "color_min": 0.10180787999999999,
  "color_max": 0.310834,
  "color_q_min": 0.02,
  "color_q_max": 0.98,
  "plane_center": [
    -2.278469011817233,
    -2.3935144774159687,
    0.3097501446953897
  ],
  "plane_normal": [
    -0.009523523403023235,
    0.005446273358182812,
    0.9999398184923431
  ],
  "marker_origin": [
    -2.278469011817233,
    -2.3935144774159687,
    0.3097501446953897
  ],
  "image_u_axis_3d": [
    -0.9999546502216949,
    -5.1870064081719e-05,
    -0.009523382146276639
  ],
  "image_v_axis_3d": [
    0.0,
    0.9999851675970022,
    -0.005446520356668075
  ],
  "u_min": -0.5171590122830472,
  "u_max": 1.3651634220621895,
  "v_min": -0.6614369613923243,
  "v_max": 1.2212821546449353,
  "pixel_size_u_m": 0.003683605546663868,
  "pixel_size_v_m": 0.0036843818317754593,
  "back_projection_note": {
    "pixel_to_uv": "u = u_min + px * pixel_size_u_m, v = v_max - py * pixel_size_v_m",
    "flip_x_note": "if flip_x is true, saved uv and image_u_axis_3d are already mirrored, so use the same pixel_to_uv formula",
    "point_on_plane_3d": "marker_origin + u * image_u_axis_3d + v * image_v_axis_3d",
    "direction_3d": "du * image_u_axis_3d + dv * image_v_axis_3d"
  },
  "debug": {
    "total_points": 100000,
    "basis_mode": "global",
    "height_mode": "adaptive",
    "top_candidate_q": 0.85,
    "height_band_m_input": 0.03,
    "height_band_m_used": 0.016292834016048006,
    "id_height_center": 0.006306747581257357,
    "top_id_points": 25618,
    "selected_height_min": -0.009940056861798108,
    "selected_height_max": 0.015018884676426016,
    "height_min": -0.2200048224295682,
    "height_mean": -0.14544234760636363,
    "height_max": 0.015018884676426016,
    "height_q50": -0.19546643674215247,
    "height_q70": -0.1900747505191378,
    "height_q80": 0.0015613026697351789,
    "height_q85": 0.0036845790762917653,
    "height_q90": 0.007127309869175879,
    "height_q95": 0.010272488468912072,
    "height_q99": 0.013519022696151703,
    "layer_selection": {
      "height_mode": "adaptive",
      "status": "adaptive_ok",
      "adaptive_search_q": 0.6,
      "adaptive_upper_q": 0.995,
      "adaptive_bins": 64,
      "adaptive_min_points": 300,
      "adaptive_chosen_bin": 63,
      "adaptive_bin_count": 3884,
      "adaptive_layer_bin_left": 59,
      "adaptive_layer_bin_right": 63,
      "adaptive_layer_lo": -0.002241929243140234,
      "adaptive_layer_hi": 0.013969127817446506,
      "adaptive_layer_points": 24037,
      "adaptive_mad": 0.0036631219965034415,
      "adaptive_robust_sigma": 0.005430944672016002,
      "id_height_center": 0.006306747581257357,
      "height_band_m": 0.016292834016048006,
      "selected_height_min": -0.009940056861798108,
      "selected_height_max": 0.015018884676426016,
      "selected_points": 25618,
      "selected_ratio": 0.25618
    },
    "plane_estimation": {
      "plane_refine_used": true,
      "coarse_plane_points": 100000,
      "coarse_plane_center": [
        -2.7034168027099788,
        -2.118978205640049,
        0.1587565102502507
      ],
      "coarse_plane_normal": [
        -0.00943679398809167,
        0.006627873810096141,
        0.9999335068923252
      ],
      "coarse_id_layer": {
        "height_mode": "adaptive",
        "status": "adaptive_ok",
        "adaptive_search_q": 0.6,
        "adaptive_upper_q": 0.995,
        "adaptive_bins": 64,
        "adaptive_min_points": 300,
        "adaptive_chosen_bin": 63,
        "adaptive_bin_count": 3964,
        "adaptive_layer_bin_left": 59,
        "adaptive_layer_bin_right": 63,
        "adaptive_layer_lo": 0.1436026971242117,
        "adaptive_layer_hi": 0.15983757847571867,
        "adaptive_layer_points": 23857,
        "adaptive_mad": 0.0038292409822647255,
        "adaptive_robust_sigma": 0.0056772326803056815,
        "id_height_center": 0.1514601847742111,
        "height_band_m": 0.017031698040917045,
        "selected_height_min": 0.13444123250739912,
        "selected_height_max": 0.1609385724231782,
        "selected_points": 25653,
        "selected_ratio": 0.25653
      },
      "plate_support": {
        "plate_status": "ok",
        "plate_lower": -0.05503279695313011,
        "plate_upper": 0.1464601847742111,
        "plate_lo": 0.14331185693472137,
        "plate_hi": 0.1464601847742111,
        "plate_bins": 64,
        "plate_chosen_bin": 63,
        "plate_bin_count": 3808,
        "plate_left_bin": 63,
        "plate_right_bin": 63,
        "plate_points": 3808,
        "plate_min_points": 500,
        "plane_refine_angle_deg": 0.06788390851064076
      }
    }
  }
}