{
  "source_file": "C:\\Users\\gkwld\\Desktop\\3D-Marker-Pose-Estimation\\CAD_to_PointCloud_conversion\\pointnet2\\result\\eval1_real_newmask_height_auto_boxexpand100\\train\\marker_points\\aug_000081_marker.xyz",
  "image_size": 512,
  "point_radius": 2,
  "view_margin": 1.2,
  "plane_fit_q": 0.8,
  "height_mode": "adaptive",
  "top_candidate_q": 0.85,
  "height_band_m": 0.03,
  "basis_mode": "global",
  "plane_refine_enabled": true,
  "flip_x": true,
  "align_2d": false,
  "align_method": "none",
  "color_mode": "raw_z",
  "color_ref": "marker_all_raw_z",
  "invert_jet": false,
  "color_min": 0.10191198,
  "color_max": 0.310834,
  "color_q_min": 0.02,
  "color_q_max": 0.98,
  "plane_center": [
    -4.388284961895195,
    0.4247088947104542,
    0.3099510528954785
  ],
  "plane_normal": [
    0.008994737323965923,
    -0.006261336086168463,
    0.9999399433810456
  ],
  "marker_origin": [
    -4.388284961895195,
    0.4247088947104542,
    0.3099510528954785
  ],
  "image_u_axis_3d": [
    -0.9999595465309951,
    -5.632135178610038e-05,
    0.008994560991630167
  ],
  "image_v_axis_3d": [
    0.0,
    0.9999803960560034,
    0.00626158938917448
  ],
  "u_min": -1.3608267813238837,
  "u_max": 0.5235837343921738,
  "v_min": -1.2278754865878034,
  "v_max": 0.6574878003693554,
  "pixel_size_u_m": 0.0036876918115774115,
  "pixel_size_v_m": 0.0036895563345541267,
  "back_projection_note": {
    "pixel_to_uv": "u = u_min + px * pixel_size_u_m, v = v_max - py * pixel_size_v_m",
    "flip_x_note": "if flip_x is true, saved uv and image_u_axis_3d are already mirrored, so use the same pixel_to_uv formula",
    "point_on_plane_3d": "marker_origin + u * image_u_axis_3d + v * image_v_axis_3d",
    "direction_3d": "du * image_u_axis_3d + dv * image_v_axis_3d"
  },
  "debug": {
    "total_points": 100000,
    "basis_mode": "global",
    "height_mode": "adaptive",
    "top_candidate_q": 0.85,
    "height_band_m_input": 0.03,
    "height_band_m_used": 0.016242796114913787,
    "id_height_center": 0.005806234443714973,
    "top_id_points": 25929,
    "selected_height_min": -0.010412413956972176,
    "selected_height_max": 0.014816446699061757,
    "height_min": -0.22022980063227854,
    "height_mean": -0.1450742616674013,
    "height_max": 0.014816446699061757,
    "height_q50": -0.1957539737874429,
    "height_q70": -0.1902040759599787,
    "height_q80": 0.0014949463230490964,
    "height_q85": 0.0036697978512072282,
    "height_q90": 0.006627751766544332,
    "height_q95": 0.010312600089228295,
    "height_q99": 0.013356489351910084,
    "layer_selection": {
      "height_mode": "adaptive",
      "status": "adaptive_ok",
      "adaptive_search_q": 0.6,
      "adaptive_upper_q": 0.995,
      "adaptive_bins": 64,
      "adaptive_min_points": 300,
      "adaptive_chosen_bin": 63,
      "adaptive_bin_count": 4103,
      "adaptive_layer_bin_left": 59,
      "adaptive_layer_bin_right": 63,
      "adaptive_layer_lo": -0.00238943943390732,
      "adaptive_layer_hi": 0.013833201580697285,
      "adaptive_layer_points": 24226,
      "adaptive_mad": 0.003651871962523897,
      "adaptive_robust_sigma": 0.005414265371637929,
      "id_height_center": 0.005806234443714973,
      "height_band_m": 0.016242796114913787,
      "selected_height_min": -0.010412413956972176,
      "selected_height_max": 0.014816446699061757,
      "selected_points": 25929,
      "selected_ratio": 0.25929
    },
    "plane_estimation": {
      "plane_refine_used": true,
      "coarse_plane_points": 100000,
      "coarse_plane_center": [
        -3.9719838295899987,
        0.14490829935000016,
        0.15937130302025232
      ],
      "coarse_plane_normal": [
        0.009651502033868433,
        -0.007482741840324889,
        0.9999254257598619
      ],
      "coarse_id_layer": {
        "height_mode": "adaptive",
        "status": "adaptive_ok",
        "adaptive_search_q": 0.6,
        "adaptive_upper_q": 0.995,
        "adaptive_bins": 64,
        "adaptive_min_points": 300,
        "adaptive_chosen_bin": 63,
        "adaptive_bin_count": 3862,
        "adaptive_layer_bin_left": 59,
        "adaptive_layer_bin_right": 63,
        "adaptive_layer_lo": 0.14348597021322976,
        "adaptive_layer_hi": 0.15974198246096324,
        "adaptive_layer_points": 23329,
        "adaptive_mad": 0.003970633225268111,
        "adaptive_robust_sigma": 0.005886860819782501,
        "id_height_center": 0.15082120923363676,
        "height_band_m": 0.017660582459347506,
        "selected_height_min": 0.133186944538914,
        "selected_height_max": 0.16084661369414766,
        "selected_points": 25963,
        "selected_ratio": 0.25963
      },
      "plate_support": {
        "plate_status": "ok",
        "plate_lower": -0.05578751569957472,
        "plate_upper": 0.14582120923363676,
        "plate_lo": 0.1426710729065553,
        "plate_hi": 0.14582120923363676,
        "plate_bins": 64,
        "plate_chosen_bin": 63,
        "plate_bin_count": 3989,
        "plate_left_bin": 63,
        "plate_right_bin": 63,
        "plate_points": 3989,
        "plate_min_points": 500,
        "plane_refine_angle_deg": 0.07946135513638639
      }
    }
  }
}