{
  "source_file": "C:\\Users\\gkwld\\Desktop\\3D-Marker-Pose-Estimation\\CAD_to_PointCloud_conversion\\pointnet2\\result\\eval1_real_newmask_height_auto_boxexpand100\\train\\marker_points\\aug_000037_marker.xyz",
  "image_size": 512,
  "point_radius": 2,
  "view_margin": 1.2,
  "plane_fit_q": 0.8,
  "height_mode": "adaptive",
  "top_candidate_q": 0.85,
  "height_band_m": 0.03,
  "basis_mode": "global",
  "plane_refine_enabled": true,
  "flip_x": true,
  "align_2d": false,
  "align_method": "none",
  "color_mode": "raw_z",
  "color_ref": "marker_all_raw_z",
  "invert_jet": false,
  "color_min": 0.101918,
  "color_max": 0.310834,
  "color_q_min": 0.02,
  "color_q_max": 0.98,
  "plane_center": [
    8.889946409038668,
    -3.8389135430869423,
    0.30918651512830286
  ],
  "plane_normal": [
    0.010363425344990646,
    -0.0022986419872670686,
    0.9999436562417571
  ],
  "marker_origin": [
    8.889946409038668,
    -3.8389135430869423,
    0.30918651512830286
  ],
  "image_u_axis_3d": [
    -0.9999462982646214,
    -2.382308397080687e-05,
    0.010363397963092753
  ],
  "image_v_axis_3d": [
    0.0,
    0.999997357834247,
    0.0022987654349578557
  ],
  "u_min": -1.5988335468566044,
  "u_max": 0.6378947979340368,
  "v_min": -1.2419774178155598,
  "v_max": 0.9957086776390742,
  "pixel_size_u_m": 0.004377159187457224,
  "pixel_size_v_m": 0.004379033454901437,
  "back_projection_note": {
    "pixel_to_uv": "u = u_min + px * pixel_size_u_m, v = v_max - py * pixel_size_v_m",
    "flip_x_note": "if flip_x is true, saved uv and image_u_axis_3d are already mirrored, so use the same pixel_to_uv formula",
    "point_on_plane_3d": "marker_origin + u * image_u_axis_3d + v * image_v_axis_3d",
    "direction_3d": "du * image_u_axis_3d + dv * image_v_axis_3d"
  },
  "debug": {
    "total_points": 100000,
    "basis_mode": "global",
    "height_mode": "adaptive",
    "top_candidate_q": 0.85,
    "height_band_m_input": 0.03,
    "height_band_m_used": 0.015716081528779364,
    "id_height_center": 0.006392638948158847,
    "top_id_points": 25704,
    "selected_height_min": -0.009247876215906062,
    "selected_height_max": 0.015048547021155488,
    "height_min": -0.21943238185114164,
    "height_mean": -0.14495129678297813,
    "height_max": 0.015048547021155488,
    "height_q50": -0.1953418780233992,
    "height_q70": -0.19002742694683566,
    "height_q80": 0.0021077186202443504,
    "height_q85": 0.004233046306163224,
    "height_q90": 0.007185787903447137,
    "height_q95": 0.010572424168855192,
    "height_q99": 0.01364276642836596,
    "layer_selection": {
      "height_mode": "adaptive",
      "status": "adaptive_ok",
      "adaptive_search_q": 0.6,
      "adaptive_upper_q": 0.995,
      "adaptive_bins": 64,
      "adaptive_min_points": 300,
      "adaptive_chosen_bin": 63,
      "adaptive_bin_count": 4124,
      "adaptive_layer_bin_left": 59,
      "adaptive_layer_bin_right": 63,
      "adaptive_layer_lo": -0.0021316404463191385,
      "adaptive_layer_hi": 0.014085138786364037,
      "adaptive_layer_points": 24189,
      "adaptive_mad": 0.0035334505887808275,
      "adaptive_robust_sigma": 0.005238693842926454,
      "id_height_center": 0.006392638948158847,
      "height_band_m": 0.015716081528779364,
      "selected_height_min": -0.009247876215906062,
      "selected_height_max": 0.015048547021155488,
      "selected_points": 25704,
      "selected_ratio": 0.25704
    },
    "plane_estimation": {
      "plane_refine_used": true,
      "coarse_plane_points": 100000,
      "coarse_plane_center": [
        9.369061801120118,
        -3.9537221431300207,
        0.15899757567025197
      ],
      "coarse_plane_normal": [
        0.009651010314489976,
        -0.002566951690682593,
        0.9999501331351116
      ],
      "coarse_id_layer": {
        "height_mode": "adaptive",
        "status": "adaptive_ok",
        "adaptive_search_q": 0.6,
        "adaptive_upper_q": 0.995,
        "adaptive_bins": 64,
        "adaptive_min_points": 300,
        "adaptive_chosen_bin": 63,
        "adaptive_bin_count": 4573,
        "adaptive_layer_bin_left": 59,
        "adaptive_layer_bin_right": 63,
        "adaptive_layer_lo": 0.14241179945588617,
        "adaptive_layer_hi": 0.15861523594899116,
        "adaptive_layer_points": 24289,
        "adaptive_mad": 0.003343819712355922,
        "adaptive_robust_sigma": 0.00495754710553889,
        "id_height_center": 0.15123563371700477,
        "height_band_m": 0.015,
        "selected_height_min": 0.13627975780018653,
        "selected_height_max": 0.15952390000763372,
        "selected_points": 25689,
        "selected_ratio": 0.25689
      },
      "plate_support": {
        "plate_status": "ok",
        "plate_lower": -0.054946008563003135,
        "plate_upper": 0.14623563371700476,
        "plate_lo": 0.14309217055637963,
        "plate_hi": 0.14623563371700476,
        "plate_bins": 64,
        "plate_chosen_bin": 63,
        "plate_bin_count": 2611,
        "plate_left_bin": 63,
        "plate_right_bin": 63,
        "plate_points": 2611,
        "plate_min_points": 500,
        "plane_refine_angle_deg": 0.0436190346251289
      }
    }
  }
}