{
  "source_file": "C:\\Users\\gkwld\\Desktop\\3D-Marker-Pose-Estimation\\CAD_to_PointCloud_conversion\\pointnet2\\result\\eval1_real_newmask_height_auto_boxexpand100\\train\\marker_points\\aug_000033_marker.xyz",
  "image_size": 512,
  "point_radius": 2,
  "view_margin": 1.2,
  "plane_fit_q": 0.8,
  "height_mode": "adaptive",
  "top_candidate_q": 0.85,
  "height_band_m": 0.03,
  "basis_mode": "global",
  "plane_refine_enabled": true,
  "flip_x": true,
  "align_2d": false,
  "align_method": "none",
  "color_mode": "raw_z",
  "color_ref": "marker_all_raw_z",
  "invert_jet": false,
  "color_min": 0.102039,
  "color_max": 0.310834,
  "color_q_min": 0.02,
  "color_q_max": 0.98,
  "plane_center": [
    10.101728824058203,
    7.372853621575342,
    0.3090626725171234
  ],
  "plane_normal": [
    -0.008817262907454316,
    -0.005771319904152444,
    0.9999444723280313
  ],
  "marker_origin": [
    10.101728824058203,
    7.372853621575342,
    0.3090626725171234
  ],
  "image_u_axis_3d": [
    -0.9999611271808625,
    5.088922312540098e-05,
    -0.008817116051511881
  ],
  "image_v_axis_3d": [
    0.0,
    0.9999833444987226,
    0.00577154426034285
  ],
  "u_min": -0.5158705983912736,
  "u_max": 1.330916594038917,
  "v_min": -1.2053315992566795,
  "v_max": 0.6416876952398487,
  "pixel_size_u_m": 0.003614064955832075,
  "pixel_size_v_m": 0.0036145191673121885,
  "back_projection_note": {
    "pixel_to_uv": "u = u_min + px * pixel_size_u_m, v = v_max - py * pixel_size_v_m",
    "flip_x_note": "if flip_x is true, saved uv and image_u_axis_3d are already mirrored, so use the same pixel_to_uv formula",
    "point_on_plane_3d": "marker_origin + u * image_u_axis_3d + v * image_v_axis_3d",
    "direction_3d": "du * image_u_axis_3d + dv * image_v_axis_3d"
  },
  "debug": {
    "total_points": 100000,
    "basis_mode": "global",
    "height_mode": "adaptive",
    "top_candidate_q": 0.85,
    "height_band_m_input": 0.03,
    "height_band_m_used": 0.015626597121794473,
    "id_height_center": 0.00619610235742833,
    "top_id_points": 25954,
    "selected_height_min": -0.009413727484899116,
    "selected_height_max": 0.015016998582076084,
    "height_min": -0.2192333233950748,
    "height_mean": -0.14442915438553097,
    "height_max": 0.015016998582076084,
    "height_q50": -0.19531173973889948,
    "height_q70": -0.18987065425165364,
    "height_q80": 0.00232848864913379,
    "height_q85": 0.0047289333737808616,
    "height_q90": 0.007026002257667877,
    "height_q95": 0.010936622562265736,
    "height_q99": 0.013635144433748265,
    "layer_selection": {
      "height_mode": "adaptive",
      "status": "adaptive_ok",
      "adaptive_search_q": 0.6,
      "adaptive_upper_q": 0.995,
      "adaptive_bins": 64,
      "adaptive_min_points": 300,
      "adaptive_chosen_bin": 63,
      "adaptive_bin_count": 4719,
      "adaptive_layer_bin_left": 59,
      "adaptive_layer_bin_right": 63,
      "adaptive_layer_lo": -0.002138826152290496,
      "adaptive_layer_hi": 0.014074465889348716,
      "adaptive_layer_points": 24411,
      "adaptive_mad": 0.0035133317869046436,
      "adaptive_robust_sigma": 0.005208865707264824,
      "id_height_center": 0.00619610235742833,
      "height_band_m": 0.015626597121794473,
      "selected_height_min": -0.009413727484899116,
      "selected_height_max": 0.015016998582076084,
      "selected_points": 25954,
      "selected_ratio": 0.25954
    },
    "plane_estimation": {
      "plane_refine_used": true,
      "coarse_plane_points": 100000,
      "coarse_plane_center": [
        9.702072144760109,
        7.09085405752002,
        0.1594738241002505
      ],
      "coarse_plane_normal": [
        -0.008506585758663645,
        -0.004916131307134444,
        0.999951733660031
      ],
      "coarse_id_layer": {
        "height_mode": "adaptive",
        "status": "adaptive_ok",
        "adaptive_search_q": 0.6,
        "adaptive_upper_q": 0.995,
        "adaptive_bins": 64,
        "adaptive_min_points": 300,
        "adaptive_chosen_bin": 63,
        "adaptive_bin_count": 5387,
        "adaptive_layer_bin_left": 60,
        "adaptive_layer_bin_right": 63,
        "adaptive_layer_lo": 0.14503896511688733,
        "adaptive_layer_hi": 0.15799585886263723,
        "adaptive_layer_points": 23158,
        "adaptive_mad": 0.003152427743196476,
        "adaptive_robust_sigma": 0.004673789372063095,
        "id_height_center": 0.1506985605657508,
        "height_band_m": 0.015,
        "selected_height_min": 0.13574773280693564,
        "selected_height_max": 0.1588655223940012,
        "selected_points": 25925,
        "selected_ratio": 0.25925
      },
      "plate_support": {
        "plate_status": "ok",
        "plate_lower": -0.055456596776537144,
        "plate_upper": 0.14569856056575078,
        "plate_lo": 0.14255551123227753,
        "plate_hi": 0.14569856056575078,
        "plate_bins": 64,
        "plate_chosen_bin": 63,
        "plate_bin_count": 2336,
        "plate_left_bin": 63,
        "plate_right_bin": 63,
        "plate_points": 2336,
        "plate_min_points": 500,
        "plane_refine_angle_deg": 0.052133637613393104
      }
    }
  }
}