{
  "source_file": "C:\\Users\\gkwld\\Desktop\\3D-Marker-Pose-Estimation\\CAD_to_PointCloud_conversion\\pointnet2\\result\\eval1_real_newmask_height_auto_boxexpand100\\train\\marker_points\\aug_000141_marker.xyz",
  "image_size": 512,
  "point_radius": 2,
  "view_margin": 1.2,
  "plane_fit_q": 0.8,
  "height_mode": "adaptive",
  "top_candidate_q": 0.85,
  "height_band_m": 0.03,
  "basis_mode": "global",
  "plane_refine_enabled": true,
  "flip_x": true,
  "align_2d": false,
  "align_method": "none",
  "color_mode": "raw_z",
  "color_ref": "marker_all_raw_z",
  "invert_jet": false,
  "color_min": 0.103226,
  "color_max": 0.312979,
  "color_q_min": 0.02,
  "color_q_max": 0.98,
  "plane_center": [
    1.479872500685868,
    9.593656388751697,
    0.31257441742108566
  ],
  "plane_normal": [
    -0.004269034571339533,
    -0.0029068208518447615,
    0.9999866627782413
  ],
  "marker_origin": [
    1.479872500685868,
    9.593656388751697,
    0.31257441742108566
  ],
  "image_u_axis_3d": [
    -0.9999908876293968,
    1.2409431788532532e-05,
    -0.004269016535131001
  ],
  "image_v_axis_3d": [
    1.6940658945102945e-21,
    0.9999957751093458,
    0.002906847340112105
  ],
  "u_min": -0.8491492573919601,
  "u_max": 1.1872644619940267,
  "v_min": -1.1443418462257755,
  "v_max": 0.8946442176746592,
  "pixel_size_u_m": 0.003985154049679035,
  "pixel_size_v_m": 0.0039901879919773675,
  "back_projection_note": {
    "pixel_to_uv": "u = u_min + px * pixel_size_u_m, v = v_max - py * pixel_size_v_m",
    "flip_x_note": "if flip_x is true, saved uv and image_u_axis_3d are already mirrored, so use the same pixel_to_uv formula",
    "point_on_plane_3d": "marker_origin + u * image_u_axis_3d + v * image_v_axis_3d",
    "direction_3d": "du * image_u_axis_3d + dv * image_v_axis_3d"
  },
  "debug": {
    "total_points": 100000,
    "basis_mode": "global",
    "height_mode": "adaptive",
    "top_candidate_q": 0.85,
    "height_band_m_input": 0.03,
    "height_band_m_used": 0.015,
    "id_height_center": 0.0008372209470620623,
    "top_id_points": 25558,
    "selected_height_min": -0.013374926375872762,
    "selected_height_max": 0.005017960664267424,
    "height_min": -0.2194927182871707,
    "height_mean": -0.15130257762788168,
    "height_max": 0.005017960664267424,
    "height_q50": -0.20222352835772972,
    "height_q70": -0.19982838615639084,
    "height_q80": -0.0009287885119662854,
    "height_q85": 0.0002758563413760577,
    "height_q90": 0.0011047483365708398,
    "height_q95": 0.0036889679936053296,
    "height_q99": 0.004445493395364444,
    "layer_selection": {
      "height_mode": "adaptive",
      "status": "adaptive_ok",
      "adaptive_search_q": 0.6,
      "adaptive_upper_q": 0.995,
      "adaptive_bins": 64,
      "adaptive_min_points": 300,
      "adaptive_chosen_bin": 63,
      "adaptive_bin_count": 7618,
      "adaptive_layer_bin_left": 62,
      "adaptive_layer_bin_right": 63,
      "adaptive_layer_lo": -0.0018034978782032196,
      "adaptive_layer_hi": 0.004634622525382696,
      "adaptive_layer_points": 22249,
      "adaptive_mad": 0.0012895980565844872,
      "adaptive_robust_sigma": 0.0019119580786921607,
      "id_height_center": 0.0008372209470620623,
      "height_band_m": 0.015,
      "selected_height_min": -0.013374926375872762,
      "selected_height_max": 0.005017960664267424,
      "selected_points": 25558,
      "selected_ratio": 0.25558
    },
    "plane_estimation": {
      "plane_refine_used": true,
      "coarse_plane_points": 100000,
      "coarse_plane_center": [
        1.31521983875999,
        9.468651986539927,
        0.16020353428022632
      ],
      "coarse_plane_normal": [
        -0.0073687427134353,
        -0.007827170915890969,
        0.9999422168426917
      ],
      "coarse_id_layer": {
        "height_mode": "adaptive",
        "status": "adaptive_ok",
        "adaptive_search_q": 0.6,
        "adaptive_upper_q": 0.995,
        "adaptive_bins": 64,
        "adaptive_min_points": 300,
        "adaptive_chosen_bin": 63,
        "adaptive_bin_count": 5424,
        "adaptive_layer_bin_left": 63,
        "adaptive_layer_bin_right": 63,
        "adaptive_layer_lo": 0.15658772537664195,
        "adaptive_layer_hi": 0.15983803416034087,
        "adaptive_layer_points": 5424,
        "adaptive_mad": 0.0007010241811285095,
        "adaptive_robust_sigma": 0.001039338450941128,
        "id_height_center": 0.15810820912928808,
        "height_band_m": 0.015,
        "selected_height_min": 0.14310917246516933,
        "selected_height_max": 0.16079562666054095,
        "selected_points": 24536,
        "selected_ratio": 0.24536
      },
      "plate_support": {
        "plate_status": "ok",
        "plate_lower": -0.05505522707899712,
        "plate_upper": 0.15310820912928808,
        "plate_lo": 0.14660310174777916,
        "plate_hi": 0.15310820912928808,
        "plate_bins": 64,
        "plate_chosen_bin": 63,
        "plate_bin_count": 8453,
        "plate_left_bin": 62,
        "plate_right_bin": 63,
        "plate_points": 14580,
        "plate_min_points": 500,
        "plane_refine_angle_deg": 0.3332039497327842
      }
    }
  }
}