{
  "source_file": "C:\\Users\\gkwld\\Desktop\\3D-Marker-Pose-Estimation\\CAD_to_PointCloud_conversion\\pointnet2\\result\\eval1_real_newmask_height_auto_boxexpand100\\train\\marker_points\\aug_000095_marker.xyz",
  "image_size": 512,
  "point_radius": 2,
  "view_margin": 1.2,
  "plane_fit_q": 0.8,
  "height_mode": "adaptive",
  "top_candidate_q": 0.85,
  "height_band_m": 0.03,
  "basis_mode": "global",
  "plane_refine_enabled": true,
  "flip_x": true,
  "align_2d": false,
  "align_method": "none",
  "color_mode": "raw_z",
  "color_ref": "marker_all_raw_z",
  "invert_jet": false,
  "color_min": 0.101858,
  "color_max": 0.310834,
  "color_q_min": 0.02,
  "color_q_max": 0.98,
  "plane_center": [
    -3.979567503849107,
    -3.925219981909158,
    0.30918338414164726
  ],
  "plane_normal": [
    0.008388117949365274,
    -0.006289600739818384,
    0.9999450386885278
  ],
  "marker_origin": [
    -3.979567503849107,
    -3.925219981909158,
    0.30918338414164726
  ],
  "image_u_axis_3d": [
    -0.9999648191187868,
    -5.275976899507204e-05,
    0.008387952022928961
  ],
  "image_v_axis_3d": [
    6.77626357804118e-21,
    0.9999802188728238,
    0.00628982202129348
  ],
  "u_min": -1.3241025392417847,
  "u_max": 0.5304400520422019,
  "v_min": -1.2283205235623957,
  "v_max": 0.6259858673701256,
  "pixel_size_u_m": 0.003629241861612498,
  "pixel_size_v_m": 0.003628779630004934,
  "back_projection_note": {
    "pixel_to_uv": "u = u_min + px * pixel_size_u_m, v = v_max - py * pixel_size_v_m",
    "flip_x_note": "if flip_x is true, saved uv and image_u_axis_3d are already mirrored, so use the same pixel_to_uv formula",
    "point_on_plane_3d": "marker_origin + u * image_u_axis_3d + v * image_v_axis_3d",
    "direction_3d": "du * image_u_axis_3d + dv * image_v_axis_3d"
  },
  "debug": {
    "total_points": 100000,
    "basis_mode": "global",
    "height_mode": "adaptive",
    "top_candidate_q": 0.85,
    "height_band_m_input": 0.03,
    "height_band_m_used": 0.015583358016340691,
    "id_height_center": 0.006246888248494204,
    "top_id_points": 25888,
    "selected_height_min": -0.009328684169906658,
    "selected_height_max": 0.014914146058337354,
    "height_min": -0.2193431796980857,
    "height_mean": -0.14465661142728892,
    "height_max": 0.014914146058337354,
    "height_q50": -0.19544461963889453,
    "height_q70": -0.19007804721635718,
    "height_q80": 0.0022094011966018153,
    "height_q85": 0.0043785028597399436,
    "height_q90": 0.007080008815425297,
    "height_q95": 0.010656950835790964,
    "height_q99": 0.013484081626681079,
    "layer_selection": {
      "height_mode": "adaptive",
      "status": "adaptive_ok",
      "adaptive_search_q": 0.6,
      "adaptive_upper_q": 0.995,
      "adaptive_bins": 64,
      "adaptive_min_points": 300,
      "adaptive_chosen_bin": 63,
      "adaptive_bin_count": 4448,
      "adaptive_layer_bin_left": 59,
      "adaptive_layer_bin_right": 63,
      "adaptive_layer_lo": -0.0022803077006673944,
      "adaptive_layer_hi": 0.0139284627661623,
      "adaptive_layer_points": 24400,
      "adaptive_mad": 0.0035036103278791074,
      "adaptive_robust_sigma": 0.005194452672113564,
      "id_height_center": 0.006246888248494204,
      "height_band_m": 0.015583358016340691,
      "selected_height_min": -0.009328684169906658,
      "selected_height_max": 0.014914146058337354,
      "selected_points": 25888,
      "selected_ratio": 0.25888
    },
    "plane_estimation": {
      "plane_refine_used": true,
      "coarse_plane_points": 100000,
      "coarse_plane_center": [
        -3.5850292756000064,
        -4.219393317410031,
        0.159358872140251
      ],
      "coarse_plane_normal": [
        0.007564124665479463,
        -0.0061874092006813115,
        0.999952248851628
      ],
      "coarse_id_layer": {
        "height_mode": "adaptive",
        "status": "adaptive_ok",
        "adaptive_search_q": 0.6,
        "adaptive_upper_q": 0.995,
        "adaptive_bins": 64,
        "adaptive_min_points": 300,
        "adaptive_chosen_bin": 63,
        "adaptive_bin_count": 4977,
        "adaptive_layer_bin_left": 60,
        "adaptive_layer_bin_right": 63,
        "adaptive_layer_lo": 0.1451388551186037,
        "adaptive_layer_hi": 0.15809307698274355,
        "adaptive_layer_points": 23058,
        "adaptive_mad": 0.003174993221421535,
        "adaptive_robust_sigma": 0.004707244950079567,
        "id_height_center": 0.15101022200302416,
        "height_band_m": 0.015,
        "selected_height_min": 0.13601048872161906,
        "selected_height_max": 0.15901531702554522,
        "selected_points": 25863,
        "selected_ratio": 0.25863
      },
      "plate_support": {
        "plate_status": "ok",
        "plate_lower": -0.05527587049730631,
        "plate_upper": 0.14601022200302416,
        "plate_lo": 0.1428651268077065,
        "plate_hi": 0.14601022200302416,
        "plate_bins": 64,
        "plate_chosen_bin": 63,
        "plate_bin_count": 2598,
        "plate_left_bin": 63,
        "plate_right_bin": 63,
        "plate_points": 2598,
        "plate_min_points": 500,
        "plane_refine_angle_deg": 0.047574962138540296
      }
    }
  }
}