{
  "source_file": "C:\\Users\\gkwld\\Desktop\\3D-Marker-Pose-Estimation\\CAD_to_PointCloud_conversion\\pointnet2\\result\\eval1_real_newmask_height_auto_boxexpand100\\train\\marker_points\\aug_000049_marker.xyz",
  "image_size": 512,
  "point_radius": 2,
  "view_margin": 1.2,
  "plane_fit_q": 0.8,
  "height_mode": "adaptive",
  "top_candidate_q": 0.85,
  "height_band_m": 0.03,
  "basis_mode": "global",
  "plane_refine_enabled": true,
  "flip_x": true,
  "align_2d": false,
  "align_method": "none",
  "color_mode": "raw_z",
  "color_ref": "marker_all_raw_z",
  "invert_jet": false,
  "color_min": 0.102011,
  "color_max": 0.310834,
  "color_q_min": 0.02,
  "color_q_max": 0.98,
  "plane_center": [
    5.8094883944188584,
    -9.89752127502877,
    0.3096989122554705
  ],
  "plane_normal": [
    -0.0008549656796411432,
    0.010748184948195369,
    0.9999418710865177
  ],
  "marker_origin": [
    5.8094883944188584,
    -9.89752127502877,
    0.3096989122554705
  ],
  "image_u_axis_3d": [
    -0.9999996345157766,
    -9.189332607680276e-06,
    -0.0008549162938718292
  ],
  "image_v_axis_3d": [
    0.0,
    0.9999422365486296,
    -0.010748188876478087
  ],
  "u_min": -1.143373027819528,
  "u_max": 1.1671205464292038,
  "v_min": -0.6402705266655833,
  "v_max": 1.6694885699639075,
  "pixel_size_u_m": 0.004521513843930982,
  "pixel_size_v_m": 0.004520076510038142,
  "back_projection_note": {
    "pixel_to_uv": "u = u_min + px * pixel_size_u_m, v = v_max - py * pixel_size_v_m",
    "flip_x_note": "if flip_x is true, saved uv and image_u_axis_3d are already mirrored, so use the same pixel_to_uv formula",
    "point_on_plane_3d": "marker_origin + u * image_u_axis_3d + v * image_v_axis_3d",
    "direction_3d": "du * image_u_axis_3d + dv * image_v_axis_3d"
  },
  "debug": {
    "total_points": 100000,
    "basis_mode": "global",
    "height_mode": "adaptive",
    "top_candidate_q": 0.85,
    "height_band_m_input": 0.03,
    "height_band_m_used": 0.015959777138994286,
    "id_height_center": 0.006332375963290267,
    "top_id_points": 25672,
    "selected_height_min": -0.00961494431255985,
    "selected_height_max": 0.014919316224265027,
    "height_min": -0.2198029038462852,
    "height_mean": -0.1452449600274922,
    "height_max": 0.014919316224265027,
    "height_q50": -0.1954829297835398,
    "height_q70": -0.19013620079973534,
    "height_q80": 0.0017265460510759892,
    "height_q85": 0.0038593280126459593,
    "height_q90": 0.007116558619677505,
    "height_q95": 0.01029214774197411,
    "height_q99": 0.013466147498646363,
    "layer_selection": {
      "height_mode": "adaptive",
      "status": "adaptive_ok",
      "adaptive_search_q": 0.6,
      "adaptive_upper_q": 0.995,
      "adaptive_bins": 64,
      "adaptive_min_points": 300,
      "adaptive_chosen_bin": 63,
      "adaptive_bin_count": 3999,
      "adaptive_layer_bin_left": 59,
      "adaptive_layer_bin_right": 63,
      "adaptive_layer_lo": -0.0023114955985627517,
      "adaptive_layer_hi": 0.0138972359722027,
      "adaptive_layer_points": 24104,
      "adaptive_mad": 0.0035882407345191525,
      "adaptive_robust_sigma": 0.005319925712998095,
      "id_height_center": 0.006332375963290267,
      "height_band_m": 0.015959777138994286,
      "selected_height_min": -0.00961494431255985,
      "selected_height_max": 0.014919316224265027,
      "selected_points": 25672,
      "selected_ratio": 0.25672
    },
    "plane_estimation": {
      "plane_refine_used": true,
      "coarse_plane_points": 100000,
      "coarse_plane_center": [
        5.791451872419986,
        -9.386464740220097,
        0.15893683783025092
      ],
      "coarse_plane_normal": [
        1.1032724404843037e-05,
        0.011117652860724461,
        0.9999381969257637
      ],
      "coarse_id_layer": {
        "height_mode": "adaptive",
        "status": "adaptive_ok",
        "adaptive_search_q": 0.6,
        "adaptive_upper_q": 0.995,
        "adaptive_bins": 64,
        "adaptive_min_points": 300,
        "adaptive_chosen_bin": 63,
        "adaptive_bin_count": 4123,
        "adaptive_layer_bin_left": 59,
        "adaptive_layer_bin_right": 63,
        "adaptive_layer_lo": 0.1431770627680073,
        "adaptive_layer_hi": 0.1594030672056112,
        "adaptive_layer_points": 24042,
        "adaptive_mad": 0.0036979504953984776,
        "adaptive_robust_sigma": 0.005482581404477782,
        "id_height_center": 0.15132039341484826,
        "height_band_m": 0.016447744213433348,
        "selected_height_min": 0.13489185624501676,
        "selected_height_max": 0.1604578553883125,
        "selected_points": 25724,
        "selected_ratio": 0.25724
      },
      "plate_support": {
        "plate_status": "ok",
        "plate_lower": -0.055124499109084485,
        "plate_upper": 0.14632039341484826,
        "plate_lo": 0.14317281696916181,
        "plate_hi": 0.14632039341484826,
        "plate_bins": 64,
        "plate_chosen_bin": 63,
        "plate_bin_count": 3476,
        "plate_left_bin": 63,
        "plate_right_bin": 63,
        "plate_points": 3476,
        "plate_min_points": 500,
        "plane_refine_angle_deg": 0.05394565263839981
      }
    }
  }
}