{
  "source_file": "C:\\Users\\gkwld\\Desktop\\3D-Marker-Pose-Estimation\\CAD_to_PointCloud_conversion\\pointnet2\\result\\eval1_real_newmask_height_auto_boxexpand100\\train\\marker_points\\aug_000014_marker.xyz",
  "image_size": 512,
  "point_radius": 2,
  "view_margin": 1.2,
  "plane_fit_q": 0.8,
  "height_mode": "adaptive",
  "top_candidate_q": 0.85,
  "height_band_m": 0.03,
  "basis_mode": "global",
  "plane_refine_enabled": true,
  "flip_x": true,
  "align_2d": false,
  "align_method": "none",
  "color_mode": "raw_z",
  "color_ref": "marker_all_raw_z",
  "invert_jet": false,
  "color_min": 0.102005,
  "color_max": 0.310834,
  "color_q_min": 0.02,
  "color_q_max": 0.98,
  "plane_center": [
    1.053217593832022,
    6.8798702799650036,
    0.3099843786089514
  ],
  "plane_normal": [
    -0.00016178080135992792,
    0.010764490017711192,
    0.9999420481106048
  ],
  "marker_origin": [
    1.053217593832022,
    6.8798702799650036,
    0.3099843786089514
  ],
  "image_u_axis_3d": [
    -0.999999986912486,
    -1.7414878440845247e-06,
    -0.00016177142797368352
  ],
  "image_v_axis_3d": [
    0.0,
    0.9999420611963604,
    -0.010764490158580841
  ],
  "u_min": -1.188886585182741,
  "u_max": 1.0571224736794762,
  "v_min": -0.6383839328651059,
  "v_max": 1.6070414828054287,
  "pixel_size_u_m": 0.004395321054524887,
  "pixel_size_v_m": 0.0043941788956370536,
  "back_projection_note": {
    "pixel_to_uv": "u = u_min + px * pixel_size_u_m, v = v_max - py * pixel_size_v_m",
    "flip_x_note": "if flip_x is true, saved uv and image_u_axis_3d are already mirrored, so use the same pixel_to_uv formula",
    "point_on_plane_3d": "marker_origin + u * image_u_axis_3d + v * image_v_axis_3d",
    "direction_3d": "du * image_u_axis_3d + dv * image_v_axis_3d"
  },
  "debug": {
    "total_points": 100000,
    "basis_mode": "global",
    "height_mode": "adaptive",
    "top_candidate_q": 0.85,
    "height_band_m_input": 0.03,
    "height_band_m_used": 0.016046866633407424,
    "id_height_center": 0.006052315962693242,
    "top_id_points": 25874,
    "selected_height_min": -0.00999078938959899,
    "selected_height_max": 0.014052452363902847,
    "height_min": -0.22017895422500192,
    "height_mean": -0.14542701516245812,
    "height_max": 0.014052452363902847,
    "height_q50": -0.19572897753954166,
    "height_q70": -0.19079986358785228,
    "height_q80": 0.0010874973791241865,
    "height_q85": 0.0032132203624853565,
    "height_q90": 0.006973491243737093,
    "height_q95": 0.009173322886141479,
    "height_q99": 0.01271344260535033,
    "layer_selection": {
      "height_mode": "adaptive",
      "status": "adaptive_ok",
      "adaptive_search_q": 0.6,
      "adaptive_upper_q": 0.995,
      "adaptive_bins": 64,
      "adaptive_min_points": 300,
      "adaptive_chosen_bin": 63,
      "adaptive_bin_count": 3649,
      "adaptive_layer_bin_left": 59,
      "adaptive_layer_bin_right": 63,
      "adaptive_layer_lo": -0.0030499812710623464,
      "adaptive_layer_hi": 0.013129359706326964,
      "adaptive_layer_points": 24316,
      "adaptive_mad": 0.0036078210875955356,
      "adaptive_robust_sigma": 0.005348955544469141,
      "id_height_center": 0.006052315962693242,
      "height_band_m": 0.016046866633407424,
      "selected_height_min": -0.00999078938959899,
      "selected_height_max": 0.014052452363902847,
      "selected_points": 25874,
      "selected_ratio": 0.25874
    },
    "plane_estimation": {
      "plane_refine_used": true,
      "coarse_plane_points": 100000,
      "coarse_plane_center": [
        1.1133018659400014,
        7.363524483960032,
        0.1593520636502524
      ],
      "coarse_plane_normal": [
        0.00148551075432922,
        0.011718037397327585,
        0.9999302379943081
      ],
      "coarse_id_layer": {
        "height_mode": "adaptive",
        "status": "adaptive_ok",
        "adaptive_search_q": 0.6,
        "adaptive_upper_q": 0.995,
        "adaptive_bins": 64,
        "adaptive_min_points": 300,
        "adaptive_chosen_bin": 63,
        "adaptive_bin_count": 3601,
        "adaptive_layer_bin_left": 59,
        "adaptive_layer_bin_right": 63,
        "adaptive_layer_lo": 0.1432189160994466,
        "adaptive_layer_hi": 0.1594503376013426,
        "adaptive_layer_points": 23852,
        "adaptive_mad": 0.0039017822251888323,
        "adaptive_robust_sigma": 0.005784782327064962,
        "id_height_center": 0.15123323842250772,
        "height_band_m": 0.01735434698119489,
        "selected_height_min": 0.13393610536220502,
        "selected_height_max": 0.16049448206294856,
        "selected_points": 25941,
        "selected_ratio": 0.25941
      },
      "plate_support": {
        "plate_status": "ok",
        "plate_lower": -0.05562298972816278,
        "plate_upper": 0.1462332384225077,
        "plate_lo": 0.1430792348576535,
        "plate_hi": 0.1462332384225077,
        "plate_bins": 64,
        "plate_chosen_bin": 63,
        "plate_bin_count": 4572,
        "plate_left_bin": 63,
        "plate_right_bin": 63,
        "plate_points": 4572,
        "plate_min_points": 500,
        "plane_refine_angle_deg": 0.10905731481410372
      }
    }
  }
}