{
  "source_file": "C:\\Users\\gkwld\\Desktop\\3D-Marker-Pose-Estimation\\CAD_to_PointCloud_conversion\\pointnet2\\result\\eval1_real_newmask_height_auto_boxexpand100\\train\\marker_points\\aug_000136_marker.xyz",
  "image_size": 512,
  "point_radius": 2,
  "view_margin": 1.2,
  "plane_fit_q": 0.8,
  "height_mode": "adaptive",
  "top_candidate_q": 0.85,
  "height_band_m": 0.03,
  "basis_mode": "global",
  "plane_refine_enabled": true,
  "flip_x": true,
  "align_2d": false,
  "align_method": "none",
  "color_mode": "raw_z",
  "color_ref": "marker_all_raw_z",
  "invert_jet": false,
  "color_min": 0.10332287999999999,
  "color_max": 0.312979,
  "color_q_min": 0.02,
  "color_q_max": 0.98,
  "plane_center": [
    2.6800553131685096,
    -9.776426589338918,
    0.31244356432287407
  ],
  "plane_normal": [
    -0.0029465999621072075,
    0.003411349252783227,
    0.9999898400698574
  ],
  "marker_origin": [
    2.6800553131685096,
    -9.776426589338918,
    0.31244356432287407
  ],
  "image_u_axis_3d": [
    -0.9999956587639085,
    -1.0051925216745942e-05,
    -0.0029465828166632116
  ],
  "image_v_axis_3d": [
    1.694065894510295e-21,
    0.9999941812796885,
    -0.0034113640623166046
  ],
  "u_min": -0.9106245392956029,
  "u_max": 1.2582407382722633,
  "v_min": -0.9320242126743319,
  "v_max": 1.234511772072594,
  "pixel_size_u_m": 0.004244354750622048,
  "pixel_size_v_m": 0.004239796447645648,
  "back_projection_note": {
    "pixel_to_uv": "u = u_min + px * pixel_size_u_m, v = v_max - py * pixel_size_v_m",
    "flip_x_note": "if flip_x is true, saved uv and image_u_axis_3d are already mirrored, so use the same pixel_to_uv formula",
    "point_on_plane_3d": "marker_origin + u * image_u_axis_3d + v * image_v_axis_3d",
    "direction_3d": "du * image_u_axis_3d + dv * image_v_axis_3d"
  },
  "debug": {
    "total_points": 100000,
    "basis_mode": "global",
    "height_mode": "adaptive",
    "top_candidate_q": 0.85,
    "height_band_m_input": 0.03,
    "height_band_m_used": 0.015,
    "id_height_center": 0.0009606462284257373,
    "top_id_points": 25710,
    "selected_height_min": -0.012912149195401165,
    "selected_height_max": 0.004611902236895859,
    "height_min": -0.21878726867286843,
    "height_mean": -0.1509148077162077,
    "height_max": 0.004611902236895859,
    "height_q50": -0.20229294445236662,
    "height_q70": -0.20021884402335563,
    "height_q80": -0.0005322556840606889,
    "height_q85": 0.000499909515285855,
    "height_q90": 0.0012293475802466728,
    "height_q95": 0.003501865801163578,
    "height_q99": 0.004143078397024104,
    "layer_selection": {
      "height_mode": "adaptive",
      "status": "adaptive_ok",
      "adaptive_search_q": 0.6,
      "adaptive_upper_q": 0.995,
      "adaptive_bins": 64,
      "adaptive_min_points": 300,
      "adaptive_chosen_bin": 63,
      "adaptive_bin_count": 10599,
      "adaptive_layer_bin_left": 62,
      "adaptive_layer_bin_right": 63,
      "adaptive_layer_lo": -0.0021387409280684277,
      "adaptive_layer_hi": 0.0042941599107132,
      "adaptive_layer_points": 22714,
      "adaptive_mad": 0.0011183049840549134,
      "adaptive_robust_sigma": 0.0016579989693598146,
      "id_height_center": 0.0009606462284257373,
      "height_band_m": 0.015,
      "selected_height_min": -0.012912149195401165,
      "selected_height_max": 0.004611902236895859,
      "selected_points": 25710,
      "selected_ratio": 0.2571
    },
    "plane_estimation": {
      "plane_refine_used": true,
      "coarse_plane_points": 100000,
      "coarse_plane_center": [
        2.5058119168300244,
        -9.627842358199983,
        0.16050691465022687
      ],
      "coarse_plane_normal": [
        -0.009615285047620605,
        0.006654276518604404,
        0.999931631110581
      ],
      "coarse_id_layer": {
        "height_mode": "adaptive",
        "status": "adaptive_ok",
        "adaptive_search_q": 0.6,
        "adaptive_upper_q": 0.995,
        "adaptive_bins": 64,
        "adaptive_min_points": 300,
        "adaptive_chosen_bin": 63,
        "adaptive_bin_count": 5018,
        "adaptive_layer_bin_left": 63,
        "adaptive_layer_bin_right": 63,
        "adaptive_layer_lo": 0.15693520243383796,
        "adaptive_layer_hi": 0.16019054274116773,
        "adaptive_layer_points": 5018,
        "adaptive_mad": 0.0007320912459824469,
        "adaptive_robust_sigma": 0.0010853984812935757,
        "id_height_center": 0.158383384469197,
        "height_band_m": 0.015,
        "selected_height_min": 0.14338584083218633,
        "selected_height_max": 0.1612139000589391,
        "selected_points": 24447,
        "selected_ratio": 0.24447
      },
      "plate_support": {
        "plate_status": "ok",
        "plate_lower": -0.05552566298898944,
        "plate_upper": 0.153383384469197,
        "plate_lo": 0.1435907728695945,
        "plate_hi": 0.153383384469197,
        "plate_bins": 64,
        "plate_chosen_bin": 63,
        "plate_bin_count": 7906,
        "plate_left_bin": 61,
        "plate_right_bin": 63,
        "plate_points": 17109,
        "plate_min_points": 500,
        "plane_refine_angle_deg": 0.42488435556397514
      }
    }
  }
}