{
  "source_file": "C:\\Users\\gkwld\\Desktop\\3D-Marker-Pose-Estimation\\CAD_to_PointCloud_conversion\\pointnet2\\result\\eval1_real_newmask_height_auto_boxexpand100\\train\\marker_points\\aug_000102_marker.xyz",
  "image_size": 512,
  "point_radius": 2,
  "view_margin": 1.2,
  "plane_fit_q": 0.8,
  "height_mode": "adaptive",
  "top_candidate_q": 0.85,
  "height_band_m": 0.03,
  "basis_mode": "global",
  "plane_refine_enabled": true,
  "flip_x": true,
  "align_2d": false,
  "align_method": "none",
  "color_mode": "raw_z",
  "color_ref": "marker_all_raw_z",
  "invert_jet": false,
  "color_min": 0.103286,
  "color_max": 0.312979,
  "color_q_min": 0.02,
  "color_q_max": 0.98,
  "plane_center": [
    -10.104918145700328,
    6.266418242583555,
    0.3115504746526572
  ],
  "plane_normal": [
    0.009110400005675512,
    -0.006961643327790775,
    0.9999342659054711
  ],
  "marker_origin": [
    -10.104918145700328,
    6.266418242583555,
    0.3115504746526572
  ],
  "image_u_axis_3d": [
    -0.9999584994437204,
    -6.342598762665823e-05,
    0.00911017921926753
  ],
  "image_v_axis_3d": [
    0.0,
    0.9999757654550039,
    0.006961932251845047
  ],
  "u_min": -1.4487498360769848,
  "u_max": 0.5651290525476559,
  "v_min": -1.276536258930459,
  "v_max": 0.7345632470020491,
  "pixel_size_u_m": 0.003941054576564854,
  "pixel_size_v_m": 0.003935615471492188,
  "back_projection_note": {
    "pixel_to_uv": "u = u_min + px * pixel_size_u_m, v = v_max - py * pixel_size_v_m",
    "flip_x_note": "if flip_x is true, saved uv and image_u_axis_3d are already mirrored, so use the same pixel_to_uv formula",
    "point_on_plane_3d": "marker_origin + u * image_u_axis_3d + v * image_v_axis_3d",
    "direction_3d": "du * image_u_axis_3d + dv * image_v_axis_3d"
  },
  "debug": {
    "total_points": 100000,
    "basis_mode": "global",
    "height_mode": "adaptive",
    "top_candidate_q": 0.85,
    "height_band_m_input": 0.03,
    "height_band_m_used": 0.01627669545269448,
    "id_height_center": 0.006311833628743146,
    "top_id_points": 25525,
    "selected_height_min": -0.009927944027697299,
    "selected_height_max": 0.016008044422345675,
    "height_min": -0.22015621616573403,
    "height_mean": -0.14540533937569677,
    "height_max": 0.016008044422345675,
    "height_q50": -0.19531147500967413,
    "height_q70": -0.18960912508411354,
    "height_q80": 0.0021234740486633435,
    "height_q85": 0.004971093097672629,
    "height_q90": 0.007148211145225106,
    "height_q95": 0.011727615359089382,
    "height_q99": 0.014425673435992804,
    "layer_selection": {
      "height_mode": "adaptive",
      "status": "adaptive_ok",
      "adaptive_search_q": 0.6,
      "adaptive_upper_q": 0.995,
      "adaptive_bins": 64,
      "adaptive_min_points": 300,
      "adaptive_chosen_bin": 63,
      "adaptive_bin_count": 4567,
      "adaptive_layer_bin_left": 59,
      "adaptive_layer_bin_right": 63,
      "adaptive_layer_lo": -0.001349305340716922,
      "adaptive_layer_hi": 0.014928261493686514,
      "adaptive_layer_points": 23811,
      "adaptive_mad": 0.003659493559219048,
      "adaptive_robust_sigma": 0.0054255651508981605,
      "id_height_center": 0.006311833628743146,
      "height_band_m": 0.01627669545269448,
      "selected_height_min": -0.009927944027697299,
      "selected_height_max": 0.016008044422345675,
      "selected_points": 25525,
      "selected_ratio": 0.25525
    },
    "plane_estimation": {
      "plane_refine_used": true,
      "coarse_plane_points": 100000,
      "coarse_plane_center": [
        -9.663605077409882,
        6.000295277230006,
        0.1602619987202272
      ],
      "coarse_plane_normal": [
        0.008761040890014633,
        -0.007292328793328008,
        0.9999350309401575
      ],
      "coarse_id_layer": {
        "height_mode": "adaptive",
        "status": "adaptive_ok",
        "adaptive_search_q": 0.6,
        "adaptive_upper_q": 0.995,
        "adaptive_bins": 64,
        "adaptive_min_points": 300,
        "adaptive_chosen_bin": 63,
        "adaptive_bin_count": 4828,
        "adaptive_layer_bin_left": 59,
        "adaptive_layer_bin_right": 63,
        "adaptive_layer_lo": 0.14396704204204028,
        "adaptive_layer_hi": 0.16023977262869749,
        "adaptive_layer_points": 23826,
        "adaptive_mad": 0.003525172530615947,
        "adaptive_robust_sigma": 0.005226420793891203,
        "id_height_center": 0.1515948165600624,
        "height_band_m": 0.01567926238167361,
        "selected_height_min": 0.13595526395070984,
        "selected_height_max": 0.16130762540307744,
        "selected_points": 25508,
        "selected_ratio": 0.25508
      },
      "plate_support": {
        "plate_status": "ok",
        "plate_lower": -0.05505239708925327,
        "plate_upper": 0.1465948165600624,
        "plate_lo": 0.14344407884679183,
        "plate_hi": 0.1465948165600624,
        "plate_bins": 64,
        "plate_chosen_bin": 63,
        "plate_bin_count": 2663,
        "plate_left_bin": 63,
        "plate_right_bin": 63,
        "plate_points": 2663,
        "plate_min_points": 500,
        "plane_refine_angle_deg": 0.027562144008435884
      }
    }
  }
}