{
  "source_file": "C:\\Users\\gkwld\\Desktop\\3D-Marker-Pose-Estimation\\CAD_to_PointCloud_conversion\\pointnet2\\result\\eval1_real_newmask_height_auto_boxexpand100\\train\\marker_points\\aug_000072_marker.xyz",
  "image_size": 512,
  "point_radius": 2,
  "view_margin": 1.2,
  "plane_fit_q": 0.8,
  "height_mode": "adaptive",
  "top_candidate_q": 0.85,
  "height_band_m": 0.03,
  "basis_mode": "global",
  "plane_refine_enabled": true,
  "flip_x": true,
  "align_2d": false,
  "align_method": "none",
  "color_mode": "raw_z",
  "color_ref": "marker_all_raw_z",
  "invert_jet": false,
  "color_min": 0.10161,
  "color_max": 0.310834,
  "color_q_min": 0.02,
  "color_q_max": 0.98,
  "plane_center": [
    -1.9174501323170765,
    6.036284923475608,
    0.30955857865853625
  ],
  "plane_normal": [
    -0.008280002004620675,
    -0.006518677130298685,
    0.9999444726649946
  ],
  "marker_origin": [
    -1.9174501323170765,
    6.036284923475608,
    0.30955857865853625
  ],
  "image_u_axis_3d": [
    -0.9999657201948493,
    5.3976510010486005e-05,
    -0.00827982606898329
  ],
  "image_v_axis_3d": [
    0.0,
    0.9999787517407595,
    0.006518900596934427
  ],
  "u_min": -0.5631238541801968,
  "u_max": 1.410831231139312,
  "v_min": -1.2646676237885957,
  "v_max": 0.7091955306059755,
  "pixel_size_u_m": 0.0038629258029735988,
  "pixel_size_v_m": 0.003862745899010902,
  "back_projection_note": {
    "pixel_to_uv": "u = u_min + px * pixel_size_u_m, v = v_max - py * pixel_size_v_m",
    "flip_x_note": "if flip_x is true, saved uv and image_u_axis_3d are already mirrored, so use the same pixel_to_uv formula",
    "point_on_plane_3d": "marker_origin + u * image_u_axis_3d + v * image_v_axis_3d",
    "direction_3d": "du * image_u_axis_3d + dv * image_v_axis_3d"
  },
  "debug": {
    "total_points": 100000,
    "basis_mode": "global",
    "height_mode": "adaptive",
    "top_candidate_q": 0.85,
    "height_band_m_input": 0.03,
    "height_band_m_used": 0.015779051953931346,
    "id_height_center": 0.006335725339026749,
    "top_id_points": 25851,
    "selected_height_min": -0.009438723517510222,
    "selected_height_max": 0.014571057227933474,
    "height_min": -0.2196326844916867,
    "height_mean": -0.14499787519663204,
    "height_max": 0.014571057227933474,
    "height_q50": -0.1955442936178577,
    "height_q70": -0.19034278131967103,
    "height_q80": 0.001764918289460393,
    "height_q85": 0.0038328329940146466,
    "height_q90": 0.007139153339482713,
    "height_q95": 0.010018922900333013,
    "height_q99": 0.01324817818081752,
    "layer_selection": {
      "height_mode": "adaptive",
      "status": "adaptive_ok",
      "adaptive_search_q": 0.6,
      "adaptive_upper_q": 0.995,
      "adaptive_bins": 64,
      "adaptive_min_points": 300,
      "adaptive_chosen_bin": 63,
      "adaptive_bin_count": 3934,
      "adaptive_layer_bin_left": 59,
      "adaptive_layer_bin_right": 63,
      "adaptive_layer_lo": -0.002506687782163869,
      "adaptive_layer_hi": 0.01369636837552378,
      "adaptive_layer_points": 24290,
      "adaptive_mad": 0.003547608245409269,
      "adaptive_robust_sigma": 0.0052596839846437825,
      "id_height_center": 0.006335725339026749,
      "height_band_m": 0.015779051953931346,
      "selected_height_min": -0.009438723517510222,
      "selected_height_max": 0.014571057227933474,
      "selected_points": 25851,
      "selected_ratio": 0.25851
    },
    "plane_estimation": {
      "plane_refine_used": true,
      "coarse_plane_points": 100000,
      "coarse_plane_center": [
        -2.3357472152899885,
        5.756830818070001,
        0.15926718641025173
      ],
      "coarse_plane_normal": [
        -0.008709152334330107,
        -0.0058920569292030735,
        0.9999447156361998
      ],
      "coarse_id_layer": {
        "height_mode": "adaptive",
        "status": "adaptive_ok",
        "adaptive_search_q": 0.6,
        "adaptive_upper_q": 0.995,
        "adaptive_bins": 64,
        "adaptive_min_points": 300,
        "adaptive_chosen_bin": 63,
        "adaptive_bin_count": 4163,
        "adaptive_layer_bin_left": 59,
        "adaptive_layer_bin_right": 63,
        "adaptive_layer_lo": 0.14250359064493273,
        "adaptive_layer_hi": 0.15871436135237085,
        "adaptive_layer_points": 24281,
        "adaptive_mad": 0.003537230588882223,
        "adaptive_robust_sigma": 0.005244298071076784,
        "id_height_center": 0.15113089216771455,
        "height_band_m": 0.01573289421323035,
        "selected_height_min": 0.1354100234699093,
        "selected_height_max": 0.15960732077178585,
        "selected_points": 25856,
        "selected_ratio": 0.25856
      },
      "plate_support": {
        "plate_status": "ok",
        "plate_lower": -0.05530914744674755,
        "plate_upper": 0.14613089216771455,
        "plate_lo": 0.14298339154873857,
        "plate_hi": 0.14613089216771455,
        "plate_bins": 64,
        "plate_chosen_bin": 63,
        "plate_bin_count": 3280,
        "plate_left_bin": 63,
        "plate_right_bin": 63,
        "plate_points": 3280,
        "plate_min_points": 500,
        "plane_refine_angle_deg": 0.04351564357938702
      }
    }
  }
}