{
  "source_file": "C:\\Users\\gkwld\\Desktop\\3D-Marker-Pose-Estimation\\CAD_to_PointCloud_conversion\\pointnet2\\result\\eval1_real_newmask_height_auto_boxexpand100\\train\\marker_points\\aug_000111_marker.xyz",
  "image_size": 512,
  "point_radius": 2,
  "view_margin": 1.2,
  "plane_fit_q": 0.8,
  "height_mode": "adaptive",
  "top_candidate_q": 0.85,
  "height_band_m": 0.03,
  "basis_mode": "global",
  "plane_refine_enabled": true,
  "flip_x": true,
  "align_2d": false,
  "align_method": "none",
  "color_mode": "raw_z",
  "color_ref": "marker_all_raw_z",
  "invert_jet": false,
  "color_min": 0.103255,
  "color_max": 0.312979,
  "color_q_min": 0.02,
  "color_q_max": 0.98,
  "plane_center": [
    -6.9986819496709725,
    -9.339617669256542,
    0.3125749999299556
  ],
  "plane_normal": [
    0.002373139164246202,
    0.0049454079032546444,
    0.9999849554614197
  ],
  "marker_origin": [
    -6.9986819496709725,
    -9.339617669256542,
    0.3125749999299556
  ],
  "image_u_axis_3d": [
    -0.9999971841002888,
    1.173617422625243e-05,
    0.0023731101438979113
  ],
  "image_v_axis_3d": [
    0.0,
    0.9999877713256962,
    -0.0049454218290616
  ],
  "u_min": -1.2505221448334267,
  "u_max": 1.0655231592701093,
  "v_min": -0.9935048928106875,
  "v_max": 1.323672066774024,
  "pixel_size_u_m": 0.0045323782859169005,
  "pixel_size_v_m": 0.004534592875899631,
  "back_projection_note": {
    "pixel_to_uv": "u = u_min + px * pixel_size_u_m, v = v_max - py * pixel_size_v_m",
    "flip_x_note": "if flip_x is true, saved uv and image_u_axis_3d are already mirrored, so use the same pixel_to_uv formula",
    "point_on_plane_3d": "marker_origin + u * image_u_axis_3d + v * image_v_axis_3d",
    "direction_3d": "du * image_u_axis_3d + dv * image_v_axis_3d"
  },
  "debug": {
    "total_points": 100000,
    "basis_mode": "global",
    "height_mode": "adaptive",
    "top_candidate_q": 0.85,
    "height_band_m_input": 0.03,
    "height_band_m_used": 0.015,
    "id_height_center": 0.0008058001193331874,
    "top_id_points": 25666,
    "selected_height_min": -0.013601419055788768,
    "selected_height_max": 0.005222619468958138,
    "height_min": -0.2198318601844544,
    "height_mean": -0.1511405295525542,
    "height_max": 0.005222619468958138,
    "height_q50": -0.2022018443778067,
    "height_q70": -0.1996450569642691,
    "height_q80": -0.0011258557346936694,
    "height_q85": 0.0001529349782051685,
    "height_q90": 0.0010035257274037307,
    "height_q95": 0.0037891009587047247,
    "height_q99": 0.004588677858787846,
    "layer_selection": {
      "height_mode": "adaptive",
      "status": "adaptive_ok",
      "adaptive_search_q": 0.6,
      "adaptive_upper_q": 0.995,
      "adaptive_bins": 64,
      "adaptive_min_points": 300,
      "adaptive_chosen_bin": 63,
      "adaptive_bin_count": 6845,
      "adaptive_layer_bin_left": 62,
      "adaptive_layer_bin_right": 63,
      "adaptive_layer_lo": -0.0016364391431313852,
      "adaptive_layer_hi": 0.004805385509700035,
      "adaptive_layer_points": 21412,
      "adaptive_mad": 0.001248534417250028,
      "adaptive_robust_sigma": 0.0018510771270148915,
      "id_height_center": 0.0008058001193331874,
      "height_band_m": 0.015,
      "selected_height_min": -0.013601419055788768,
      "selected_height_max": 0.005222619468958138,
      "selected_points": 25666,
      "selected_ratio": 0.25666
    },
    "plane_estimation": {
      "plane_refine_used": true,
      "coarse_plane_points": 100000,
      "coarse_plane_center": [
        -6.911519532849934,
        -9.176613552200047,
        0.16041921087022767
      ],
      "coarse_plane_normal": [
        0.0029215976534977565,
        0.010863451350709446,
        0.9999367228429517
      ],
      "coarse_id_layer": {
        "height_mode": "adaptive",
        "status": "adaptive_ok",
        "adaptive_search_q": 0.6,
        "adaptive_upper_q": 0.995,
        "adaptive_bins": 64,
        "adaptive_min_points": 300,
        "adaptive_chosen_bin": 63,
        "adaptive_bin_count": 5310,
        "adaptive_layer_bin_left": 63,
        "adaptive_layer_bin_right": 63,
        "adaptive_layer_lo": 0.15666804373094897,
        "adaptive_layer_hi": 0.1599206185386284,
        "adaptive_layer_points": 5310,
        "adaptive_mad": 0.00069754857665974,
        "adaptive_robust_sigma": 0.0010341855197557304,
        "id_height_center": 0.15820168744632968,
        "height_band_m": 0.015,
        "selected_height_min": 0.1432073784835103,
        "selected_height_max": 0.16092810674604097,
        "selected_points": 24456,
        "selected_ratio": 0.24456
      },
      "plate_support": {
        "plate_status": "ok",
        "plate_lower": -0.05540366150992013,
        "plate_upper": 0.15320168744632967,
        "plate_lo": 0.14668277029144686,
        "plate_hi": 0.15320168744632967,
        "plate_bins": 64,
        "plate_chosen_bin": 63,
        "plate_bin_count": 8480,
        "plate_left_bin": 62,
        "plate_right_bin": 63,
        "plate_points": 14286,
        "plate_min_points": 500,
        "plane_refine_angle_deg": 0.3405436693125678
      }
    }
  }
}