{
  "source_file": "C:\\Users\\gkwld\\Desktop\\3D-Marker-Pose-Estimation\\CAD_to_PointCloud_conversion\\pointnet2\\result\\eval1_real_newmask_height_auto_boxexpand100\\train\\marker_points\\aug_000094_marker.xyz",
  "image_size": 512,
  "point_radius": 2,
  "view_margin": 1.2,
  "plane_fit_q": 0.8,
  "height_mode": "adaptive",
  "top_candidate_q": 0.85,
  "height_band_m": 0.03,
  "basis_mode": "global",
  "plane_refine_enabled": true,
  "flip_x": true,
  "align_2d": false,
  "align_method": "none",
  "color_mode": "raw_z",
  "color_ref": "marker_all_raw_z",
  "invert_jet": false,
  "color_min": 0.101735,
  "color_max": 0.310834,
  "color_q_min": 0.02,
  "color_q_max": 0.98,
  "plane_center": [
    2.5230860017972687,
    -8.942497702372412,
    0.30926775664989226
  ],
  "plane_normal": [
    0.006120193902887869,
    0.00897754907829113,
    0.9999409716763974
  ],
  "marker_origin": [
    2.5230860017972687,
    -8.942497702372412,
    0.30926775664989226
  ],
  "image_u_axis_3d": [
    -0.9999812714369161,
    5.494537017955569e-05,
    0.006119947255907674
  ],
  "image_v_axis_3d": [
    0.0,
    0.9999596994837109,
    -0.008977717218025424
  ],
  "u_min": -1.2390565980493462,
  "u_max": 0.6598759539065391,
  "v_min": -0.5433323310105028,
  "v_max": 1.3551991679719504,
  "pixel_size_u_m": 0.0037161106691895995,
  "pixel_size_v_m": 0.003715325829711259,
  "back_projection_note": {
    "pixel_to_uv": "u = u_min + px * pixel_size_u_m, v = v_max - py * pixel_size_v_m",
    "flip_x_note": "if flip_x is true, saved uv and image_u_axis_3d are already mirrored, so use the same pixel_to_uv formula",
    "point_on_plane_3d": "marker_origin + u * image_u_axis_3d + v * image_v_axis_3d",
    "direction_3d": "du * image_u_axis_3d + dv * image_v_axis_3d"
  },
  "debug": {
    "total_points": 100000,
    "basis_mode": "global",
    "height_mode": "adaptive",
    "top_candidate_q": 0.85,
    "height_band_m_input": 0.03,
    "height_band_m_used": 0.01619535314750984,
    "id_height_center": 0.0063542162272818645,
    "top_id_points": 25803,
    "selected_height_min": -0.009816140659410845,
    "selected_height_max": 0.015315997456590846,
    "height_min": -0.2195934667541987,
    "height_mean": -0.14479607175586098,
    "height_max": 0.015315997456590846,
    "height_q50": -0.1952235853179804,
    "height_q70": -0.18968380328419457,
    "height_q80": 0.0020686155792856314,
    "height_q85": 0.004224946218979704,
    "height_q90": 0.007177166394769975,
    "height_q95": 0.01083643585245501,
    "height_q99": 0.013839683642278014,
    "layer_selection": {
      "height_mode": "adaptive",
      "status": "adaptive_ok",
      "adaptive_search_q": 0.6,
      "adaptive_upper_q": 0.995,
      "adaptive_bins": 64,
      "adaptive_min_points": 300,
      "adaptive_chosen_bin": 63,
      "adaptive_bin_count": 4165,
      "adaptive_layer_bin_left": 59,
      "adaptive_layer_bin_right": 63,
      "adaptive_layer_lo": -0.0019061776105702977,
      "adaptive_layer_hi": 0.014311052191344287,
      "adaptive_layer_points": 24097,
      "adaptive_mad": 0.003641205348151859,
      "adaptive_robust_sigma": 0.005398451049169946,
      "id_height_center": 0.0063542162272818645,
      "height_band_m": 0.01619535314750984,
      "selected_height_min": -0.009816140659410845,
      "selected_height_max": 0.015315997456590846,
      "selected_points": 25803,
      "selected_ratio": 0.25803
    },
    "plane_estimation": {
      "plane_refine_used": true,
      "coarse_plane_points": 100000,
      "coarse_plane_center": [
        2.8076818704499855,
        -8.537578377919903,
        0.15908585490025168
      ],
      "coarse_plane_normal": [
        0.006488103473008099,
        0.008415911112588931,
        0.9999435368816926
      ],
      "coarse_id_layer": {
        "height_mode": "adaptive",
        "status": "adaptive_ok",
        "adaptive_search_q": 0.6,
        "adaptive_upper_q": 0.995,
        "adaptive_bins": 64,
        "adaptive_min_points": 300,
        "adaptive_chosen_bin": 63,
        "adaptive_bin_count": 4513,
        "adaptive_layer_bin_left": 59,
        "adaptive_layer_bin_right": 63,
        "adaptive_layer_lo": 0.14272101314960334,
        "adaptive_layer_hi": 0.15893579177909206,
        "adaptive_layer_points": 24132,
        "adaptive_mad": 0.003534923831100545,
        "adaptive_robust_sigma": 0.005240878071989668,
        "id_height_center": 0.15098714139938563,
        "height_band_m": 0.015722634215969002,
        "selected_height_min": 0.1352670235155693,
        "selected_height_max": 0.1599207835239192,
        "selected_points": 25779,
        "selected_ratio": 0.25779
      },
      "plate_support": {
        "plate_status": "ok",
        "plate_lower": -0.055194153283803546,
        "plate_upper": 0.14598714139938562,
        "plate_lo": 0.1428436836699608,
        "plate_hi": 0.14598714139938562,
        "plate_bins": 64,
        "plate_chosen_bin": 63,
        "plate_bin_count": 2782,
        "plate_left_bin": 63,
        "plate_right_bin": 63,
        "plate_points": 2782,
        "plate_min_points": 500,
        "plane_refine_angle_deg": 0.03846955091733654
      }
    }
  }
}