{
  "source_file": "/Users/hajiwan/Desktop/object_detection/result/eval1_real_newmask_height_auto_boxexpand100/val/marker_points/1_19_2026_163055_complete_denoise_marker.xyz",
  "image_size": 512,
  "point_radius": 2,
  "view_margin": 1.2,
  "plane_fit_q": 0.8,
  "height_mode": "adaptive",
  "top_candidate_q": 0.85,
  "height_band_m": 0.03,
  "basis_mode": "global",
  "plane_refine_enabled": true,
  "align_2d": false,
  "align_method": "none",
  "color_mode": "raw_z",
  "color_ref": "marker_all_raw_z",
  "invert_jet": false,
  "color_min": -1.589,
  "color_max": -1.378,
  "color_q_min": 0.02,
  "color_q_max": 0.98,
  "plane_center": [
    -1.052709751996635,
    0.5549991855821764,
    -1.521387662883543
  ],
  "plane_normal": [
    0.14039631431636967,
    0.054095695184090346,
    0.9886164729999846
  ],
  "marker_origin": [
    -1.052709751996635,
    0.5549991855821764,
    -1.521387662883543
  ],
  "image_u_axis_3d": [
    0.9900953867807073,
    -0.007670812656654858,
    -0.14018660316424011
  ],
  "image_v_axis_3d": [
    -8.673617379892797e-19,
    0.9985062916144977,
    -0.054636852071324064
  ],
  "u_min": -0.5372364898594276,
  "u_max": 0.4987599685967391,
  "v_min": -0.446978776008647,
  "v_max": 0.511641418576861,
  "pixel_size_u_m": 0.0020273903296598177,
  "pixel_size_v_m": 0.0018759690696389588,
  "back_projection_note": {
    "pixel_to_uv": "u = u_min + px * pixel_size_u_m, v = v_max - py * pixel_size_v_m",
    "point_on_plane_3d": "marker_origin + u * image_u_axis_3d + v * image_v_axis_3d",
    "direction_3d": "du * image_u_axis_3d + dv * image_v_axis_3d"
  },
  "debug": {
    "total_points": 80568,
    "basis_mode": "global",
    "height_mode": "adaptive",
    "top_candidate_q": 0.85,
    "height_band_m_input": 0.03,
    "height_band_m_used": 0.042481892418864034,
    "id_height_center": 0.1183881817090212,
    "top_id_points": 24649,
    "selected_height_min": 0.07597482861235652,
    "selected_height_max": 0.1608457440375273,
    "height_min": -0.14802382706879158,
    "height_mean": 0.03890171350516689,
    "height_max": 0.20216063570803305,
    "height_q50": 0.002019909819370151,
    "height_q70": 0.0924757382148041,
    "height_q80": 0.13411934644370913,
    "height_q85": 0.1382225565257716,
    "height_q90": 0.1421669597749766,
    "height_q95": 0.14662212610802217,
    "height_q99": 0.15386447579968507,
    "layer_selection": {
      "height_mode": "keep_upper_down_expand",
      "selection_rule": "upper_fixed_lower_expanded",
      "body_down_expand_m": 0.04,
      "base_id_height_center": 0.1383881817090212,
      "base_height_band_m_used": 0.022481892418864037,
      "base_lower": 0.11590628929015717,
      "base_upper_fixed": 0.16087007412788523,
      "id_height_center": 0.1183881817090212,
      "height_band_m": 0.042481892418864034,
      "height_band_m_used": 0.042481892418864034,
      "new_lower_expanded": 0.07590628929015716,
      "new_upper_fixed": 0.16087007412788523,
      "center_shift_m": -0.020000000000000004,
      "selected_height_min": 0.07597482861235652,
      "selected_height_max": 0.1608457440375273
    },
    "plane_estimation": {
      "plane_refine_used": true,
      "coarse_plane_points": 64610,
      "coarse_plane_center": [
        -0.9733764897074814,
        0.5633227054635508,
        -1.519224655626253
      ],
      "coarse_plane_normal": [
        0.0788730918429756,
        0.0341047805030081,
        0.9963011087658042
      ],
      "coarse_id_layer": {
        "height_mode": "keep_upper_down_expand",
        "selection_rule": "upper_fixed_lower_expanded",
        "body_down_expand_m": 0.04,
        "base_id_height_center": 0.12059335641239774,
        "base_height_band_m_used": 0.029493925491594217,
        "base_lower": 0.09109943092080353,
        "base_upper_fixed": 0.15008728190399195,
        "id_height_center": 0.10059335641239774,
        "height_band_m": 0.04949392549159422,
        "height_band_m_used": 0.04949392549159422,
        "new_lower_expanded": 0.051099430920803525,
        "new_upper_fixed": 0.15008728190399195,
        "center_shift_m": -0.020000000000000004,
        "selected_height_min": 0.05191568113889457,
        "selected_height_max": 0.14815434619157722
      },
      "plate_support": {
        "plate_status": "ok",
        "plate_lower": -0.0308263985823134,
        "plate_upper": 0.09559335641239773,
        "plate_lo": -0.0308263985823134,
        "plate_hi": 0.032383478915042174,
        "plate_bins": 64,
        "plate_chosen_bin": 26,
        "plate_bin_count": 597,
        "plate_left_bin": 0,
        "plate_right_bin": 31,
        "plate_points": 38064,
        "plate_min_points": 403,
        "plane_refine_angle_deg": 3.7331614074656168
      }
    }
  }
}