{
  "source_file": "/Users/hajiwan/Desktop/object_detection/result/eval1_real_newmask_height_auto_boxexpand100/val/marker_points/1_19_2026_162815_complete_denoise_marker.xyz",
  "image_size": 512,
  "point_radius": 2,
  "view_margin": 1.2,
  "plane_fit_q": 0.8,
  "height_mode": "adaptive",
  "top_candidate_q": 0.85,
  "height_band_m": 0.03,
  "basis_mode": "global",
  "plane_refine_enabled": true,
  "align_2d": false,
  "align_method": "none",
  "color_mode": "raw_z",
  "color_ref": "marker_all_raw_z",
  "invert_jet": false,
  "color_min": -1.584,
  "color_max": -1.33,
  "color_q_min": 0.02,
  "color_q_max": 0.98,
  "plane_center": [
    -1.0700188343467287,
    0.5604975530179441,
    -1.517767907459594
  ],
  "plane_normal": [
    0.13760794440236837,
    0.05948039545144991,
    0.9886992142164845
  ],
  "marker_origin": [
    -1.0700188343467287,
    0.5604975530179441,
    -1.517767907459594
  ],
  "image_u_axis_3d": [
    0.990486776103251,
    -0.00826358831613979,
    -0.1373595991211046
  ],
  "image_v_axis_3d": [
    0.0,
    0.9981952693050996,
    -0.06005168053368515
  ],
  "u_min": -0.4330104824973673,
  "u_max": 0.50016477814457,
  "v_min": -0.414248804179043,
  "v_max": 0.4996539423397869,
  "pixel_size_u_m": 0.0018261746783599557,
  "pixel_size_v_m": 0.0017884593865339137,
  "back_projection_note": {
    "pixel_to_uv": "u = u_min + px * pixel_size_u_m, v = v_max - py * pixel_size_v_m",
    "point_on_plane_3d": "marker_origin + u * image_u_axis_3d + v * image_v_axis_3d",
    "direction_3d": "du * image_u_axis_3d + dv * image_v_axis_3d"
  },
  "debug": {
    "total_points": 15073,
    "basis_mode": "global",
    "height_mode": "adaptive",
    "top_candidate_q": 0.85,
    "height_band_m_input": 0.03,
    "height_band_m_used": 0.04588261616828092,
    "id_height_center": 0.11706952708197048,
    "top_id_points": 4835,
    "selected_height_min": 0.07123805495926139,
    "selected_height_max": 0.1627575341330554,
    "height_min": -0.04560144177133922,
    "height_mean": 0.04616120030981834,
    "height_max": 0.3554885910675397,
    "height_q50": 0.003773576081862233,
    "height_q70": 0.12287271603665391,
    "height_q80": 0.1353178968658883,
    "height_q85": 0.13976066176632937,
    "height_q90": 0.1446527110828502,
    "height_q95": 0.1511543618282201,
    "height_q99": 0.24130750867779555,
    "layer_selection": {
      "height_mode": "keep_upper_down_expand",
      "selection_rule": "upper_fixed_lower_expanded",
      "body_down_expand_m": 0.04,
      "base_id_height_center": 0.13706952708197048,
      "base_height_band_m_used": 0.02588261616828092,
      "base_lower": 0.11118691091368957,
      "base_upper_fixed": 0.1629521432502514,
      "id_height_center": 0.11706952708197048,
      "height_band_m": 0.04588261616828092,
      "height_band_m_used": 0.04588261616828092,
      "new_lower_expanded": 0.07118691091368956,
      "new_upper_fixed": 0.1629521432502514,
      "center_shift_m": -0.020000000000000004,
      "selected_height_min": 0.07123805495926139,
      "selected_height_max": 0.1627575341330554
    },
    "plane_estimation": {
      "plane_refine_used": true,
      "coarse_plane_points": 12086,
      "coarse_plane_center": [
        -0.9694180043024988,
        0.5620546913784557,
        -1.5120953168955726
      ],
      "coarse_plane_normal": [
        0.05286049799235536,
        0.03608481014820868,
        0.9979497253001114
      ],
      "coarse_id_layer": {
        "height_mode": "keep_upper_down_expand",
        "selection_rule": "upper_fixed_lower_expanded",
        "body_down_expand_m": 0.04,
        "base_id_height_center": 0.11187683460891507,
        "base_height_band_m_used": 0.039620246638966294,
        "base_lower": 0.07225658796994877,
        "base_upper_fixed": 0.15149708124788136,
        "id_height_center": 0.09187683460891506,
        "height_band_m": 0.0596202466389663,
        "height_band_m_used": 0.0596202466389663,
        "new_lower_expanded": 0.03225658796994877,
        "new_upper_fixed": 0.15149708124788136,
        "center_shift_m": -0.020000000000000004,
        "selected_height_min": 0.03226638475395926,
        "selected_height_max": 0.1513645038821179
      },
      "plate_support": {
        "plate_status": "ok",
        "plate_lower": -0.03696027859164602,
        "plate_upper": 0.08687683460891506,
        "plate_lo": -0.03696027859164602,
        "plate_hi": 0.03269809758366958,
        "plate_bins": 64,
        "plate_chosen_bin": 28,
        "plate_bin_count": 87,
        "plate_left_bin": 0,
        "plate_right_bin": 35,
        "plate_points": 6743,
        "plate_min_points": 76,
        "plane_refine_angle_deg": 5.066758124865709
      }
    }
  }
}