{
  "source_file": "/Users/hajiwan/Desktop/object_detection/result/eval1_real_newmask_height_auto_boxexpand100/val/marker_points/1_19_2026_164025_complete_denoise_marker.xyz",
  "image_size": 512,
  "point_radius": 2,
  "view_margin": 1.2,
  "plane_fit_q": 0.8,
  "height_mode": "adaptive",
  "top_candidate_q": 0.85,
  "height_band_m": 0.03,
  "basis_mode": "global",
  "plane_refine_enabled": true,
  "align_2d": false,
  "align_method": "none",
  "color_mode": "raw_z",
  "color_ref": "marker_all_raw_z",
  "invert_jet": false,
  "color_min": -1.61,
  "color_max": -1.407,
  "color_q_min": 0.02,
  "color_q_max": 0.98,
  "plane_center": [
    -0.7453958446496501,
    0.7871835958718068,
    -1.5726163769690094
  ],
  "plane_normal": [
    0.047582214108232324,
    -0.05100072669412197,
    0.9975644634685169
  ],
  "marker_origin": [
    -0.7453958446496501,
    0.7871835958718068,
    -1.5726163769690094
  ],
  "image_u_axis_3d": [
    0.9988673249729241,
    0.0024294793077710135,
    -0.04752015077549433
  ],
  "image_v_axis_3d": [
    -4.33680868994636e-19,
    0.9986956611025025,
    0.051058559449277806
  ],
  "u_min": -0.3472737728259443,
  "u_max": 0.3959972072527759,
  "v_min": -0.3425674693314663,
  "v_max": 0.44648545784136284,
  "pixel_size_u_m": 0.0014545420353791001,
  "pixel_size_v_m": 0.001544134886835282,
  "back_projection_note": {
    "pixel_to_uv": "u = u_min + px * pixel_size_u_m, v = v_max - py * pixel_size_v_m",
    "point_on_plane_3d": "marker_origin + u * image_u_axis_3d + v * image_v_axis_3d",
    "direction_3d": "du * image_u_axis_3d + dv * image_v_axis_3d"
  },
  "debug": {
    "total_points": 34285,
    "basis_mode": "global",
    "height_mode": "adaptive",
    "top_candidate_q": 0.85,
    "height_band_m_input": 0.03,
    "height_band_m_used": 0.04819555577252478,
    "id_height_center": 0.11722503171042271,
    "top_id_points": 10988,
    "selected_height_min": 0.06932885727255479,
    "selected_height_max": 0.1649245599564592,
    "height_min": -0.058069996480902844,
    "height_mean": 0.04282105295073466,
    "height_max": 0.23538243750344773,
    "height_q50": 0.004858279725687545,
    "height_q70": 0.11818333515811416,
    "height_q80": 0.1338702795700789,
    "height_q85": 0.1387890784085847,
    "height_q90": 0.14398633510971573,
    "height_q95": 0.15002590455008624,
    "height_q99": 0.18423659837993042,
    "layer_selection": {
      "height_mode": "keep_upper_down_expand",
      "selection_rule": "upper_fixed_lower_expanded",
      "body_down_expand_m": 0.04,
      "base_id_height_center": 0.13722503171042272,
      "base_height_band_m_used": 0.02819555577252478,
      "base_lower": 0.10902947593789794,
      "base_upper_fixed": 0.1654205874829475,
      "id_height_center": 0.11722503171042271,
      "height_band_m": 0.04819555577252478,
      "height_band_m_used": 0.04819555577252478,
      "new_lower_expanded": 0.06902947593789793,
      "new_upper_fixed": 0.1654205874829475,
      "center_shift_m": -0.020000000000000004,
      "selected_height_min": 0.06932885727255479,
      "selected_height_max": 0.1649245599564592
    },
    "plane_estimation": {
      "plane_refine_used": true,
      "coarse_plane_points": 27706,
      "coarse_plane_center": [
        -0.6713225294160197,
        0.7976170143651212,
        -1.5569985201761893
      ],
      "coarse_plane_normal": [
        -0.030772935349233102,
        -0.02807423649744774,
        0.9991320551824354
      ],
      "coarse_id_layer": {
        "height_mode": "keep_upper_down_expand",
        "selection_rule": "upper_fixed_lower_expanded",
        "body_down_expand_m": 0.04,
        "base_id_height_center": 0.11286950592461434,
        "base_height_band_m_used": 0.04345626088186869,
        "base_lower": 0.06941324504274565,
        "base_upper_fixed": 0.15632576680648302,
        "id_height_center": 0.09286950592461433,
        "height_band_m": 0.06345626088186869,
        "height_band_m_used": 0.06345626088186869,
        "new_lower_expanded": 0.029413245042745652,
        "new_upper_fixed": 0.15632576680648302,
        "center_shift_m": -0.020000000000000004,
        "selected_height_min": 0.02956094955631637,
        "selected_height_max": 0.15629566730356897
      },
      "plate_support": {
        "plate_status": "ok",
        "plate_lower": -0.03703999986912066,
        "plate_upper": 0.08786950592461433,
        "plate_lo": -0.03703999986912066,
        "plate_hi": 0.029318175083801058,
        "plate_bins": 64,
        "plate_chosen_bin": 28,
        "plate_bin_count": 198,
        "plate_left_bin": 0,
        "plate_right_bin": 33,
        "plate_points": 14728,
        "plate_min_points": 172,
        "plane_refine_angle_deg": 4.67981278571986
      }
    }
  }
}