{
  "source_file": "/Users/hajiwan/Desktop/object_detection/result/eval1_real_newmask_height_auto_boxexpand100/val/marker_points/1_19_2026_163908_complete_denoise_marker.xyz",
  "image_size": 512,
  "point_radius": 2,
  "view_margin": 1.2,
  "plane_fit_q": 0.8,
  "height_mode": "adaptive",
  "top_candidate_q": 0.85,
  "height_band_m": 0.03,
  "basis_mode": "global",
  "plane_refine_enabled": true,
  "align_2d": false,
  "align_method": "none",
  "color_mode": "raw_z",
  "color_ref": "marker_all_raw_z",
  "invert_jet": false,
  "color_min": -1.606,
  "color_max": -1.404,
  "color_q_min": 0.02,
  "color_q_max": 0.98,
  "plane_center": [
    -0.7664534930677066,
    0.809036209449457,
    -1.5655879660788843
  ],
  "plane_normal": [
    0.03169358597352556,
    -0.07220298809657645,
    0.9968862749160832
  ],
  "marker_origin": [
    -0.7664534930677066,
    0.809036209449457,
    -1.5655879660788843
  ],
  "image_u_axis_3d": [
    0.9994976321163256,
    0.0022895217929974885,
    -0.03161078110102038
  ],
  "image_v_axis_3d": [
    4.336808689946357e-19,
    0.9973873302774028,
    0.07223927879010832
  ],
  "u_min": -0.31719434135705227,
  "u_max": 0.41607479480346576,
  "v_min": -0.4328160961406215,
  "v_max": 0.4279001549939743,
  "pixel_size_u_m": 0.0014349689553043406,
  "pixel_size_v_m": 0.0016843762253123207,
  "back_projection_note": {
    "pixel_to_uv": "u = u_min + px * pixel_size_u_m, v = v_max - py * pixel_size_v_m",
    "point_on_plane_3d": "marker_origin + u * image_u_axis_3d + v * image_v_axis_3d",
    "direction_3d": "du * image_u_axis_3d + dv * image_v_axis_3d"
  },
  "debug": {
    "total_points": 33253,
    "basis_mode": "global",
    "height_mode": "adaptive",
    "top_candidate_q": 0.85,
    "height_band_m_input": 0.03,
    "height_band_m_used": 0.05442177424824339,
    "id_height_center": 0.11036761769585772,
    "top_id_points": 11587,
    "selected_height_min": 0.05597044585759138,
    "selected_height_max": 0.16478127565965792,
    "height_min": -0.060462740080995406,
    "height_mean": 0.04106120321955051,
    "height_max": 0.26356608314598484,
    "height_q50": 0.002693470385636436,
    "height_q70": 0.11406379799953294,
    "height_q80": 0.12795323722984797,
    "height_q85": 0.13338253385606796,
    "height_q90": 0.13865579307510445,
    "height_q95": 0.14611301998323328,
    "height_q99": 0.1887040680434472,
    "layer_selection": {
      "height_mode": "keep_upper_down_expand",
      "selection_rule": "upper_fixed_lower_expanded",
      "body_down_expand_m": 0.04,
      "base_id_height_center": 0.13036761769585772,
      "base_height_band_m_used": 0.034421774248243386,
      "base_lower": 0.09594584344761434,
      "base_upper_fixed": 0.1647893919441011,
      "id_height_center": 0.11036761769585772,
      "height_band_m": 0.05442177424824339,
      "height_band_m_used": 0.05442177424824339,
      "new_lower_expanded": 0.055945843447614337,
      "new_upper_fixed": 0.1647893919441011,
      "center_shift_m": -0.020000000000000004,
      "selected_height_min": 0.05597044585759138,
      "selected_height_max": 0.16478127565965792
    },
    "plane_estimation": {
      "plane_refine_used": true,
      "coarse_plane_points": 26888,
      "coarse_plane_center": [
        -0.6757447560250024,
        0.7976453808390366,
        -1.5516318060101808
      ],
      "coarse_plane_normal": [
        -0.06624027212416052,
        -0.03319429456603506,
        0.9972514051908778
      ],
      "coarse_id_layer": {
        "height_mode": "keep_upper_down_expand",
        "selection_rule": "upper_fixed_lower_expanded",
        "body_down_expand_m": 0.04,
        "base_id_height_center": 0.10385541949084698,
        "base_height_band_m_used": 0.03887945393424649,
        "base_lower": 0.06497596555660048,
        "base_upper_fixed": 0.14273487342509347,
        "id_height_center": 0.08385541949084697,
        "height_band_m": 0.0588794539342465,
        "height_band_m_used": 0.0588794539342465,
        "new_lower_expanded": 0.024975965556600484,
        "new_upper_fixed": 0.14273487342509347,
        "center_shift_m": -0.020000000000000004,
        "selected_height_min": 0.025024285283326474,
        "selected_height_max": 0.1427290531160639
      },
      "plate_support": {
        "plate_status": "ok",
        "plate_lower": -0.040084328804448295,
        "plate_upper": 0.07885541949084697,
        "plate_lo": -0.040084328804448295,
        "plate_hi": 0.0584126502525931,
        "plate_bins": 64,
        "plate_chosen_bin": 32,
        "plate_bin_count": 181,
        "plate_left_bin": 0,
        "plate_right_bin": 52,
        "plate_points": 14858,
        "plate_min_points": 167,
        "plane_refine_angle_deg": 6.042778811112185
      }
    }
  }
}