{
  "source_file": "/Users/hajiwan/Desktop/object_detection/result/eval1_real_newmask_height_auto_boxexpand100/val/marker_points/1_19_2026_162954_complete_denoise_marker.xyz",
  "image_size": 512,
  "point_radius": 2,
  "view_margin": 1.2,
  "plane_fit_q": 0.8,
  "height_mode": "adaptive",
  "top_candidate_q": 0.85,
  "height_band_m": 0.03,
  "basis_mode": "global",
  "plane_refine_enabled": true,
  "align_2d": false,
  "align_method": "none",
  "color_mode": "raw_z",
  "color_ref": "marker_all_raw_z",
  "invert_jet": false,
  "color_min": -1.59,
  "color_max": -1.374,
  "color_q_min": 0.02,
  "color_q_max": 0.98,
  "plane_center": [
    -1.0514384648679853,
    0.5489199249747516,
    -1.5207770884432312
  ],
  "plane_normal": [
    0.14192606620538398,
    0.054307029164527204,
    0.9883864316717366
  ],
  "marker_origin": [
    -1.0514384648679853,
    0.5489199249747516,
    -1.5207770884432312
  ],
  "image_u_axis_3d": [
    0.9898772609417419,
    -0.007786402739744085,
    -0.1417123149229754
  ],
  "image_v_axis_3d": [
    8.673617379892798e-19,
    0.9984939251260858,
    -0.05486238679006361
  ],
  "u_min": -0.5224193083532434,
  "u_max": 0.4950297406834352,
  "v_min": -0.4406507082805632,
  "v_max": 0.5155465698866344,
  "pixel_size_u_m": 0.001991094029425985,
  "pixel_size_v_m": 0.0018712275502293495,
  "back_projection_note": {
    "pixel_to_uv": "u = u_min + px * pixel_size_u_m, v = v_max - py * pixel_size_v_m",
    "point_on_plane_3d": "marker_origin + u * image_u_axis_3d + v * image_v_axis_3d",
    "direction_3d": "du * image_u_axis_3d + dv * image_v_axis_3d"
  },
  "debug": {
    "total_points": 14533,
    "basis_mode": "global",
    "height_mode": "adaptive",
    "top_candidate_q": 0.85,
    "height_band_m_input": 0.03,
    "height_band_m_used": 0.042501036361572805,
    "id_height_center": 0.11822980426003855,
    "top_id_points": 4525,
    "selected_height_min": 0.07577862443301989,
    "selected_height_max": 0.16017976333654402,
    "height_min": -0.16052243118670223,
    "height_mean": 0.0392657830618422,
    "height_max": 0.20779870354813212,
    "height_q50": 0.001987212616411462,
    "height_q70": 0.10360298410887557,
    "height_q80": 0.13446497464994742,
    "height_q85": 0.13826607898507914,
    "height_q90": 0.1423563562428744,
    "height_q95": 0.14704628947648116,
    "height_q99": 0.15431428067734318,
    "layer_selection": {
      "height_mode": "keep_upper_down_expand",
      "selection_rule": "upper_fixed_lower_expanded",
      "body_down_expand_m": 0.04,
      "base_id_height_center": 0.13822980426003856,
      "base_height_band_m_used": 0.022501036361572798,
      "base_lower": 0.11572876789846576,
      "base_upper_fixed": 0.16073084062161136,
      "id_height_center": 0.11822980426003855,
      "height_band_m": 0.042501036361572805,
      "height_band_m_used": 0.042501036361572805,
      "new_lower_expanded": 0.07572876789846575,
      "new_upper_fixed": 0.16073084062161136,
      "center_shift_m": -0.020000000000000004,
      "selected_height_min": 0.07577862443301989,
      "selected_height_max": 0.16017976333654402
    },
    "plane_estimation": {
      "plane_refine_used": true,
      "coarse_plane_points": 11647,
      "coarse_plane_center": [
        -0.9688798832317357,
        0.5622635871898337,
        -1.5192021979909096
      ],
      "coarse_plane_normal": [
        0.07627399904090601,
        0.02814434864014166,
        0.996689607003068
      ],
      "coarse_id_layer": {
        "height_mode": "keep_upper_down_expand",
        "selection_rule": "upper_fixed_lower_expanded",
        "body_down_expand_m": 0.04,
        "base_id_height_center": 0.12006249644221534,
        "base_height_band_m_used": 0.0317543004402618,
        "base_lower": 0.08830819600195354,
        "base_upper_fixed": 0.15181679688247712,
        "id_height_center": 0.10006249644221533,
        "height_band_m": 0.05175430044026179,
        "height_band_m_used": 0.05175430044026179,
        "new_lower_expanded": 0.04830819600195354,
        "new_upper_fixed": 0.15181679688247712,
        "center_shift_m": -0.020000000000000004,
        "selected_height_min": 0.048386982755707374,
        "selected_height_max": 0.15033729397368825
      },
      "plate_support": {
        "plate_status": "ok",
        "plate_lower": -0.0316655209889067,
        "plate_upper": 0.09506249644221533,
        "plate_lo": -0.0316655209889067,
        "plate_hi": 0.03763886354373815,
        "plate_bins": 64,
        "plate_chosen_bin": 25,
        "plate_bin_count": 83,
        "plate_left_bin": 0,
        "plate_right_bin": 34,
        "plate_points": 6931,
        "plate_min_points": 73,
        "plane_refine_angle_deg": 4.077978809831767
      }
    }
  }
}