{
  "source_file": "/Users/hajiwan/Desktop/object_detection/result/eval1_real_newmask_height_auto_boxexpand100/val/marker_points/1_19_2026_165420_complete_denoise_marker.xyz",
  "image_size": 512,
  "point_radius": 2,
  "view_margin": 1.2,
  "plane_fit_q": 0.8,
  "height_mode": "adaptive",
  "top_candidate_q": 0.85,
  "height_band_m": 0.03,
  "basis_mode": "global",
  "plane_refine_enabled": true,
  "align_2d": false,
  "align_method": "none",
  "color_mode": "raw_z",
  "color_ref": "marker_all_raw_z",
  "invert_jet": false,
  "color_min": -1.599,
  "color_max": -1.348,
  "color_q_min": 0.02,
  "color_q_max": 0.98,
  "plane_center": [
    -1.2524226503371327,
    0.5666975643318996,
    -1.5255902298059498
  ],
  "plane_normal": [
    -0.048943657369904435,
    -0.04325127106055686,
    0.9978646431019108
  ],
  "marker_origin": [
    -1.2524226503371327,
    0.5666975643318996,
    -1.5255902298059498
  ],
  "image_u_axis_3d": [
    0.9988015410487034,
    -0.002119415423982918,
    0.048897747136177935
  ],
  "image_v_axis_3d": [
    0.0,
    0.9990619778711964,
    0.04330316812997864
  ],
  "u_min": -0.6951565990127092,
  "u_max": 0.6261144110675748,
  "v_min": -0.46740033485878146,
  "v_max": 0.47870828019751704,
  "pixel_size_u_m": 0.0025856575539731585,
  "pixel_size_v_m": 0.0018514845695817976,
  "back_projection_note": {
    "pixel_to_uv": "u = u_min + px * pixel_size_u_m, v = v_max - py * pixel_size_v_m",
    "point_on_plane_3d": "marker_origin + u * image_u_axis_3d + v * image_v_axis_3d",
    "direction_3d": "du * image_u_axis_3d + dv * image_v_axis_3d"
  },
  "debug": {
    "total_points": 140317,
    "basis_mode": "global",
    "height_mode": "adaptive",
    "top_candidate_q": 0.85,
    "height_band_m_input": 0.03,
    "height_band_m_used": 0.076,
    "id_height_center": 0.08336184741895715,
    "top_id_points": 55115,
    "selected_height_min": 0.007371981915443382,
    "selected_height_max": 0.15936128959133672,
    "height_min": -0.10085614622420905,
    "height_mean": 0.026792673477737394,
    "height_max": 0.21798297913675532,
    "height_q50": -0.0004003724850591573,
    "height_q70": 0.05239952817524519,
    "height_q80": 0.1042644317249195,
    "height_q85": 0.13278456705515576,
    "height_q90": 0.1525308815936649,
    "height_q95": 0.16828823292486955,
    "height_q99": 0.18290533829472844,
    "layer_selection": {
      "height_mode": "keep_upper_down_expand",
      "selection_rule": "upper_fixed_lower_expanded",
      "body_down_expand_m": 0.04,
      "base_id_height_center": 0.10336184741895715,
      "base_height_band_m_used": 0.055999999999999994,
      "base_lower": 0.04736184741895716,
      "base_upper_fixed": 0.15936184741895715,
      "id_height_center": 0.08336184741895715,
      "height_band_m": 0.076,
      "height_band_m_used": 0.076,
      "new_lower_expanded": 0.007361847418957158,
      "new_upper_fixed": 0.15936184741895715,
      "center_shift_m": -0.020000000000000004,
      "selected_height_min": 0.007371981915443382,
      "selected_height_max": 0.15936128959133672
    },
    "plane_estimation": {
      "plane_refine_used": true,
      "coarse_plane_points": 112378,
      "coarse_plane_center": [
        -1.1952578529605398,
        0.5736169268006192,
        -1.5263069284022555
      ],
      "coarse_plane_normal": [
        -0.06131220548673578,
        -0.04088352833122249,
        0.9972809787454799
      ],
      "coarse_id_layer": {
        "height_mode": "keep_upper_down_expand",
        "selection_rule": "upper_fixed_lower_expanded",
        "body_down_expand_m": 0.04,
        "base_id_height_center": 0.10403965982246552,
        "base_height_band_m_used": 0.055999999999999994,
        "base_lower": 0.048039659822465525,
        "base_upper_fixed": 0.1600396598224655,
        "id_height_center": 0.08403965982246552,
        "height_band_m": 0.076,
        "height_band_m_used": 0.076,
        "new_lower_expanded": 0.008039659822465524,
        "new_upper_fixed": 0.1600396598224655,
        "center_shift_m": -0.020000000000000004,
        "selected_height_min": 0.008039923287491545,
        "selected_height_max": 0.1600358159043223
      },
      "plate_support": {
        "plate_status": "ok",
        "plate_lower": -0.033613006607570904,
        "plate_upper": 0.07903965982246551,
        "plate_lo": -0.033613006607570904,
        "plate_hi": 0.06495807651871094,
        "plate_bins": 64,
        "plate_chosen_bin": 51,
        "plate_bin_count": 845,
        "plate_left_bin": 0,
        "plate_right_bin": 55,
        "plate_points": 72670,
        "plate_min_points": 702,
        "plane_refine_angle_deg": 0.7223131492322673
      }
    }
  }
}