{
  "source_file": "/Users/hajiwan/Desktop/object_detection/result/eval1_real_newmask_height_auto_boxexpand100/val/marker_points/1_19_2026_165420_complete_denoise_marker.xyz",
  "image_size": 512,
  "point_radius": 2,
  "view_margin": 1.2,
  "plane_fit_q": 0.8,
  "height_mode": "adaptive",
  "top_candidate_q": 0.85,
  "height_band_m": 0.03,
  "basis_mode": "global",
  "plane_refine_enabled": true,
  "align_2d": false,
  "align_method": "none",
  "color_mode": "raw_z",
  "color_ref": "marker_all_raw_z",
  "invert_jet": false,
  "color_min": -1.599,
  "color_max": -1.348,
  "color_q_min": 0.02,
  "color_q_max": 0.98,
  "plane_center": [
    -0.9341499930815035,
    0.5841303445413032,
    -1.4192540473225488
  ],
  "plane_normal": [
    -0.07365497463203603,
    -0.0545537634522848,
    0.9957905560925683
  ],
  "marker_origin": [
    -0.9341499930815035,
    0.5841303445413032,
    -1.4192540473225488
  ],
  "image_u_axis_3d": [
    0.9972837834387815,
    -0.004029099971220751,
    0.073544691456597
  ],
  "image_v_axis_3d": [
    -8.673617379892733e-19,
    0.9985027056771624,
    0.05470234687274395
  ],
  "u_min": -1.0217860808394914,
  "u_max": 0.29880730511117454,
  "v_min": -0.4912956073626604,
  "v_max": 0.4552840702180915,
  "pixel_size_u_m": 0.0025843314793555106,
  "pixel_size_v_m": 0.001852406414052352,
  "back_projection_note": {
    "pixel_to_uv": "u = u_min + px * pixel_size_u_m, v = v_max - py * pixel_size_v_m",
    "point_on_plane_3d": "marker_origin + u * image_u_axis_3d + v * image_v_axis_3d",
    "direction_3d": "du * image_u_axis_3d + dv * image_v_axis_3d"
  },
  "debug": {
    "total_points": 140317,
    "basis_mode": "global",
    "height_mode": "adaptive",
    "top_candidate_q": 0.85,
    "height_band_m_input": 0.03,
    "height_band_m_used": 0.06,
    "id_height_center": 0.012846915284043185,
    "top_id_points": 39252,
    "selected_height_min": -0.04715131605716853,
    "selected_height_max": 0.07283733568259941,
    "height_min": -0.19064301376662174,
    "height_mean": -0.05654254469925457,
    "height_max": 0.13784275293160725,
    "height_q50": -0.0813693472331659,
    "height_q70": -0.027688359847544704,
    "height_q80": 0.01448144234636154,
    "height_q85": 0.04754561898040652,
    "height_q90": 0.06783765977921652,
    "height_q95": 0.08571220282004514,
    "height_q99": 0.10113763425391029,
    "layer_selection": {
      "height_mode": "adaptive",
      "status": "adaptive_ok",
      "adaptive_search_q": 0.6,
      "adaptive_upper_q": 0.995,
      "adaptive_bins": 64,
      "adaptive_min_points": 421,
      "adaptive_chosen_bin": 62,
      "adaptive_bin_count": 460,
      "adaptive_layer_bin_left": 0,
      "adaptive_layer_bin_right": 63,
      "adaptive_layer_lo": -0.0551056329110325,
      "adaptive_layer_hi": 0.10583240151455667,
      "adaptive_layer_points": 55425,
      "adaptive_mad": 0.04677497634274924,
      "adaptive_robust_sigma": 0.06934857992576002,
      "id_height_center": 0.012846915284043185,
      "height_band_m": 0.06,
      "selected_height_min": -0.04715131605716853,
      "selected_height_max": 0.07283733568259941,
      "selected_points": 39252,
      "selected_ratio": 0.2797380217650035
    },
    "plane_estimation": {
      "plane_refine_used": true,
      "coarse_plane_points": 112378,
      "coarse_plane_center": [
        -1.1952578529605398,
        0.5736169268006192,
        -1.5263069284022555
      ],
      "coarse_plane_normal": [
        -0.06131220548673578,
        -0.04088352833122249,
        0.9972809787454799
      ],
      "coarse_id_layer": {
        "height_mode": "adaptive",
        "status": "adaptive_ok",
        "adaptive_search_q": 0.6,
        "adaptive_upper_q": 0.995,
        "adaptive_bins": 64,
        "adaptive_min_points": 421,
        "adaptive_chosen_bin": 62,
        "adaptive_bin_count": 482,
        "adaptive_layer_bin_left": 0,
        "adaptive_layer_bin_right": 63,
        "adaptive_layer_lo": 0.030987824682243745,
        "adaptive_layer_hi": 0.19184027652802013,
        "adaptive_layer_points": 55428,
        "adaptive_mad": 0.04875730205793649,
        "adaptive_robust_sigma": 0.07228757603109663,
        "id_height_center": 0.10403965982246552,
        "height_band_m": 0.06,
        "selected_height_min": 0.04404250426097274,
        "selected_height_max": 0.16403668991376116,
        "selected_points": 37832,
        "selected_ratio": 0.26961807906383406
      },
      "plate_support": {
        "plate_status": "ok",
        "plate_lower": -0.033613006607570904,
        "plate_upper": 0.09903965982246551,
        "plate_lo": 0.07831268069277234,
        "plate_hi": 0.09903965982246551,
        "plate_bins": 64,
        "plate_chosen_bin": 63,
        "plate_bin_count": 1068,
        "plate_left_bin": 54,
        "plate_right_bin": 63,
        "plate_points": 7227,
        "plate_min_points": 702,
        "plane_refine_angle_deg": 1.0587329231206197
      }
    }
  }
}