{
  "source_file": "/Users/hajiwan/Desktop/object_detection/result/eval1_real_newmask_height_auto_boxexpand100/val/marker_points/1_19_2026_164852_complete_denoise_marker.xyz",
  "image_size": 512,
  "point_radius": 2,
  "view_margin": 1.2,
  "plane_fit_q": 0.8,
  "height_mode": "adaptive",
  "top_candidate_q": 0.85,
  "height_band_m": 0.06,
  "basis_mode": "global",
  "plane_refine_enabled": true,
  "align_2d": false,
  "align_method": "none",
  "color_mode": "raw_z",
  "color_ref": "marker_all_raw_z",
  "invert_jet": false,
  "color_min": -1.596,
  "color_max": -1.349,
  "color_q_min": 0.02,
  "color_q_max": 0.98,
  "plane_center": [
    -0.990277747698972,
    0.6377658364916082,
    -1.4031848944233933
  ],
  "plane_normal": [
    0.03764677448529568,
    -0.05571871941072474,
    0.9977365106460134
  ],
  "marker_origin": [
    -0.990277747698972,
    0.6377658364916082,
    -1.4031848944233933
  ],
  "image_u_axis_3d": [
    0.999291108921148,
    0.002099118110362722,
    -0.03758820735682651
  ],
  "image_v_axis_3d": [
    4.336808689946357e-19,
    0.9984442989012395,
    0.055758245933784034
  ],
  "u_min": -0.697083767035382,
  "u_max": 0.3284444644923601,
  "v_min": -0.5367607940991677,
  "v_max": 0.3852245288434457,
  "pixel_size_u_m": 0.002006904562676599,
  "pixel_size_v_m": 0.001804276561531533,
  "back_projection_note": {
    "pixel_to_uv": "u = u_min + px * pixel_size_u_m, v = v_max - py * pixel_size_v_m",
    "point_on_plane_3d": "marker_origin + u * image_u_axis_3d + v * image_v_axis_3d",
    "direction_3d": "du * image_u_axis_3d + dv * image_v_axis_3d"
  },
  "debug": {
    "total_points": 28863,
    "basis_mode": "global",
    "height_mode": "adaptive",
    "top_candidate_q": 0.85,
    "height_band_m_input": 0.06,
    "height_band_m_used": 0.06504689815883301,
    "id_height_center": 0.018268268650638797,
    "top_id_points": 8504,
    "selected_height_min": -0.04676977110020797,
    "selected_height_max": 0.0662678757456077,
    "height_min": -0.22012350549742554,
    "height_mean": -0.08340867004260732,
    "height_max": 0.0662678757456077,
    "height_q50": -0.11179652220149001,
    "height_q70": -0.05316853992178382,
    "height_q80": 0.003923350902250331,
    "height_q85": 0.01558694573261916,
    "height_q90": 0.03229516562345418,
    "height_q95": 0.043324968222413204,
    "height_q99": 0.058163897936219955,
    "layer_selection": {
      "height_mode": "adaptive",
      "status": "adaptive_ok",
      "adaptive_search_q": 0.6,
      "adaptive_upper_q": 0.995,
      "adaptive_bins": 64,
      "adaptive_min_points": 87,
      "adaptive_chosen_bin": 63,
      "adaptive_bin_count": 111,
      "adaptive_layer_bin_left": 31,
      "adaptive_layer_bin_right": 63,
      "adaptive_layer_lo": -0.01890683256346909,
      "adaptive_layer_hi": 0.06106154830950724,
      "adaptive_layer_points": 8026,
      "adaptive_mad": 0.017549412696299206,
      "adaptive_robust_sigma": 0.0260187592635332,
      "id_height_center": 0.018268268650638797,
      "height_band_m": 0.06504689815883301,
      "selected_height_min": -0.04676977110020797,
      "selected_height_max": 0.0662678757456077,
      "selected_points": 8504,
      "selected_ratio": 0.2946332675051104
    },
    "plane_estimation": {
      "plane_refine_used": true,
      "coarse_plane_points": 23093,
      "coarse_plane_center": [
        -1.0906495041787374,
        0.5636052916468175,
        -1.5155534144545313
      ],
      "coarse_plane_normal": [
        0.010835621228517204,
        -0.05958265467290197,
        0.9981645638734737
      ],
      "coarse_id_layer": {
        "height_mode": "adaptive",
        "status": "adaptive_ok",
        "adaptive_search_q": 0.6,
        "adaptive_upper_q": 0.995,
        "adaptive_bins": 64,
        "adaptive_min_points": 87,
        "adaptive_chosen_bin": 63,
        "adaptive_bin_count": 106,
        "adaptive_layer_bin_left": 28,
        "adaptive_layer_bin_right": 63,
        "adaptive_layer_lo": 0.09004391487323578,
        "adaptive_layer_hi": 0.17588357443710806,
        "adaptive_layer_points": 8066,
        "adaptive_mad": 0.020987022262822258,
        "adaptive_robust_sigma": 0.031115359206860278,
        "id_height_center": 0.1315492577749387,
        "height_band_m": 0.07778839801715069,
        "selected_height_min": 0.053771678834476144,
        "selected_height_max": 0.1813833785703433,
        "selected_points": 8896,
        "selected_ratio": 0.3082146692997956
      },
      "plate_support": {
        "plate_status": "ok",
        "plate_lower": -0.030920514927443202,
        "plate_upper": 0.1265492577749387,
        "plate_lo": 0.08964227979781793,
        "plate_hi": 0.1265492577749387,
        "plate_bins": 64,
        "plate_chosen_bin": 63,
        "plate_bin_count": 158,
        "plate_left_bin": 49,
        "plate_right_bin": 63,
        "plate_points": 3694,
        "plate_min_points": 145,
        "plane_refine_angle_deg": 1.552277982984258
      }
    }
  }
}