{
  "source_file": "/Users/hajiwan/Desktop/object_detection/result/eval1_real_newmask_height_auto_boxexpand100/val/marker_points/1_19_2026_163055_complete_denoise_marker.xyz",
  "image_size": 512,
  "point_radius": 2,
  "view_margin": 1.2,
  "plane_fit_q": 0.8,
  "height_mode": "adaptive",
  "top_candidate_q": 0.85,
  "height_band_m": 0.06,
  "basis_mode": "global",
  "plane_refine_enabled": true,
  "align_2d": false,
  "align_method": "none",
  "color_mode": "raw_z",
  "color_ref": "marker_all_raw_z",
  "invert_jet": false,
  "color_min": -1.589,
  "color_max": -1.378,
  "color_q_min": 0.02,
  "color_q_max": 0.98,
  "plane_center": [
    -0.8530931555555564,
    0.5731306666666662,
    -1.4180508444444335
  ],
  "plane_normal": [
    0.0811815255053579,
    0.0364800281758779,
    0.9960315092701185
  ],
  "marker_origin": [
    -0.8530931555555564,
    0.5731306666666662,
    -1.4180508444444335
  ],
  "image_u_axis_3d": [
    0.996699332755191,
    -0.0029713116488236956,
    -0.08112713103787313
  ],
  "image_v_axis_3d": [
    -4.336808689946368e-19,
    0.9993299649512031,
    -0.03660083535422814
  ],
  "u_min": -0.7354744668088644,
  "u_max": 0.3074242804646221,
  "v_min": -0.4632217252003734,
  "v_max": 0.4973608948956517,
  "pixel_size_u_m": 0.0020408977441751202,
  "pixel_size_v_m": 0.001879809432673239,
  "back_projection_note": {
    "pixel_to_uv": "u = u_min + px * pixel_size_u_m, v = v_max - py * pixel_size_v_m",
    "point_on_plane_3d": "marker_origin + u * image_u_axis_3d + v * image_v_axis_3d",
    "direction_3d": "du * image_u_axis_3d + dv * image_v_axis_3d"
  },
  "debug": {
    "total_points": 80568,
    "basis_mode": "global",
    "height_mode": "adaptive",
    "top_candidate_q": 0.85,
    "height_band_m_input": 0.06,
    "height_band_m_used": 0.028960820540875072,
    "id_height_center": 0.009970818520793113,
    "top_id_points": 23487,
    "selected_height_min": -0.018962547613493197,
    "selected_height_max": 0.037372949564232004,
    "height_min": -0.23958224188438923,
    "height_mean": -0.08592332164715559,
    "height_max": 0.0646040979844414,
    "height_q50": -0.11609078325774244,
    "height_q70": -0.03144235875539578,
    "height_q80": 0.004375941911963681,
    "height_q85": 0.00973316638513291,
    "height_q90": 0.014917721330356168,
    "height_q95": 0.020725804603677532,
    "height_q99": 0.02892395595433689,
    "layer_selection": {
      "height_mode": "adaptive",
      "status": "adaptive_ok",
      "adaptive_search_q": 0.6,
      "adaptive_upper_q": 0.995,
      "adaptive_bins": 64,
      "adaptive_min_points": 242,
      "adaptive_chosen_bin": 63,
      "adaptive_bin_count": 440,
      "adaptive_layer_bin_left": 40,
      "adaptive_layer_bin_right": 63,
      "adaptive_layer_lo": -0.018755356451080854,
      "adaptive_layer_hi": 0.030880883346712126,
      "adaptive_layer_points": 23083,
      "adaptive_mad": 0.007813522336672082,
      "adaptive_robust_sigma": 0.01158432821635003,
      "id_height_center": 0.009970818520793113,
      "height_band_m": 0.028960820540875072,
      "selected_height_min": -0.018962547613493197,
      "selected_height_max": 0.037372949564232004,
      "selected_points": 23487,
      "selected_ratio": 0.2915177241584748
    },
    "plane_estimation": {
      "plane_refine_used": true,
      "coarse_plane_points": 64610,
      "coarse_plane_center": [
        -0.9733764897074814,
        0.5633227054635508,
        -1.519224655626253
      ],
      "coarse_plane_normal": [
        0.0788730918429756,
        0.0341047805030081,
        0.9963011087658042
      ],
      "coarse_id_layer": {
        "height_mode": "adaptive",
        "status": "adaptive_ok",
        "adaptive_search_q": 0.6,
        "adaptive_upper_q": 0.995,
        "adaptive_bins": 64,
        "adaptive_min_points": 242,
        "adaptive_chosen_bin": 63,
        "adaptive_bin_count": 394,
        "adaptive_layer_bin_left": 40,
        "adaptive_layer_bin_right": 63,
        "adaptive_layer_lo": 0.09233291261774047,
        "adaptive_layer_hi": 0.14182517456454533,
        "adaptive_layer_points": 23054,
        "adaptive_mad": 0.007957352081908599,
        "adaptive_robust_sigma": 0.011797570196637687,
        "id_height_center": 0.12059335641239774,
        "height_band_m": 0.029493925491594217,
        "selected_height_min": 0.09112452052216566,
        "selected_height_max": 0.14815434619157722,
        "selected_points": 23551,
        "selected_ratio": 0.29231208420216465
      },
      "plate_support": {
        "plate_status": "ok",
        "plate_lower": -0.0308263985823134,
        "plate_upper": 0.11559335641239774,
        "plate_lo": 0.10415431305343592,
        "plate_hi": 0.11559335641239774,
        "plate_bins": 64,
        "plate_chosen_bin": 63,
        "plate_bin_count": 1514,
        "plate_left_bin": 59,
        "plate_right_bin": 63,
        "plate_points": 5625,
        "plate_min_points": 403,
        "plane_refine_angle_deg": 0.19040281115264354
      }
    }
  }
}