{
  "source_file": "C:\\Users\\gkwld\\Desktop\\3D-Marker-Pose-Estimation\\CAD_to_PointCloud_conversion\\pointnet2\\result\\eval1_real_newmask_height_auto_boxexpand100\\train\\marker_points\\aug_000135_marker.xyz",
  "image_size": 512,
  "point_radius": 2,
  "view_margin": 1.2,
  "plane_fit_q": 0.8,
  "height_mode": "adaptive",
  "top_candidate_q": 0.85,
  "height_band_m": 0.03,
  "basis_mode": "global",
  "plane_refine_enabled": true,
  "flip_x": true,
  "align_2d": false,
  "align_method": "none",
  "color_mode": "raw_z",
  "color_ref": "marker_all_raw_z",
  "invert_jet": false,
  "color_min": 0.103326,
  "color_max": 0.312979,
  "color_q_min": 0.02,
  "color_q_max": 0.98,
  "plane_center": [
    6.380628278237813,
    8.942780318317345,
    0.3117359274594362
  ],
  "plane_normal": [
    0.004539493367533318,
    -0.01070909351603198,
    0.9999323518688807
  ],
  "marker_origin": [
    6.380628278237813,
    8.942780318317345,
    0.3117359274594362
  ],
  "image_u_axis_3d": [
    -0.9999896964459015,
    -4.86143598889111e-05,
    0.00453923304951499
  ],
  "image_v_axis_3d": [
    0.0,
    0.9999426548311202,
    0.010709203858882584
  ],
  "u_min": -1.253414037102842,
  "u_max": 0.7400926087103328,
  "v_min": -1.4515322459957156,
  "v_max": 0.5421147625185627,
  "pixel_size_u_m": 0.00390118717380269,
  "pixel_size_v_m": 0.0039014618561923255,
  "back_projection_note": {
    "pixel_to_uv": "u = u_min + px * pixel_size_u_m, v = v_max - py * pixel_size_v_m",
    "flip_x_note": "if flip_x is true, saved uv and image_u_axis_3d are already mirrored, so use the same pixel_to_uv formula",
    "point_on_plane_3d": "marker_origin + u * image_u_axis_3d + v * image_v_axis_3d",
    "direction_3d": "du * image_u_axis_3d + dv * image_v_axis_3d"
  },
  "debug": {
    "total_points": 100000,
    "basis_mode": "global",
    "height_mode": "adaptive",
    "top_candidate_q": 0.85,
    "height_band_m_input": 0.03,
    "height_band_m_used": 0.016132110820254994,
    "id_height_center": 0.006222251188603711,
    "top_id_points": 25421,
    "selected_height_min": -0.009865621551801866,
    "selected_height_max": 0.01607302141963648,
    "height_min": -0.2203650363467939,
    "height_mean": -0.14571317994682068,
    "height_max": 0.01607302141963648,
    "height_q50": -0.195370308078098,
    "height_q70": -0.18954321559181936,
    "height_q80": 0.0019134489341027807,
    "height_q85": 0.0047601395822944965,
    "height_q90": 0.0070142047511241425,
    "height_q95": 0.011660915208383036,
    "height_q99": 0.014487393515734167,
    "layer_selection": {
      "height_mode": "adaptive",
      "status": "adaptive_ok",
      "adaptive_search_q": 0.6,
      "adaptive_upper_q": 0.995,
      "adaptive_bins": 64,
      "adaptive_min_points": 300,
      "adaptive_chosen_bin": 63,
      "adaptive_bin_count": 4388,
      "adaptive_layer_bin_left": 59,
      "adaptive_layer_bin_right": 63,
      "adaptive_layer_lo": -0.0012861628000288006,
      "adaptive_layer_hi": 0.014998096555128806,
      "adaptive_layer_points": 23564,
      "adaptive_mad": 0.003626986559704797,
      "adaptive_robust_sigma": 0.005377370273418332,
      "id_height_center": 0.006222251188603711,
      "height_band_m": 0.016132110820254994,
      "selected_height_min": -0.009865621551801866,
      "selected_height_max": 0.01607302141963648,
      "selected_points": 25421,
      "selected_ratio": 0.25421
    },
    "plane_estimation": {
      "plane_refine_used": true,
      "coarse_plane_points": 100000,
      "coarse_plane_center": [
        6.638174912319977,
        8.492734559140036,
        0.16002377111022656
      ],
      "coarse_plane_normal": [
        0.004189876079278168,
        -0.011265407463313675,
        0.9999277651566267
      ],
      "coarse_id_layer": {
        "height_mode": "adaptive",
        "status": "adaptive_ok",
        "adaptive_search_q": 0.6,
        "adaptive_upper_q": 0.995,
        "adaptive_bins": 64,
        "adaptive_min_points": 300,
        "adaptive_chosen_bin": 63,
        "adaptive_bin_count": 4478,
        "adaptive_layer_bin_left": 59,
        "adaptive_layer_bin_right": 63,
        "adaptive_layer_lo": 0.1446248018994192,
        "adaptive_layer_hi": 0.16091778575795962,
        "adaptive_layer_points": 23289,
        "adaptive_mad": 0.0036092558012529863,
        "adaptive_robust_sigma": 0.005351082650937677,
        "id_height_center": 0.15180696706490238,
        "height_band_m": 0.01605324795281303,
        "selected_height_min": 0.13578408613798357,
        "selected_height_max": 0.16201956871277898,
        "selected_points": 25418,
        "selected_ratio": 0.25418
      },
      "plate_support": {
        "plate_status": "ok",
        "plate_lower": -0.05500721862317217,
        "plate_upper": 0.14680696706490237,
        "plate_lo": 0.1436536204135262,
        "plate_hi": 0.14680696706490237,
        "plate_bins": 64,
        "plate_chosen_bin": 63,
        "plate_bin_count": 3019,
        "plate_left_bin": 63,
        "plate_right_bin": 63,
        "plate_points": 3019,
        "plate_min_points": 500,
        "plane_refine_angle_deg": 0.0376474043071472
      }
    }
  }
}