{
  "source_file": "C:\\Users\\gkwld\\Desktop\\3D-Marker-Pose-Estimation\\CAD_to_PointCloud_conversion\\pointnet2\\result\\eval1_real_newmask_height_auto_boxexpand100\\train\\marker_points\\aug_000075_marker.xyz",
  "image_size": 512,
  "point_radius": 2,
  "view_margin": 1.2,
  "plane_fit_q": 0.8,
  "height_mode": "adaptive",
  "top_candidate_q": 0.85,
  "height_band_m": 0.03,
  "basis_mode": "global",
  "plane_refine_enabled": true,
  "flip_x": true,
  "align_2d": false,
  "align_method": "none",
  "color_mode": "raw_z",
  "color_ref": "marker_all_raw_z",
  "invert_jet": false,
  "color_min": 0.102003,
  "color_max": 0.310834,
  "color_q_min": 0.02,
  "color_q_max": 0.98,
  "plane_center": [
    2.196735633809308,
    -9.904733943804723,
    0.3099698390143022
  ],
  "plane_normal": [
    0.010740507058421786,
    0.0015779035003767638,
    0.9999410741272066
  ],
  "marker_origin": [
    2.196735633809308,
    -9.904733943804723,
    0.3099698390143022
  ],
  "image_u_axis_3d": [
    -0.9999423190895206,
    1.6948461285949384e-05,
    0.010740493686102463
  ],
  "image_v_axis_3d": [
    -3.38813178902059e-21,
    0.9999987549648716,
    -0.0015779945205358623
  ],
  "u_min": -1.6522397615640956,
  "u_max": 0.6569471315378804,
  "v_min": -1.1161424679003498,
  "v_max": 1.194406925908906,
  "pixel_size_u_m": 0.004518956737968641,
  "pixel_size_v_m": 0.004521623079861557,
  "back_projection_note": {
    "pixel_to_uv": "u = u_min + px * pixel_size_u_m, v = v_max - py * pixel_size_v_m",
    "flip_x_note": "if flip_x is true, saved uv and image_u_axis_3d are already mirrored, so use the same pixel_to_uv formula",
    "point_on_plane_3d": "marker_origin + u * image_u_axis_3d + v * image_v_axis_3d",
    "direction_3d": "du * image_u_axis_3d + dv * image_v_axis_3d"
  },
  "debug": {
    "total_points": 100000,
    "basis_mode": "global",
    "height_mode": "adaptive",
    "top_candidate_q": 0.85,
    "height_band_m_input": 0.03,
    "height_band_m_used": 0.016184841882890003,
    "id_height_center": 0.006033563976237622,
    "top_id_points": 26096,
    "selected_height_min": -0.010128446333395285,
    "selected_height_max": 0.014522020740897312,
    "height_min": -0.22022688626141984,
    "height_mean": -0.14484899584719235,
    "height_max": 0.014522020740897312,
    "height_q50": -0.19573972623289365,
    "height_q70": -0.19036201329773356,
    "height_q80": 0.001371993631758311,
    "height_q85": 0.0035392843516503423,
    "height_q90": 0.006914794655679269,
    "height_q95": 0.009797537681600759,
    "height_q99": 0.013059686607574504,
    "layer_selection": {
      "height_mode": "adaptive",
      "status": "adaptive_ok",
      "adaptive_search_q": 0.6,
      "adaptive_upper_q": 0.995,
      "adaptive_bins": 64,
      "adaptive_min_points": 300,
      "adaptive_chosen_bin": 63,
      "adaptive_bin_count": 3910,
      "adaptive_layer_bin_left": 59,
      "adaptive_layer_bin_right": 63,
      "adaptive_layer_lo": -0.0026995137784908696,
      "adaptive_layer_hi": 0.013497289092627504,
      "adaptive_layer_points": 24533,
      "adaptive_mad": 0.0036388420978663615,
      "adaptive_robust_sigma": 0.0053949472942966675,
      "id_height_center": 0.006033563976237622,
      "height_band_m": 0.016184841882890003,
      "selected_height_min": -0.010128446333395285,
      "selected_height_max": 0.014522020740897312,
      "selected_points": 26096,
      "selected_ratio": 0.26096
    },
    "plane_estimation": {
      "plane_refine_used": true,
      "coarse_plane_points": 100000,
      "coarse_plane_center": [
        2.69103589323998,
        -9.857905488899869,
        0.15972906389025157
      ],
      "coarse_plane_normal": [
        0.011916518795278322,
        0.0006485069816870758,
        0.9999287854724938
      ],
      "coarse_id_layer": {
        "height_mode": "adaptive",
        "status": "adaptive_ok",
        "adaptive_search_q": 0.6,
        "adaptive_upper_q": 0.995,
        "adaptive_bins": 64,
        "adaptive_min_points": 300,
        "adaptive_chosen_bin": 63,
        "adaptive_bin_count": 3761,
        "adaptive_layer_bin_left": 59,
        "adaptive_layer_bin_right": 63,
        "adaptive_layer_lo": 0.1429119320908706,
        "adaptive_layer_hi": 0.1591461153353125,
        "adaptive_layer_points": 23947,
        "adaptive_mad": 0.0039012780089140164,
        "adaptive_robust_sigma": 0.00578403477601592,
        "id_height_center": 0.1506857435831251,
        "height_band_m": 0.017352104328047763,
        "selected_height_min": 0.13333453163702666,
        "selected_height_max": 0.160278700377279,
        "selected_points": 26132,
        "selected_ratio": 0.26132
      },
      "plate_support": {
        "plate_status": "ok",
        "plate_lower": -0.056027484809037194,
        "plate_upper": 0.14568574358312508,
        "plate_lo": 0.14253397438949755,
        "plate_hi": 0.14568574358312508,
        "plate_bins": 64,
        "plate_chosen_bin": 63,
        "plate_bin_count": 4342,
        "plate_left_bin": 63,
        "plate_right_bin": 63,
        "plate_points": 4342,
        "plate_min_points": 500,
        "plane_refine_angle_deg": 0.08588514894230445
      }
    }
  }
}