{
  "source_file": "C:\\Users\\gkwld\\Desktop\\3D-Marker-Pose-Estimation\\CAD_to_PointCloud_conversion\\pointnet2\\result\\eval1_real_newmask_height_auto_boxexpand100\\train\\marker_points\\aug_000078_marker.xyz",
  "image_size": 512,
  "point_radius": 2,
  "view_margin": 1.2,
  "plane_fit_q": 0.8,
  "height_mode": "adaptive",
  "top_candidate_q": 0.85,
  "height_band_m": 0.03,
  "basis_mode": "global",
  "plane_refine_enabled": true,
  "flip_x": true,
  "align_2d": false,
  "align_method": "none",
  "color_mode": "raw_z",
  "color_ref": "marker_all_raw_z",
  "invert_jet": false,
  "color_min": 0.10185898,
  "color_max": 0.310834,
  "color_q_min": 0.02,
  "color_q_max": 0.98,
  "plane_center": [
    -7.907510590440249,
    0.20931532880503187,
    0.30981369635221706
  ],
  "plane_normal": [
    0.0070045572981912,
    0.008395121958534701,
    0.9999402272647889
  ],
  "marker_origin": [
    -7.907510590440249,
    0.20931532880503187,
    0.30981369635221706
  ],
  "image_u_axis_3d": [
    -0.9999754677866135,
    5.880555541417557e-05,
    0.0070043104478670695
  ],
  "image_v_axis_3d": [
    0.0,
    0.9999647586126263,
    -0.008395327914502154
  ],
  "u_min": -1.2278722859354185,
  "u_max": 0.5135821552703426,
  "v_min": -0.5153755577665269,
  "v_max": 1.2261538378166668,
  "pixel_size_u_m": 0.0034079343272128398,
  "pixel_size_v_m": 0.003408081008969068,
  "back_projection_note": {
    "pixel_to_uv": "u = u_min + px * pixel_size_u_m, v = v_max - py * pixel_size_v_m",
    "flip_x_note": "if flip_x is true, saved uv and image_u_axis_3d are already mirrored, so use the same pixel_to_uv formula",
    "point_on_plane_3d": "marker_origin + u * image_u_axis_3d + v * image_v_axis_3d",
    "direction_3d": "du * image_u_axis_3d + dv * image_v_axis_3d"
  },
  "debug": {
    "total_points": 100000,
    "basis_mode": "global",
    "height_mode": "adaptive",
    "top_candidate_q": 0.85,
    "height_band_m_input": 0.03,
    "height_band_m_used": 0.01635379812006049,
    "id_height_center": 0.006328162756456606,
    "top_id_points": 25628,
    "selected_height_min": -0.009985932757424347,
    "selected_height_max": 0.014733215859438922,
    "height_min": -0.21972871007033726,
    "height_mean": -0.1455802095012234,
    "height_max": 0.014733215859438922,
    "height_q50": -0.19553793305934525,
    "height_q70": -0.19031368874268279,
    "height_q80": 0.0013924345705112634,
    "height_q85": 0.0034856320408695254,
    "height_q90": 0.007122931324862069,
    "height_q95": 0.00989418974923641,
    "height_q99": 0.013318254370134676,
    "layer_selection": {
      "height_mode": "adaptive",
      "status": "adaptive_ok",
      "adaptive_search_q": 0.6,
      "adaptive_upper_q": 0.995,
      "adaptive_bins": 64,
      "adaptive_min_points": 300,
      "adaptive_chosen_bin": 63,
      "adaptive_bin_count": 3734,
      "adaptive_layer_bin_left": 59,
      "adaptive_layer_bin_right": 63,
      "adaptive_layer_lo": -0.002425094166437103,
      "adaptive_layer_hi": 0.01377878538109408,
      "adaptive_layer_points": 24016,
      "adaptive_mad": 0.0036768285714421714,
      "adaptive_robust_sigma": 0.005451266040020163,
      "id_height_center": 0.006328162756456606,
      "height_band_m": 0.01635379812006049,
      "selected_height_min": -0.009985932757424347,
      "selected_height_max": 0.014733215859438922,
      "selected_points": 25628,
      "selected_ratio": 0.25628
    },
    "plane_estimation": {
      "plane_refine_used": true,
      "coarse_plane_points": 100000,
      "coarse_plane_center": [
        -7.558893417819937,
        0.5667555977199967,
        0.15878179565024966
      ],
      "coarse_plane_normal": [
        0.008129214608186545,
        0.008027790605217765,
        0.9999347330930419
      ],
      "coarse_id_layer": {
        "height_mode": "adaptive",
        "status": "adaptive_ok",
        "adaptive_search_q": 0.6,
        "adaptive_upper_q": 0.995,
        "adaptive_bins": 64,
        "adaptive_min_points": 300,
        "adaptive_chosen_bin": 63,
        "adaptive_bin_count": 3814,
        "adaptive_layer_bin_left": 59,
        "adaptive_layer_bin_right": 63,
        "adaptive_layer_lo": 0.1435307263564133,
        "adaptive_layer_hi": 0.15975996471826132,
        "adaptive_layer_points": 23899,
        "adaptive_mad": 0.003799159523629636,
        "adaptive_robust_sigma": 0.005632633909733298,
        "id_height_center": 0.15163254058507106,
        "height_band_m": 0.016897901729199895,
        "selected_height_min": 0.1347538027529323,
        "selected_height_max": 0.1607902624235646,
        "selected_points": 25655,
        "selected_ratio": 0.25655
      },
      "plate_support": {
        "plate_status": "ok",
        "plate_lower": -0.05498405144681429,
        "plate_upper": 0.14663254058507105,
        "plate_lo": 0.14348228133457283,
        "plate_hi": 0.14663254058507105,
        "plate_bins": 64,
        "plate_chosen_bin": 63,
        "plate_bin_count": 3975,
        "plate_left_bin": 63,
        "plate_right_bin": 63,
        "plate_points": 3975,
        "plate_min_points": 500,
        "plane_refine_angle_deg": 0.06778894013185549
      }
    }
  }
}