{
  "source_file": "C:\\Users\\gkwld\\Desktop\\3D-Marker-Pose-Estimation\\CAD_to_PointCloud_conversion\\pointnet2\\result\\eval1_real_newmask_height_auto_boxexpand100\\train\\marker_points\\aug_000015_marker.xyz",
  "image_size": 512,
  "point_radius": 2,
  "view_margin": 1.2,
  "plane_fit_q": 0.8,
  "height_mode": "adaptive",
  "top_candidate_q": 0.85,
  "height_band_m": 0.03,
  "basis_mode": "global",
  "plane_refine_enabled": true,
  "flip_x": true,
  "align_2d": false,
  "align_method": "none",
  "color_mode": "raw_z",
  "color_ref": "marker_all_raw_z",
  "invert_jet": false,
  "color_min": 0.101727,
  "color_max": 0.310834,
  "color_q_min": 0.02,
  "color_q_max": 0.98,
  "plane_center": [
    -9.252525488227565,
    3.9884704051667628,
    0.3095365987573578
  ],
  "plane_normal": [
    -0.002794204491931703,
    -0.010317683285171556,
    0.9999428672833685
  ],
  "marker_origin": [
    -9.252525488227565,
    3.9884704051667628,
    0.3095365987573578
  ],
  "image_u_axis_3d": [
    -0.9999960962020089,
    2.8829829527527948e-05,
    -0.0027940557588619257
  ],
  "image_v_axis_3d": [
    -3.38813178902059e-21,
    0.999946770872564,
    0.01031772356346976
  ],
  "u_min": -0.9203262217686087,
  "u_max": 1.2551086339731525,
  "v_min": -1.5736954349422088,
  "v_max": 0.6009152506990659,
  "pixel_size_u_m": 0.004257211067987791,
  "pixel_size_v_m": 0.004255598210648287,
  "back_projection_note": {
    "pixel_to_uv": "u = u_min + px * pixel_size_u_m, v = v_max - py * pixel_size_v_m",
    "flip_x_note": "if flip_x is true, saved uv and image_u_axis_3d are already mirrored, so use the same pixel_to_uv formula",
    "point_on_plane_3d": "marker_origin + u * image_u_axis_3d + v * image_v_axis_3d",
    "direction_3d": "du * image_u_axis_3d + dv * image_v_axis_3d"
  },
  "debug": {
    "total_points": 100000,
    "basis_mode": "global",
    "height_mode": "adaptive",
    "top_candidate_q": 0.85,
    "height_band_m_input": 0.03,
    "height_band_m_used": 0.01586598483512904,
    "id_height_center": 0.006411646327706471,
    "top_id_points": 25895,
    "selected_height_min": -0.009445407916288898,
    "selected_height_max": 0.014957018752291397,
    "height_min": -0.21961557007523033,
    "height_mean": -0.1447157230225486,
    "height_max": 0.014957018752291397,
    "height_q50": -0.19539267358937645,
    "height_q70": -0.19005971135723584,
    "height_q80": 0.0019595500030652547,
    "height_q85": 0.0040901997425693,
    "height_q90": 0.007250825128985283,
    "height_q95": 0.010445316476529904,
    "height_q99": 0.013562530484811463,
    "layer_selection": {
      "height_mode": "adaptive",
      "status": "adaptive_ok",
      "adaptive_search_q": 0.6,
      "adaptive_upper_q": 0.995,
      "adaptive_bins": 64,
      "adaptive_min_points": 300,
      "adaptive_chosen_bin": 63,
      "adaptive_bin_count": 4113,
      "adaptive_layer_bin_left": 59,
      "adaptive_layer_bin_right": 63,
      "adaptive_layer_lo": -0.0022140097551775484,
      "adaptive_layer_hi": 0.013996646039293245,
      "adaptive_layer_points": 24289,
      "adaptive_mad": 0.0035671533870967756,
      "adaptive_robust_sigma": 0.0052886616117096795,
      "id_height_center": 0.006411646327706471,
      "height_band_m": 0.01586598483512904,
      "selected_height_min": -0.009445407916288898,
      "selected_height_max": 0.014957018752291397,
      "selected_points": 25895,
      "selected_ratio": 0.25895
    },
    "plane_estimation": {
      "plane_refine_used": true,
      "coarse_plane_points": 100000,
      "coarse_plane_center": [
        -9.413446728399967,
        3.503047033849935,
        0.15935420395024993
      ],
      "coarse_plane_normal": [
        -0.0035562560348446426,
        -0.009877765398039558,
        0.999944889877315
      ],
      "coarse_id_layer": {
        "height_mode": "adaptive",
        "status": "adaptive_ok",
        "adaptive_search_q": 0.6,
        "adaptive_upper_q": 0.995,
        "adaptive_bins": 64,
        "adaptive_min_points": 300,
        "adaptive_chosen_bin": 63,
        "adaptive_bin_count": 4421,
        "adaptive_layer_bin_left": 59,
        "adaptive_layer_bin_right": 63,
        "adaptive_layer_lo": 0.1423984909853517,
        "adaptive_layer_hi": 0.1586121180149245,
        "adaptive_layer_points": 24317,
        "adaptive_mad": 0.003529719621003402,
        "adaptive_robust_sigma": 0.005233162310099643,
        "id_height_center": 0.15089625677319118,
        "height_band_m": 0.01569948693029893,
        "selected_height_min": 0.13528105188920259,
        "selected_height_max": 0.15955679641837187,
        "selected_points": 25896,
        "selected_ratio": 0.25896
      },
      "plate_support": {
        "plate_status": "ok",
        "plate_lower": -0.05537322301466538,
        "plate_upper": 0.14589625677319118,
        "plate_lo": 0.1427514211515059,
        "plate_hi": 0.14589625677319118,
        "plate_bins": 64,
        "plate_chosen_bin": 63,
        "plate_bin_count": 3058,
        "plate_left_bin": 63,
        "plate_right_bin": 63,
        "plate_points": 3058,
        "plate_min_points": 500,
        "plane_refine_angle_deg": 0.050415677437492146
      }
    }
  }
}