{
  "source_file": "C:\\Users\\gkwld\\Desktop\\3D-Marker-Pose-Estimation\\CAD_to_PointCloud_conversion\\pointnet2\\result\\eval1_real_newmask_height_auto_boxexpand100\\train\\marker_points\\aug_000196_marker.xyz",
  "image_size": 512,
  "point_radius": 2,
  "view_margin": 1.2,
  "plane_fit_q": 0.8,
  "height_mode": "adaptive",
  "top_candidate_q": 0.85,
  "height_band_m": 0.03,
  "basis_mode": "global",
  "plane_refine_enabled": true,
  "flip_x": true,
  "align_2d": false,
  "align_method": "none",
  "color_mode": "raw_z",
  "color_ref": "marker_all_raw_z",
  "invert_jet": false,
  "color_min": 0.10328686000000001,
  "color_max": 0.312979,
  "color_q_min": 0.02,
  "color_q_max": 0.98,
  "plane_center": [
    -5.699369104436486,
    -9.537953971273195,
    0.31259968353577433
  ],
  "plane_normal": [
    0.0017268274297905933,
    -0.00450692474964285,
    0.9999883527793356
  ],
  "marker_origin": [
    -5.699369104436486,
    -9.537953971273195,
    0.31259968353577433
  ],
  "image_u_axis_3d": [
    -0.9999985090314024,
    -7.782692885420508e-06,
    0.0017268098916663384
  ],
  "image_v_axis_3d": [
    1.6940658945102945e-21,
    0.9999898437317906,
    0.004506931469331635
  ],
  "u_min": -0.9741451516498225,
  "u_max": 0.7832283155136066,
  "v_min": -1.081753860778528,
  "v_max": 0.6748935900236918,
  "pixel_size_u_m": 0.0034390870198892937,
  "pixel_size_v_m": 0.0034376662442313494,
  "back_projection_note": {
    "pixel_to_uv": "u = u_min + px * pixel_size_u_m, v = v_max - py * pixel_size_v_m",
    "flip_x_note": "if flip_x is true, saved uv and image_u_axis_3d are already mirrored, so use the same pixel_to_uv formula",
    "point_on_plane_3d": "marker_origin + u * image_u_axis_3d + v * image_v_axis_3d",
    "direction_3d": "du * image_u_axis_3d + dv * image_v_axis_3d"
  },
  "debug": {
    "total_points": 100000,
    "basis_mode": "global",
    "height_mode": "adaptive",
    "top_candidate_q": 0.85,
    "height_band_m_input": 0.03,
    "height_band_m_used": 0.015,
    "id_height_center": 0.0008105900644927465,
    "top_id_points": 25681,
    "selected_height_min": -0.013196046766383878,
    "selected_height_max": 0.00473315928277436,
    "height_min": -0.2192071056952546,
    "height_mean": -0.1510785351919932,
    "height_max": 0.00473315928277436,
    "height_q50": -0.20231135620887183,
    "height_q70": -0.20009885942949382,
    "height_q80": -0.0007849286941153517,
    "height_q85": 0.00032231779366155957,
    "height_q90": 0.0010949105150790338,
    "height_q95": 0.003552111644958336,
    "height_q99": 0.004216579385093949,
    "layer_selection": {
      "height_mode": "adaptive",
      "status": "adaptive_ok",
      "adaptive_search_q": 0.6,
      "adaptive_upper_q": 0.995,
      "adaptive_bins": 64,
      "adaptive_min_points": 300,
      "adaptive_chosen_bin": 63,
      "adaptive_bin_count": 9086,
      "adaptive_layer_bin_left": 62,
      "adaptive_layer_bin_right": 63,
      "adaptive_layer_lo": -0.0020535115254849134,
      "adaptive_layer_hi": 0.004381023616225676,
      "adaptive_layer_points": 22641,
      "adaptive_mad": 0.0012163020644178277,
      "adaptive_robust_sigma": 0.0018032894407058711,
      "id_height_center": 0.0008105900644927465,
      "height_band_m": 0.015,
      "selected_height_min": -0.013196046766383878,
      "selected_height_max": 0.00473315928277436,
      "selected_points": 25681,
      "selected_ratio": 0.25681
    },
    "plane_estimation": {
      "plane_refine_used": true,
      "coarse_plane_points": 100000,
      "coarse_plane_center": [
        -5.60179872927999,
        -9.738955329110162,
        0.16044499097022713
      ],
      "coarse_plane_normal": [
        0.005230494781242819,
        -0.00919266975546775,
        0.9999440668082942
      ],
      "coarse_id_layer": {
        "height_mode": "adaptive",
        "status": "adaptive_ok",
        "adaptive_search_q": 0.6,
        "adaptive_upper_q": 0.995,
        "adaptive_bins": 64,
        "adaptive_min_points": 300,
        "adaptive_chosen_bin": 63,
        "adaptive_bin_count": 6106,
        "adaptive_layer_bin_left": 63,
        "adaptive_layer_bin_right": 63,
        "adaptive_layer_lo": 0.15602819115093894,
        "adaptive_layer_hi": 0.1592735283383215,
        "adaptive_layer_points": 6106,
        "adaptive_mad": 0.0006527113579686411,
        "adaptive_robust_sigma": 0.0009677098593243072,
        "id_height_center": 0.1576871975972977,
        "height_band_m": 0.015,
        "selected_height_min": 0.14269532481201133,
        "selected_height_max": 0.16021019955382693,
        "selected_points": 24590,
        "selected_ratio": 0.2459
      },
      "plate_support": {
        "plate_status": "ok",
        "plate_lower": -0.055443910128168,
        "plate_upper": 0.1526871975972977,
        "plate_lo": 0.1461831004808769,
        "plate_hi": 0.1526871975972977,
        "plate_bins": 64,
        "plate_chosen_bin": 63,
        "plate_bin_count": 8885,
        "plate_left_bin": 62,
        "plate_right_bin": 63,
        "plate_points": 14899,
        "plate_min_points": 500,
        "plane_refine_angle_deg": 0.3352363969489637
      }
    }
  }
}