{
  "source_file": "C:\\Users\\gkwld\\Desktop\\3D-Marker-Pose-Estimation\\CAD_to_PointCloud_conversion\\pointnet2\\result\\eval1_real_newmask_height_auto_boxexpand100\\train\\marker_points\\aug_000169_marker.xyz",
  "image_size": 512,
  "point_radius": 2,
  "view_margin": 1.2,
  "plane_fit_q": 0.8,
  "height_mode": "adaptive",
  "top_candidate_q": 0.85,
  "height_band_m": 0.03,
  "basis_mode": "global",
  "plane_refine_enabled": true,
  "flip_x": true,
  "align_2d": false,
  "align_method": "none",
  "color_mode": "raw_z",
  "color_ref": "marker_all_raw_z",
  "invert_jet": false,
  "color_min": 0.10349,
  "color_max": 0.312979,
  "color_q_min": 0.02,
  "color_q_max": 0.98,
  "plane_center": [
    -6.801409252007136,
    1.9662028840321129,
    0.3110364754683364
  ],
  "plane_normal": [
    -0.011109218401615665,
    -0.00017986384991928366,
    0.9999382745517349
  ],
  "marker_origin": [
    -6.801409252007136,
    1.9662028840321129,
    0.3110364754683364
  ],
  "image_u_axis_3d": [
    -0.9999382907282357,
    1.998270103097599e-06,
    -0.011109218221874077
  ],
  "image_v_axis_3d": [
    0.0,
    0.9999999838215011,
    0.00017987494987126902
  ],
  "u_min": -0.6529095802484881,
  "u_max": 1.6165935221859247,
  "v_min": -1.2100664892706574,
  "v_max": 1.058600966196366,
  "pixel_size_u_m": 0.004441297656427422,
  "pixel_size_v_m": 0.004439662339465799,
  "back_projection_note": {
    "pixel_to_uv": "u = u_min + px * pixel_size_u_m, v = v_max - py * pixel_size_v_m",
    "flip_x_note": "if flip_x is true, saved uv and image_u_axis_3d are already mirrored, so use the same pixel_to_uv formula",
    "point_on_plane_3d": "marker_origin + u * image_u_axis_3d + v * image_v_axis_3d",
    "direction_3d": "du * image_u_axis_3d + dv * image_v_axis_3d"
  },
  "debug": {
    "total_points": 100000,
    "basis_mode": "global",
    "height_mode": "adaptive",
    "top_candidate_q": 0.85,
    "height_band_m_input": 0.03,
    "height_band_m_used": 0.015254359467439013,
    "id_height_center": 0.0061534644314998384,
    "top_id_points": 25768,
    "selected_height_min": -0.009039214459808782,
    "selected_height_max": 0.015714127002377194,
    "height_min": -0.21974196307036126,
    "height_mean": -0.1448486244068835,
    "height_max": 0.015714127002377194,
    "height_q50": -0.19533687911925446,
    "height_q70": -0.18976284466976293,
    "height_q80": 0.002362373955010809,
    "height_q85": 0.005240909441074035,
    "height_q90": 0.007007539747952661,
    "height_q95": 0.011777540898790033,
    "height_q99": 0.014176967324252672,
    "layer_selection": {
      "height_mode": "adaptive",
      "status": "adaptive_ok",
      "adaptive_search_q": 0.6,
      "adaptive_upper_q": 0.995,
      "adaptive_bins": 64,
      "adaptive_min_points": 300,
      "adaptive_chosen_bin": 63,
      "adaptive_bin_count": 5136,
      "adaptive_layer_bin_left": 59,
      "adaptive_layer_bin_right": 63,
      "adaptive_layer_lo": -0.0016208548119789612,
      "adaptive_layer_hi": 0.014640909895190034,
      "adaptive_layer_points": 24137,
      "adaptive_mad": 0.0034296415008406435,
      "adaptive_robust_sigma": 0.005084786489146338,
      "id_height_center": 0.0061534644314998384,
      "height_band_m": 0.015254359467439013,
      "selected_height_min": -0.009039214459808782,
      "selected_height_max": 0.015714127002377194,
      "selected_points": 25768,
      "selected_ratio": 0.25768
    },
    "plane_estimation": {
      "plane_refine_used": true,
      "coarse_plane_points": 100000,
      "coarse_plane_center": [
        -7.280960782630154,
        1.8866515321499715,
        0.1608368288202274
      ],
      "coarse_plane_normal": [
        -0.01033149675369449,
        0.00019903110465549012,
        0.9999466088544167
      ],
      "coarse_id_layer": {
        "height_mode": "adaptive",
        "status": "adaptive_ok",
        "adaptive_search_q": 0.6,
        "adaptive_upper_q": 0.995,
        "adaptive_bins": 64,
        "adaptive_min_points": 300,
        "adaptive_chosen_bin": 63,
        "adaptive_bin_count": 5628,
        "adaptive_layer_bin_left": 60,
        "adaptive_layer_bin_right": 63,
        "adaptive_layer_lo": 0.1459417325528048,
        "adaptive_layer_hi": 0.15893265693025976,
        "adaptive_layer_points": 22383,
        "adaptive_mad": 0.0030180829458911484,
        "adaptive_robust_sigma": 0.004474609775578216,
        "id_height_center": 0.15125544055016893,
        "height_band_m": 0.015,
        "selected_height_min": 0.1363039593117255,
        "selected_height_max": 0.15991774415711543,
        "selected_points": 25771,
        "selected_ratio": 0.25771
      },
      "plate_support": {
        "plate_status": "ok",
        "plate_lower": -0.055497379752695995,
        "plate_upper": 0.14625544055016892,
        "plate_lo": 0.14310305273293666,
        "plate_hi": 0.14625544055016892,
        "plate_bins": 64,
        "plate_chosen_bin": 63,
        "plate_bin_count": 2242,
        "plate_left_bin": 63,
        "plate_right_bin": 63,
        "plate_points": 2242,
        "plate_min_points": 500,
        "plane_refine_angle_deg": 0.04956948778807352
      }
    }
  }
}