{
  "source_file": "C:\\Users\\gkwld\\Desktop\\3D-Marker-Pose-Estimation\\CAD_to_PointCloud_conversion\\pointnet2\\result\\eval1_real_newmask_height_auto_boxexpand100\\train\\marker_points\\aug_000124_marker.xyz",
  "image_size": 512,
  "point_radius": 2,
  "view_margin": 1.2,
  "plane_fit_q": 0.8,
  "height_mode": "adaptive",
  "top_candidate_q": 0.85,
  "height_band_m": 0.03,
  "basis_mode": "global",
  "plane_refine_enabled": true,
  "flip_x": true,
  "align_2d": false,
  "align_method": "none",
  "color_mode": "raw_z",
  "color_ref": "marker_all_raw_z",
  "invert_jet": false,
  "color_min": 0.10325472,
  "color_max": 0.312979,
  "color_q_min": 0.02,
  "color_q_max": 0.98,
  "plane_center": [
    4.8851298512689,
    5.1517869584662455,
    0.31257021772288085
  ],
  "plane_normal": [
    -0.005440503074399703,
    -0.0010295752609288573,
    0.9999846703320405
  ],
  "marker_origin": [
    4.8851298512689,
    5.1517869584662455,
    0.31257021772288085
  ],
  "image_u_axis_3d": [
    -0.9999852003526339,
    5.601490272478879e-06,
    -0.005440500190767477
  ],
  "image_v_axis_3d": [
    8.470329472551474e-22,
    0.9999994699705623,
    0.001029590498504137
  ],
  "u_min": -0.7282448326445847,
  "u_max": 1.1080543917338441,
  "v_min": -0.9465897164590664,
  "v_max": 0.8895793346288507,
  "pixel_size_u_m": 0.0035935405565135593,
  "pixel_size_v_m": 0.0035932858142620687,
  "back_projection_note": {
    "pixel_to_uv": "u = u_min + px * pixel_size_u_m, v = v_max - py * pixel_size_v_m",
    "flip_x_note": "if flip_x is true, saved uv and image_u_axis_3d are already mirrored, so use the same pixel_to_uv formula",
    "point_on_plane_3d": "marker_origin + u * image_u_axis_3d + v * image_v_axis_3d",
    "direction_3d": "du * image_u_axis_3d + dv * image_v_axis_3d"
  },
  "debug": {
    "total_points": 100000,
    "basis_mode": "global",
    "height_mode": "adaptive",
    "top_candidate_q": 0.85,
    "height_band_m_input": 0.03,
    "height_band_m_used": 0.015,
    "id_height_center": 0.0008525976086951716,
    "top_id_points": 25571,
    "selected_height_min": -0.013647528288963862,
    "selected_height_max": 0.005276022005480676,
    "height_min": -0.21982327430385093,
    "height_mean": -0.15129446288231105,
    "height_max": 0.005276022005480676,
    "height_q50": -0.20214948791121684,
    "height_q70": -0.19958778312416975,
    "height_q80": -0.0011019189104956905,
    "height_q85": 0.0001848846200422993,
    "height_q90": 0.0010460196108761192,
    "height_q95": 0.0038355988077335246,
    "height_q99": 0.004653148577319593,
    "layer_selection": {
      "height_mode": "adaptive",
      "status": "adaptive_ok",
      "adaptive_search_q": 0.6,
      "adaptive_upper_q": 0.995,
      "adaptive_bins": 64,
      "adaptive_min_points": 300,
      "adaptive_chosen_bin": 63,
      "adaptive_bin_count": 6809,
      "adaptive_layer_bin_left": 62,
      "adaptive_layer_bin_right": 63,
      "adaptive_layer_lo": -0.0015824128169091012,
      "adaptive_layer_hi": 0.004858684620227822,
      "adaptive_layer_points": 21237,
      "adaptive_mad": 0.0012701212034586947,
      "adaptive_robust_sigma": 0.0018830816962478606,
      "id_height_center": 0.0008525976086951716,
      "height_band_m": 0.015,
      "selected_height_min": -0.013647528288963862,
      "selected_height_max": 0.005276022005480676,
      "selected_points": 25571,
      "selected_ratio": 0.25571
    },
    "plane_estimation": {
      "plane_refine_used": true,
      "coarse_plane_points": 100000,
      "coarse_plane_center": [
        4.697994872159957,
        5.119755585769964,
        0.16022233226022703
      ],
      "coarse_plane_normal": [
        -0.010406634798353772,
        -0.004068082938050538,
        0.9999375743772123
      ],
      "coarse_id_layer": {
        "height_mode": "adaptive",
        "status": "adaptive_ok",
        "adaptive_search_q": 0.6,
        "adaptive_upper_q": 0.995,
        "adaptive_bins": 64,
        "adaptive_min_points": 300,
        "adaptive_chosen_bin": 63,
        "adaptive_bin_count": 5358,
        "adaptive_layer_bin_left": 63,
        "adaptive_layer_bin_right": 63,
        "adaptive_layer_lo": 0.15677511756491297,
        "adaptive_layer_hi": 0.16002676107406857,
        "adaptive_layer_points": 5358,
        "adaptive_mad": 0.0007024509347245966,
        "adaptive_robust_sigma": 0.001041453755822687,
        "id_height_center": 0.15831713241622114,
        "height_band_m": 0.015,
        "selected_height_min": 0.14332474018593458,
        "selected_height_max": 0.1610288300030112,
        "selected_points": 24431,
        "selected_ratio": 0.24431
      },
      "plate_support": {
        "plate_status": "ok",
        "plate_lower": -0.05523894610095333,
        "plate_upper": 0.15331713241622114,
        "plate_lo": 0.14679975496255943,
        "plate_hi": 0.15331713241622114,
        "plate_bins": 64,
        "plate_chosen_bin": 63,
        "plate_bin_count": 8558,
        "plate_left_bin": 62,
        "plate_right_bin": 63,
        "plate_points": 14422,
        "plate_min_points": 500,
        "plane_refine_angle_deg": 0.3335840340115931
      }
    }
  }
}