{
  "source_file": "C:\\Users\\gkwld\\Desktop\\3D-Marker-Pose-Estimation\\CAD_to_PointCloud_conversion\\pointnet2\\result\\eval1_real_newmask_height_auto_boxexpand100\\train\\marker_points\\aug_000089_marker.xyz",
  "image_size": 512,
  "point_radius": 2,
  "view_margin": 1.2,
  "plane_fit_q": 0.8,
  "height_mode": "adaptive",
  "top_candidate_q": 0.85,
  "height_band_m": 0.03,
  "basis_mode": "global",
  "plane_refine_enabled": true,
  "flip_x": true,
  "align_2d": false,
  "align_method": "none",
  "color_mode": "raw_z",
  "color_ref": "marker_all_raw_z",
  "invert_jet": false,
  "color_min": 0.1016938,
  "color_max": 0.310834,
  "color_q_min": 0.02,
  "color_q_max": 0.98,
  "plane_center": [
    3.033336028376844,
    -5.328721622777156,
    0.30941150018917846
  ],
  "plane_normal": [
    -0.006284959430313714,
    -0.008964749599884358,
    0.9999400644776518
  ],
  "marker_origin": [
    3.033336028376844,
    -5.328721622777156,
    0.30941150018917846
  ],
  "image_u_axis_3d": [
    -0.9999802494464376,
    5.6344200367228913e-05,
    -0.006284706864414304
  ],
  "image_v_axis_3d": [
    -6.77626357804118e-21,
    0.9999598142365236,
    0.00896492666213962
  ],
  "u_min": -0.6664108563387354,
  "u_max": 1.2531804530608839,
  "v_min": -1.3828019018556956,
  "v_max": 0.5361931885812862,
  "pixel_size_u_m": 0.0037565387659483744,
  "pixel_size_v_m": 0.0037553719969412556,
  "back_projection_note": {
    "pixel_to_uv": "u = u_min + px * pixel_size_u_m, v = v_max - py * pixel_size_v_m",
    "flip_x_note": "if flip_x is true, saved uv and image_u_axis_3d are already mirrored, so use the same pixel_to_uv formula",
    "point_on_plane_3d": "marker_origin + u * image_u_axis_3d + v * image_v_axis_3d",
    "direction_3d": "du * image_u_axis_3d + dv * image_v_axis_3d"
  },
  "debug": {
    "total_points": 100000,
    "basis_mode": "global",
    "height_mode": "adaptive",
    "top_candidate_q": 0.85,
    "height_band_m_input": 0.03,
    "height_band_m_used": 0.016046232703408908,
    "id_height_center": 0.0063611777084831116,
    "top_id_points": 25991,
    "selected_height_min": -0.009636344308523424,
    "selected_height_max": 0.015450904124851152,
    "height_min": -0.21958830819678765,
    "height_mean": -0.14432819554731924,
    "height_max": 0.015450904124851152,
    "height_q50": -0.195149302070395,
    "height_q70": -0.18948147290009074,
    "height_q80": 0.0022438192464106555,
    "height_q85": 0.004617503703497292,
    "height_q90": 0.007210738183879593,
    "height_q95": 0.011012457940475529,
    "height_q99": 0.01394679973152569,
    "layer_selection": {
      "height_mode": "adaptive",
      "status": "adaptive_ok",
      "adaptive_search_q": 0.6,
      "adaptive_upper_q": 0.995,
      "adaptive_bins": 64,
      "adaptive_min_points": 300,
      "adaptive_chosen_bin": 63,
      "adaptive_bin_count": 4245,
      "adaptive_layer_bin_left": 59,
      "adaptive_layer_bin_right": 63,
      "adaptive_layer_lo": -0.0017959671173431169,
      "adaptive_layer_hi": 0.014427786303040858,
      "adaptive_layer_points": 24294,
      "adaptive_mad": 0.0036076785609534846,
      "adaptive_robust_sigma": 0.005348744234469636,
      "id_height_center": 0.0063611777084831116,
      "height_band_m": 0.016046232703408908,
      "selected_height_min": -0.009636344308523424,
      "selected_height_max": 0.015450904124851152,
      "selected_points": 25991,
      "selected_ratio": 0.25991
    },
    "plane_estimation": {
      "plane_refine_used": true,
      "coarse_plane_points": 100000,
      "coarse_plane_center": [
        2.747147178080003,
        -5.750320747059972,
        0.15949610349025056
      ],
      "coarse_plane_normal": [
        -0.006608105559397802,
        -0.008344025274108918,
        0.9999433534861567
      ],
      "coarse_id_layer": {
        "height_mode": "adaptive",
        "status": "adaptive_ok",
        "adaptive_search_q": 0.6,
        "adaptive_upper_q": 0.995,
        "adaptive_bins": 64,
        "adaptive_min_points": 300,
        "adaptive_chosen_bin": 63,
        "adaptive_bin_count": 4683,
        "adaptive_layer_bin_left": 59,
        "adaptive_layer_bin_right": 63,
        "adaptive_layer_lo": 0.142301570152917,
        "adaptive_layer_hi": 0.1585174360706265,
        "adaptive_layer_points": 24361,
        "adaptive_mad": 0.0034721306427363263,
        "adaptive_robust_sigma": 0.005147780890920877,
        "id_height_center": 0.15053350051570855,
        "height_band_m": 0.015443342672762633,
        "selected_height_min": 0.13513148126397198,
        "selected_height_max": 0.15952341042842366,
        "selected_points": 25966,
        "selected_ratio": 0.25966
      },
      "plate_support": {
        "plate_status": "ok",
        "plate_lower": -0.055630536976137644,
        "plate_upper": 0.14553350051570854,
        "plate_lo": 0.14239031242989844,
        "plate_hi": 0.14553350051570854,
        "plate_bins": 64,
        "plate_chosen_bin": 63,
        "plate_bin_count": 2643,
        "plate_left_bin": 63,
        "plate_right_bin": 63,
        "plate_points": 2643,
        "plate_min_points": 500,
        "plane_refine_angle_deg": 0.04009627862336623
      }
    }
  }
}