{
  "source_file": "C:\\Users\\gkwld\\Desktop\\3D-Marker-Pose-Estimation\\CAD_to_PointCloud_conversion\\pointnet2\\result\\eval1_real_newmask_height_auto_boxexpand100\\train\\marker_points\\aug_000053_marker.xyz",
  "image_size": 512,
  "point_radius": 2,
  "view_margin": 1.2,
  "plane_fit_q": 0.8,
  "height_mode": "adaptive",
  "top_candidate_q": 0.85,
  "height_band_m": 0.03,
  "basis_mode": "global",
  "plane_refine_enabled": true,
  "flip_x": true,
  "align_2d": false,
  "align_method": "none",
  "color_mode": "raw_z",
  "color_ref": "marker_all_raw_z",
  "invert_jet": false,
  "color_min": 0.101858,
  "color_max": 0.310834,
  "color_q_min": 0.02,
  "color_q_max": 0.98,
  "plane_center": [
    -2.0653884769921436,
    8.976085658810346,
    0.3092310119715676
  ],
  "plane_normal": [
    -0.006554881763813403,
    0.008416948963180884,
    0.9999430926273823
  ],
  "marker_origin": [
    -2.0653884769921436,
    8.976085658810346,
    0.3092310119715676
  ],
  "image_u_axis_3d": [
    -0.9999785165307616,
    -5.517329057928312e-05,
    -0.006554649559313473
  ],
  "image_v_axis_3d": [
    0.0,
    0.9999645753345763,
    -0.008417129792321437
  ],
  "u_min": -0.6602260836926972,
  "u_max": 1.2360907049052716,
  "v_min": -0.5358080923888233,
  "v_max": 1.3603412737965312,
  "pixel_size_u_m": 0.0037109917585087453,
  "pixel_size_v_m": 0.0037106641216934533,
  "back_projection_note": {
    "pixel_to_uv": "u = u_min + px * pixel_size_u_m, v = v_max - py * pixel_size_v_m",
    "flip_x_note": "if flip_x is true, saved uv and image_u_axis_3d are already mirrored, so use the same pixel_to_uv formula",
    "point_on_plane_3d": "marker_origin + u * image_u_axis_3d + v * image_v_axis_3d",
    "direction_3d": "du * image_u_axis_3d + dv * image_v_axis_3d"
  },
  "debug": {
    "total_points": 100000,
    "basis_mode": "global",
    "height_mode": "adaptive",
    "top_candidate_q": 0.85,
    "height_band_m_input": 0.03,
    "height_band_m_used": 0.01575472796377613,
    "id_height_center": 0.006510305373447292,
    "top_id_points": 25835,
    "selected_height_min": -0.009241858114324314,
    "selected_height_max": 0.015135007307964791,
    "height_min": -0.21942699291936738,
    "height_mean": -0.14465582903949095,
    "height_max": 0.015135007307964791,
    "height_q50": -0.1952445427403883,
    "height_q70": -0.1898631552371321,
    "height_q80": 0.0021679547402350934,
    "height_q85": 0.004229744589613712,
    "height_q90": 0.007318918078149555,
    "height_q95": 0.010637451109127175,
    "height_q99": 0.013724993762564088,
    "layer_selection": {
      "height_mode": "adaptive",
      "status": "adaptive_ok",
      "adaptive_search_q": 0.6,
      "adaptive_upper_q": 0.995,
      "adaptive_bins": 64,
      "adaptive_min_points": 300,
      "adaptive_chosen_bin": 63,
      "adaptive_bin_count": 4069,
      "adaptive_layer_bin_left": 59,
      "adaptive_layer_bin_right": 63,
      "adaptive_layer_lo": -0.0020375521635933314,
      "adaptive_layer_hi": 0.01417734106633564,
      "adaptive_layer_points": 24242,
      "adaptive_mad": 0.003542139476544838,
      "adaptive_robust_sigma": 0.005251575987925377,
      "id_height_center": 0.006510305373447292,
      "height_band_m": 0.01575472796377613,
      "selected_height_min": -0.009241858114324314,
      "selected_height_max": 0.015135007307964791,
      "selected_points": 25835,
      "selected_ratio": 0.25835
    },
    "plane_estimation": {
      "plane_refine_used": true,
      "coarse_plane_points": 100000,
      "coarse_plane_center": [
        -2.355120843239987,
        9.381246454180003,
        0.1592572691802507
      ],
      "coarse_plane_normal": [
        -0.005642874522874267,
        0.008283879421396677,
        0.9999497663917177
      ],
      "coarse_id_layer": {
        "height_mode": "adaptive",
        "status": "adaptive_ok",
        "adaptive_search_q": 0.6,
        "adaptive_upper_q": 0.995,
        "adaptive_bins": 64,
        "adaptive_min_points": 300,
        "adaptive_chosen_bin": 63,
        "adaptive_bin_count": 4609,
        "adaptive_layer_bin_left": 59,
        "adaptive_layer_bin_right": 63,
        "adaptive_layer_lo": 0.1422066709606219,
        "adaptive_layer_hi": 0.15841103937271744,
        "adaptive_layer_points": 24336,
        "adaptive_mad": 0.003349282569722084,
        "adaptive_robust_sigma": 0.004965646337869962,
        "id_height_center": 0.1509927031248378,
        "height_band_m": 0.015,
        "selected_height_min": 0.1360080314558374,
        "selected_height_max": 0.1593082649330584,
        "selected_points": 25806,
        "selected_ratio": 0.25806
      },
      "plate_support": {
        "plate_status": "ok",
        "plate_lower": -0.05519597924659173,
        "plate_upper": 0.1459927031248378,
        "plate_lo": 0.14284912996278423,
        "plate_hi": 0.1459927031248378,
        "plate_bins": 64,
        "plate_chosen_bin": 63,
        "plate_bin_count": 2673,
        "plate_left_bin": 63,
        "plate_right_bin": 63,
        "plate_points": 2673,
        "plate_min_points": 500,
        "plane_refine_angle_deg": 0.05280897354977305
      }
    }
  }
}