{
  "source_file": "C:\\Users\\gkwld\\Desktop\\3D-Marker-Pose-Estimation\\CAD_to_PointCloud_conversion\\pointnet2\\result\\eval1_real_newmask_height_auto_boxexpand100\\train\\marker_points\\aug_000177_marker.xyz",
  "image_size": 512,
  "point_radius": 2,
  "view_margin": 1.2,
  "plane_fit_q": 0.8,
  "height_mode": "adaptive",
  "top_candidate_q": 0.85,
  "height_band_m": 0.03,
  "basis_mode": "global",
  "plane_refine_enabled": true,
  "flip_x": true,
  "align_2d": false,
  "align_method": "none",
  "color_mode": "raw_z",
  "color_ref": "marker_all_raw_z",
  "invert_jet": false,
  "color_min": 0.10313188,
  "color_max": 0.312979,
  "color_q_min": 0.02,
  "color_q_max": 0.98,
  "plane_center": [
    3.2731866686683126,
    -5.506721660897223,
    0.31148457612152264
  ],
  "plane_normal": [
    0.011452252007256592,
    -0.0022271965459965478,
    0.9999319404427023
  ],
  "marker_origin": [
    3.2731866686683126,
    -5.506721660897223,
    0.31148457612152264
  ],
  "image_u_axis_3d": [
    -0.9999344208106663,
    -2.5508088914185348e-05,
    0.011452223599571744
  ],
  "image_v_axis_3d": [
    0.0,
    0.999997519468365,
    0.002227342613317271
  ],
  "u_min": -1.6620604608663578,
  "u_max": 0.648870783923771,
  "v_min": -1.205078717681841,
  "v_max": 1.0982701700999926,
  "pixel_size_u_m": 0.004522370342055046,
  "pixel_size_v_m": 0.004507532070023157,
  "back_projection_note": {
    "pixel_to_uv": "u = u_min + px * pixel_size_u_m, v = v_max - py * pixel_size_v_m",
    "flip_x_note": "if flip_x is true, saved uv and image_u_axis_3d are already mirrored, so use the same pixel_to_uv formula",
    "point_on_plane_3d": "marker_origin + u * image_u_axis_3d + v * image_v_axis_3d",
    "direction_3d": "du * image_u_axis_3d + dv * image_v_axis_3d"
  },
  "debug": {
    "total_points": 100000,
    "basis_mode": "global",
    "height_mode": "adaptive",
    "top_candidate_q": 0.85,
    "height_band_m_input": 0.03,
    "height_band_m_used": 0.01672763370719485,
    "id_height_center": 0.006430561503677937,
    "top_id_points": 25687,
    "selected_height_min": -0.01010371104107254,
    "selected_height_max": 0.01632564362123951,
    "height_min": -0.22028639432280228,
    "height_mean": -0.14502097602405975,
    "height_max": 0.01632564362123951,
    "height_q50": -0.19517517886303398,
    "height_q70": -0.18927985855961368,
    "height_q80": 0.0021156040910721113,
    "height_q85": 0.005022270809837685,
    "height_q90": 0.007277644794934321,
    "height_q95": 0.01187760240930492,
    "height_q99": 0.014699536309329735,
    "layer_selection": {
      "height_mode": "adaptive",
      "status": "adaptive_ok",
      "adaptive_search_q": 0.6,
      "adaptive_upper_q": 0.995,
      "adaptive_bins": 64,
      "adaptive_min_points": 300,
      "adaptive_chosen_bin": 63,
      "adaptive_bin_count": 4372,
      "adaptive_layer_bin_left": 59,
      "adaptive_layer_bin_right": 63,
      "adaptive_layer_lo": -0.0010650598850295845,
      "adaptive_layer_hi": 0.015221262349226383,
      "adaptive_layer_points": 23774,
      "adaptive_mad": 0.0037608781211373827,
      "adaptive_robust_sigma": 0.005575877902398284,
      "id_height_center": 0.006430561503677937,
      "height_band_m": 0.01672763370719485,
      "selected_height_min": -0.01010371104107254,
      "selected_height_max": 0.01632564362123951,
      "selected_points": 25687,
      "selected_ratio": 0.25687
    },
    "plane_estimation": {
      "plane_refine_used": true,
      "coarse_plane_points": 100000,
      "coarse_plane_center": [
        3.7783667963900087,
        -5.552331198440108,
        0.1605662971302269
      ],
      "coarse_plane_normal": [
        0.011071968007207427,
        -0.0026429028747644526,
        0.9999352111946264
      ],
      "coarse_id_layer": {
        "height_mode": "adaptive",
        "status": "adaptive_ok",
        "adaptive_search_q": 0.6,
        "adaptive_upper_q": 0.995,
        "adaptive_bins": 64,
        "adaptive_min_points": 300,
        "adaptive_chosen_bin": 63,
        "adaptive_bin_count": 4720,
        "adaptive_layer_bin_left": 59,
        "adaptive_layer_bin_right": 63,
        "adaptive_layer_lo": 0.14374053549780766,
        "adaptive_layer_hi": 0.16001830053198485,
        "adaptive_layer_points": 23927,
        "adaptive_mad": 0.0035987897020615667,
        "adaptive_robust_sigma": 0.005335565612276478,
        "id_height_center": 0.15132974856183407,
        "height_band_m": 0.016006696836829433,
        "selected_height_min": 0.13538751619675868,
        "selected_height_max": 0.16107875637575017,
        "selected_points": 25679,
        "selected_ratio": 0.25679
      },
      "plate_support": {
        "plate_status": "ok",
        "plate_lower": -0.055341045644279226,
        "plate_upper": 0.14632974856183406,
        "plate_lo": 0.14317864240236355,
        "plate_hi": 0.14632974856183406,
        "plate_bins": 64,
        "plate_chosen_bin": 63,
        "plate_bin_count": 2831,
        "plate_left_bin": 63,
        "plate_right_bin": 63,
        "plate_points": 2831,
        "plate_min_points": 500,
        "plane_refine_angle_deg": 0.032281602429069085
      }
    }
  }
}