{
  "source_file": "C:\\Users\\gkwld\\Desktop\\3D-Marker-Pose-Estimation\\CAD_to_PointCloud_conversion\\pointnet2\\result\\eval1_real_newmask_height_auto_boxexpand100\\train\\marker_points\\aug_000117_marker.xyz",
  "image_size": 512,
  "point_radius": 2,
  "view_margin": 1.2,
  "plane_fit_q": 0.8,
  "height_mode": "adaptive",
  "top_candidate_q": 0.85,
  "height_band_m": 0.03,
  "basis_mode": "global",
  "plane_refine_enabled": true,
  "flip_x": true,
  "align_2d": false,
  "align_method": "none",
  "color_mode": "raw_z",
  "color_ref": "marker_all_raw_z",
  "invert_jet": false,
  "color_min": 0.103286,
  "color_max": 0.312979,
  "color_q_min": 0.02,
  "color_q_max": 0.98,
  "plane_center": [
    7.234426434904828,
    3.2731196768074216,
    0.31257914466376296
  ],
  "plane_normal": [
    -0.004076862418280968,
    -0.003129972280290891,
    0.9999867911449366
  ],
  "marker_origin": [
    7.234426434904828,
    3.2731196768074216,
    0.31257914466376296
  ],
  "image_u_axis_3d": [
    -0.9999916895608795,
    1.2760572405713716e-05,
    -0.004076842447938984
  ],
  "image_v_axis_3d": [
    1.694065894510295e-21,
    0.9999951015423488,
    0.003129998291948014
  ],
  "u_min": -0.8732364227065414,
  "u_max": 1.2050000171346282,
  "v_min": -1.1813402051403417,
  "v_max": 0.9003996277638024,
  "pixel_size_u_m": 0.004066998903798766,
  "pixel_size_v_m": 0.004073854858912219,
  "back_projection_note": {
    "pixel_to_uv": "u = u_min + px * pixel_size_u_m, v = v_max - py * pixel_size_v_m",
    "flip_x_note": "if flip_x is true, saved uv and image_u_axis_3d are already mirrored, so use the same pixel_to_uv formula",
    "point_on_plane_3d": "marker_origin + u * image_u_axis_3d + v * image_v_axis_3d",
    "direction_3d": "du * image_u_axis_3d + dv * image_v_axis_3d"
  },
  "debug": {
    "total_points": 100000,
    "basis_mode": "global",
    "height_mode": "adaptive",
    "top_candidate_q": 0.85,
    "height_band_m_input": 0.03,
    "height_band_m_used": 0.015,
    "id_height_center": 0.0008825507774478502,
    "top_id_points": 25576,
    "selected_height_min": -0.013357315810081287,
    "selected_height_max": 0.005056744049392182,
    "height_min": -0.21948645107785716,
    "height_mean": -0.15123585928792324,
    "height_max": 0.005056744049392182,
    "height_q50": -0.20221109840420945,
    "height_q70": -0.19980608941016587,
    "height_q80": -0.0009161908142489731,
    "height_q85": 0.0003222559592591304,
    "height_q90": 0.00113902432057771,
    "height_q95": 0.003735268517385691,
    "height_q99": 0.004468338128067082,
    "layer_selection": {
      "height_mode": "adaptive",
      "status": "adaptive_ok",
      "adaptive_search_q": 0.6,
      "adaptive_upper_q": 0.995,
      "adaptive_bins": 64,
      "adaptive_min_points": 300,
      "adaptive_chosen_bin": 63,
      "adaptive_bin_count": 7727,
      "adaptive_layer_bin_left": 62,
      "adaptive_layer_bin_right": 63,
      "adaptive_layer_lo": -0.001789072592180585,
      "adaptive_layer_hi": 0.004649329074684862,
      "adaptive_layer_points": 22202,
      "adaptive_mad": 0.001313407899563896,
      "adaptive_robust_sigma": 0.001947258551893432,
      "id_height_center": 0.0008825507774478502,
      "height_band_m": 0.015,
      "selected_height_min": -0.013357315810081287,
      "selected_height_max": 0.005056744049392182,
      "selected_points": 25576,
      "selected_ratio": 0.25576
    },
    "plane_estimation": {
      "plane_refine_used": true,
      "coarse_plane_points": 100000,
      "coarse_plane_center": [
        7.071980828539942,
        3.1327903798400087,
        0.16023977795022729
      ],
      "coarse_plane_normal": [
        -0.006651243210973034,
        -0.008269884938733431,
        0.9999436833966445
      ],
      "coarse_id_layer": {
        "height_mode": "adaptive",
        "status": "adaptive_ok",
        "adaptive_search_q": 0.6,
        "adaptive_upper_q": 0.995,
        "adaptive_bins": 64,
        "adaptive_min_points": 300,
        "adaptive_chosen_bin": 63,
        "adaptive_bin_count": 5495,
        "adaptive_layer_bin_left": 63,
        "adaptive_layer_bin_right": 63,
        "adaptive_layer_lo": 0.15645312795816035,
        "adaptive_layer_hi": 0.15970276407565692,
        "adaptive_layer_points": 5495,
        "adaptive_mad": 0.0007178205648143976,
        "adaptive_robust_sigma": 0.001064240769393826,
        "id_height_center": 0.15797997061983832,
        "height_band_m": 0.015,
        "selected_height_min": 0.14299761316442836,
        "selected_height_max": 0.16072346499532136,
        "selected_points": 24491,
        "selected_ratio": 0.24491
      },
      "plate_support": {
        "plate_status": "ok",
        "plate_lower": -0.0549418295260235,
        "plate_upper": 0.1529799706198383,
        "plate_lo": 0.14648241436528014,
        "plate_hi": 0.1529799706198383,
        "plate_bins": 64,
        "plate_chosen_bin": 63,
        "plate_bin_count": 8125,
        "plate_left_bin": 62,
        "plate_right_bin": 63,
        "plate_points": 14233,
        "plate_min_points": 500,
        "plane_refine_angle_deg": 0.32937893971380056
      }
    }
  }
}