{
  "source_file": "C:\\Users\\gkwld\\Desktop\\3D-Marker-Pose-Estimation\\CAD_to_PointCloud_conversion\\pointnet2\\result\\eval1_real_newmask_height_auto_boxexpand100\\train\\marker_points\\aug_000121_marker.xyz",
  "image_size": 512,
  "point_radius": 2,
  "view_margin": 1.2,
  "plane_fit_q": 0.8,
  "height_mode": "adaptive",
  "top_candidate_q": 0.85,
  "height_band_m": 0.03,
  "basis_mode": "global",
  "plane_refine_enabled": true,
  "flip_x": true,
  "align_2d": false,
  "align_method": "none",
  "color_mode": "raw_z",
  "color_ref": "marker_all_raw_z",
  "invert_jet": false,
  "color_min": 0.103208,
  "color_max": 0.312979,
  "color_q_min": 0.02,
  "color_q_max": 0.98,
  "plane_center": [
    6.003514952363766,
    1.798562095272463,
    0.31147726849513807
  ],
  "plane_normal": [
    -0.006241121372399454,
    -0.00991238750175098,
    0.9999313941346327
  ],
  "marker_origin": [
    6.003514952363766,
    1.798562095272463,
    0.31147726849513807
  ],
  "image_u_axis_3d": [
    -0.9999805240113505,
    6.186561838264096e-05,
    -0.006240814740891415
  ],
  "image_v_axis_3d": [
    0.0,
    0.9999508691654109,
    0.009912580559047523
  ],
  "u_min": -0.8361814472025606,
  "u_max": 1.2819876281831233,
  "v_min": -1.516913026725779,
  "v_max": 0.6029935322510801,
  "pixel_size_u_m": 0.00414514496161582,
  "pixel_size_v_m": 0.0041485451251993335,
  "back_projection_note": {
    "pixel_to_uv": "u = u_min + px * pixel_size_u_m, v = v_max - py * pixel_size_v_m",
    "flip_x_note": "if flip_x is true, saved uv and image_u_axis_3d are already mirrored, so use the same pixel_to_uv formula",
    "point_on_plane_3d": "marker_origin + u * image_u_axis_3d + v * image_v_axis_3d",
    "direction_3d": "du * image_u_axis_3d + dv * image_v_axis_3d"
  },
  "debug": {
    "total_points": 100000,
    "basis_mode": "global",
    "height_mode": "adaptive",
    "top_candidate_q": 0.85,
    "height_band_m_input": 0.03,
    "height_band_m_used": 0.016510921178293878,
    "id_height_center": 0.0063780519492068035,
    "top_id_points": 25534,
    "selected_height_min": -0.009998245454663832,
    "selected_height_max": 0.016257540784677022,
    "height_min": -0.2202883195591003,
    "height_mean": -0.145294470982186,
    "height_max": 0.016257540784677022,
    "height_q50": -0.1951461679859872,
    "height_q70": -0.18934351350843534,
    "height_q80": 0.0020884350611380807,
    "height_q85": 0.00505686978342157,
    "height_q90": 0.007175512530374094,
    "height_q95": 0.011929118730828563,
    "height_q99": 0.014681850251703148,
    "layer_selection": {
      "height_mode": "adaptive",
      "status": "adaptive_ok",
      "adaptive_search_q": 0.6,
      "adaptive_upper_q": 0.995,
      "adaptive_bins": 64,
      "adaptive_min_points": 300,
      "adaptive_chosen_bin": 63,
      "adaptive_bin_count": 4503,
      "adaptive_layer_bin_left": 59,
      "adaptive_layer_bin_right": 63,
      "adaptive_layer_lo": -0.0010990516483007917,
      "adaptive_layer_hi": 0.01518260163484424,
      "adaptive_layer_points": 23679,
      "adaptive_mad": 0.0037121545884018794,
      "adaptive_robust_sigma": 0.005503640392764626,
      "id_height_center": 0.0063780519492068035,
      "height_band_m": 0.016510921178293878,
      "selected_height_min": -0.009998245454663832,
      "selected_height_max": 0.016257540784677022,
      "selected_points": 25534,
      "selected_ratio": 0.25534
    },
    "plane_estimation": {
      "plane_refine_used": true,
      "coarse_plane_points": 100000,
      "coarse_plane_center": [
        5.78475220067,
        1.3388746482699891,
        0.16025049748022735
      ],
      "coarse_plane_normal": [
        -0.006708903950817096,
        -0.009549142750886528,
        0.9999318999204406
      ],
      "coarse_id_layer": {
        "height_mode": "adaptive",
        "status": "adaptive_ok",
        "adaptive_search_q": 0.6,
        "adaptive_upper_q": 0.995,
        "adaptive_bins": 64,
        "adaptive_min_points": 300,
        "adaptive_chosen_bin": 63,
        "adaptive_bin_count": 4809,
        "adaptive_layer_bin_left": 59,
        "adaptive_layer_bin_right": 63,
        "adaptive_layer_lo": 0.14411642936291136,
        "adaptive_layer_hi": 0.16039353812989102,
        "adaptive_layer_points": 23750,
        "adaptive_mad": 0.0035614513427081745,
        "adaptive_robust_sigma": 0.005280207760699139,
        "id_height_center": 0.1515133065071018,
        "height_band_m": 0.01584062328209742,
        "selected_height_min": 0.13571584213034196,
        "selected_height_max": 0.1614472988895789,
        "selected_points": 25516,
        "selected_ratio": 0.25516
      },
      "plate_support": {
        "plate_status": "ok",
        "plate_lower": -0.05515269869618092,
        "plate_upper": 0.1465133065071018,
        "plate_lo": 0.1433622751758005,
        "plate_hi": 0.1465133065071018,
        "plate_bins": 64,
        "plate_chosen_bin": 63,
        "plate_bin_count": 2771,
        "plate_left_bin": 63,
        "plate_right_bin": 63,
        "plate_points": 2771,
        "plate_min_points": 500,
        "plane_refine_angle_deg": 0.03393398134892245
      }
    }
  }
}