{
  "source_file": "C:\\Users\\gkwld\\Desktop\\3D-Marker-Pose-Estimation\\CAD_to_PointCloud_conversion\\pointnet2\\result\\eval1_real_newmask_height_auto_boxexpand100\\train\\marker_points\\aug_000172_marker.xyz",
  "image_size": 512,
  "point_radius": 2,
  "view_margin": 1.2,
  "plane_fit_q": 0.8,
  "height_mode": "adaptive",
  "top_candidate_q": 0.85,
  "height_band_m": 0.03,
  "basis_mode": "global",
  "plane_refine_enabled": true,
  "flip_x": true,
  "align_2d": false,
  "align_method": "none",
  "color_mode": "raw_z",
  "color_ref": "marker_all_raw_z",
  "invert_jet": false,
  "color_min": 0.10336498,
  "color_max": 0.312979,
  "color_q_min": 0.02,
  "color_q_max": 0.98,
  "plane_center": [
    4.402069877967224,
    -1.131350325977932,
    0.3116071307255223
  ],
  "plane_normal": [
    0.008175850326297892,
    0.008063827880087191,
    0.9999340629008305
  ],
  "marker_origin": [
    4.402069877967224,
    -1.131350325977932,
    0.3116071307255223
  ],
  "image_u_axis_3d": [
    -0.9999665771761784,
    6.593085339978664e-05,
    0.008175584485547682
  ],
  "image_v_axis_3d": [
    -1.3552527156082362e-20,
    0.9999674846368971,
    -0.008064097404985978
  ],
  "u_min": -1.2125229552060257,
  "u_max": 0.5256578741001027,
  "v_min": -0.4871031426968968,
  "v_max": 1.2515883720368797,
  "pixel_size_u_m": 0.003401528041694968,
  "pixel_size_v_m": 0.0034025274260934962,
  "back_projection_note": {
    "pixel_to_uv": "u = u_min + px * pixel_size_u_m, v = v_max - py * pixel_size_v_m",
    "flip_x_note": "if flip_x is true, saved uv and image_u_axis_3d are already mirrored, so use the same pixel_to_uv formula",
    "point_on_plane_3d": "marker_origin + u * image_u_axis_3d + v * image_v_axis_3d",
    "direction_3d": "du * image_u_axis_3d + dv * image_v_axis_3d"
  },
  "debug": {
    "total_points": 100000,
    "basis_mode": "global",
    "height_mode": "adaptive",
    "top_candidate_q": 0.85,
    "height_band_m_input": 0.03,
    "height_band_m_used": 0.01662302135588123,
    "id_height_center": 0.006425958591623931,
    "top_id_points": 25594,
    "selected_height_min": -0.010042817568306004,
    "selected_height_max": 0.01607450772767756,
    "height_min": -0.22031810758711992,
    "height_mean": -0.14536221690566511,
    "height_max": 0.01607450772767756,
    "height_q50": -0.19540382934688433,
    "height_q70": -0.1895992902458074,
    "height_q80": 0.002049408356925733,
    "height_q85": 0.004625873724751762,
    "height_q90": 0.007264004845569901,
    "height_q95": 0.011507508034407438,
    "height_q99": 0.014427485279143656,
    "layer_selection": {
      "height_mode": "adaptive",
      "status": "adaptive_ok",
      "adaptive_search_q": 0.6,
      "adaptive_upper_q": 0.995,
      "adaptive_bins": 64,
      "adaptive_min_points": 300,
      "adaptive_chosen_bin": 63,
      "adaptive_bin_count": 4232,
      "adaptive_layer_bin_left": 59,
      "adaptive_layer_bin_right": 63,
      "adaptive_layer_lo": -0.001323450285334038,
      "adaptive_layer_hi": 0.014958011276221875,
      "adaptive_layer_points": 23765,
      "adaptive_mad": 0.0037373580997079967,
      "adaptive_robust_sigma": 0.005541007118627076,
      "id_height_center": 0.006425958591623931,
      "height_band_m": 0.01662302135588123,
      "selected_height_min": -0.010042817568306004,
      "selected_height_max": 0.01607450772767756,
      "selected_points": 25594,
      "selected_ratio": 0.25594
    },
    "plane_estimation": {
      "plane_refine_used": true,
      "coarse_plane_points": 100000,
      "coarse_plane_center": [
        4.740748792290039,
        -0.7491560679499976,
        0.16038400578022774
      ],
      "coarse_plane_normal": [
        0.008625059847236148,
        0.007601897358596457,
        0.9999339075644854
      ],
      "coarse_id_layer": {
        "height_mode": "adaptive",
        "status": "adaptive_ok",
        "adaptive_search_q": 0.6,
        "adaptive_upper_q": 0.995,
        "adaptive_bins": 64,
        "adaptive_min_points": 300,
        "adaptive_chosen_bin": 63,
        "adaptive_bin_count": 4469,
        "adaptive_layer_bin_left": 59,
        "adaptive_layer_bin_right": 63,
        "adaptive_layer_lo": 0.1440155047280402,
        "adaptive_layer_hi": 0.16029758748964681,
        "adaptive_layer_points": 23772,
        "adaptive_mad": 0.0036646106168877896,
        "adaptive_robust_sigma": 0.0054331517005978365,
        "id_height_center": 0.15161707053368118,
        "height_band_m": 0.01629945510179351,
        "selected_height_min": 0.1353778384274922,
        "selected_height_max": 0.16140047434919433,
        "selected_points": 25593,
        "selected_ratio": 0.25593
      },
      "plate_support": {
        "plate_status": "ok",
        "plate_lower": -0.0551319979700373,
        "plate_upper": 0.14661707053368117,
        "plate_lo": 0.1434647413383106,
        "plate_hi": 0.14661707053368117,
        "plate_bins": 64,
        "plate_chosen_bin": 63,
        "plate_bin_count": 2991,
        "plate_left_bin": 63,
        "plate_right_bin": 63,
        "plate_points": 2991,
        "plate_min_points": 500,
        "plane_refine_angle_deg": 0.03691791827120267
      }
    }
  }
}