{
  "source_file": "C:\\Users\\gkwld\\Desktop\\3D-Marker-Pose-Estimation\\CAD_to_PointCloud_conversion\\pointnet2\\result\\eval1_real_newmask_height_auto_boxexpand100\\train\\marker_points\\aug_000034_marker.xyz",
  "image_size": 512,
  "point_radius": 2,
  "view_margin": 1.2,
  "plane_fit_q": 0.8,
  "height_mode": "adaptive",
  "top_candidate_q": 0.85,
  "height_band_m": 0.03,
  "basis_mode": "global",
  "plane_refine_enabled": true,
  "flip_x": true,
  "align_2d": false,
  "align_method": "none",
  "color_mode": "raw_z",
  "color_ref": "marker_all_raw_z",
  "invert_jet": false,
  "color_min": 0.10196,
  "color_max": 0.310834,
  "color_q_min": 0.02,
  "color_q_max": 0.98,
  "plane_center": [
    5.955927851904092,
    -9.310103110366725,
    0.3093335930888574
  ],
  "plane_normal": [
    0.001421270322090893,
    0.010447021979431238,
    0.9999444183155545
  ],
  "marker_origin": [
    5.955927851904092,
    -9.310103110366725,
    0.3093335930888574
  ],
  "image_u_axis_3d": [
    -0.9999989899938259,
    1.4848057290196725e-05,
    0.0014211927609029604
  ],
  "image_v_axis_3d": [
    -1.694065894510295e-21,
    0.9999454282656113,
    -0.010447032530988153
  ],
  "u_min": -1.2316411942954875,
  "u_max": 1.0213641221278738,
  "v_min": -0.6369971288006165,
  "v_max": 1.6150138507205685,
  "pixel_size_u_m": 0.0044090123609067736,
  "pixel_size_v_m": 0.004407066496127564,
  "back_projection_note": {
    "pixel_to_uv": "u = u_min + px * pixel_size_u_m, v = v_max - py * pixel_size_v_m",
    "flip_x_note": "if flip_x is true, saved uv and image_u_axis_3d are already mirrored, so use the same pixel_to_uv formula",
    "point_on_plane_3d": "marker_origin + u * image_u_axis_3d + v * image_v_axis_3d",
    "direction_3d": "du * image_u_axis_3d + dv * image_v_axis_3d"
  },
  "debug": {
    "total_points": 100000,
    "basis_mode": "global",
    "height_mode": "adaptive",
    "top_candidate_q": 0.85,
    "height_band_m_input": 0.03,
    "height_band_m_used": 0.015602714019509627,
    "id_height_center": 0.006417332728821231,
    "top_id_points": 25643,
    "selected_height_min": -0.009185157294640433,
    "selected_height_max": 0.01481570178853636,
    "height_min": -0.21949745471644871,
    "height_mean": -0.1452175917633283,
    "height_max": 0.01481570178853636,
    "height_q50": -0.19547416948203988,
    "height_q70": -0.19025894976004024,
    "height_q80": 0.0019285687907572336,
    "height_q85": 0.0040065437003858305,
    "height_q90": 0.007209841773168686,
    "height_q95": 0.010302994990165824,
    "height_q99": 0.013399558090860707,
    "layer_selection": {
      "height_mode": "adaptive",
      "status": "adaptive_ok",
      "adaptive_search_q": 0.6,
      "adaptive_upper_q": 0.995,
      "adaptive_bins": 64,
      "adaptive_min_points": 300,
      "adaptive_chosen_bin": 63,
      "adaptive_bin_count": 4086,
      "adaptive_layer_bin_left": 59,
      "adaptive_layer_bin_right": 63,
      "adaptive_layer_lo": -0.002371589208722047,
      "adaptive_layer_hi": 0.013833793550431092,
      "adaptive_layer_points": 24128,
      "adaptive_mad": 0.003507962142971723,
      "adaptive_robust_sigma": 0.005200904673169876,
      "id_height_center": 0.006417332728821231,
      "height_band_m": 0.015602714019509627,
      "selected_height_min": -0.009185157294640433,
      "selected_height_max": 0.01481570178853636,
      "selected_points": 25643,
      "selected_ratio": 0.25643
    },
    "plane_estimation": {
      "plane_refine_used": true,
      "coarse_plane_points": 100000,
      "coarse_plane_center": [
        6.053266007639944,
        -8.823027238020059,
        0.1588808027302498
      ],
      "coarse_plane_normal": [
        0.0019077302420018518,
        0.009857875891842085,
        0.999949590152536
      ],
      "coarse_id_layer": {
        "height_mode": "adaptive",
        "status": "adaptive_ok",
        "adaptive_search_q": 0.6,
        "adaptive_upper_q": 0.995,
        "adaptive_bins": 64,
        "adaptive_min_points": 300,
        "adaptive_chosen_bin": 63,
        "adaptive_bin_count": 4517,
        "adaptive_layer_bin_left": 59,
        "adaptive_layer_bin_right": 63,
        "adaptive_layer_lo": 0.1425320868738817,
        "adaptive_layer_hi": 0.1587307509300534,
        "adaptive_layer_points": 24208,
        "adaptive_mad": 0.003372496185726409,
        "adaptive_robust_sigma": 0.005000062844957974,
        "id_height_center": 0.151482613922991,
        "height_band_m": 0.01500018853487392,
        "selected_height_min": 0.1364981350240811,
        "selected_height_max": 0.1596785163262548,
        "selected_points": 25627,
        "selected_ratio": 0.25627
      },
      "plate_support": {
        "plate_status": "ok",
        "plate_lower": -0.05484922055661298,
        "plate_upper": 0.146482613922991,
        "plate_lo": 0.1433368040092472,
        "plate_hi": 0.146482613922991,
        "plate_bins": 64,
        "plate_chosen_bin": 63,
        "plate_bin_count": 2836,
        "plate_left_bin": 63,
        "plate_right_bin": 63,
        "plate_points": 2836,
        "plate_min_points": 500,
        "plane_refine_angle_deg": 0.04377664312613505
      }
    }
  }
}