{
  "source_file": "C:\\Users\\gkwld\\Desktop\\3D-Marker-Pose-Estimation\\CAD_to_PointCloud_conversion\\pointnet2\\result\\eval1_real_newmask_height_auto_boxexpand100\\train\\marker_points\\aug_000138_marker.xyz",
  "image_size": 512,
  "point_radius": 2,
  "view_margin": 1.2,
  "plane_fit_q": 0.8,
  "height_mode": "adaptive",
  "top_candidate_q": 0.85,
  "height_band_m": 0.03,
  "basis_mode": "global",
  "plane_refine_enabled": true,
  "flip_x": true,
  "align_2d": false,
  "align_method": "none",
  "color_mode": "raw_z",
  "color_ref": "marker_all_raw_z",
  "invert_jet": false,
  "color_min": 0.103624,
  "color_max": 0.312979,
  "color_q_min": 0.02,
  "color_q_max": 0.98,
  "plane_center": [
    7.320265360168295,
    -2.7840753147265116,
    0.3119493107994557
  ],
  "plane_normal": [
    -0.011774902966806193,
    -0.001143891799649647,
    0.9999300191361757
  ],
  "marker_origin": [
    7.320265360168295,
    -2.7840753147265116,
    0.3119493107994557
  ],
  "image_u_axis_3d": [
    -0.9999306734259745,
    1.3470148784639827e-05,
    -0.011774895262049613
  ],
  "image_v_axis_3d": [
    1.694065894510295e-21,
    0.9999993456638389,
    0.0011439711072461533
  ],
  "u_min": -0.6379802508845589,
  "u_max": 1.6481860632877774,
  "v_min": -1.2236055590090915,
  "v_max": 1.0618043946362041,
  "pixel_size_u_m": 0.0044739066813548655,
  "pixel_size_v_m": 0.004472426523767702,
  "back_projection_note": {
    "pixel_to_uv": "u = u_min + px * pixel_size_u_m, v = v_max - py * pixel_size_v_m",
    "flip_x_note": "if flip_x is true, saved uv and image_u_axis_3d are already mirrored, so use the same pixel_to_uv formula",
    "point_on_plane_3d": "marker_origin + u * image_u_axis_3d + v * image_v_axis_3d",
    "direction_3d": "du * image_u_axis_3d + dv * image_v_axis_3d"
  },
  "debug": {
    "total_points": 100000,
    "basis_mode": "global",
    "height_mode": "adaptive",
    "top_candidate_q": 0.85,
    "height_band_m_input": 0.03,
    "height_band_m_used": 0.016842358054862155,
    "id_height_center": 0.0062157473648359555,
    "top_id_points": 25481,
    "selected_height_min": -0.010613598700156258,
    "selected_height_max": 0.01615829923021645,
    "height_min": -0.22083772114815428,
    "height_mean": -0.1458031062463084,
    "height_max": 0.01615829923021645,
    "height_q50": -0.19553890071132618,
    "height_q70": -0.1896344014492573,
    "height_q80": 0.0016373658020868377,
    "height_q85": 0.004280725565333169,
    "height_q90": 0.007034526461655174,
    "height_q95": 0.011344695250912126,
    "height_q99": 0.014420321065571541,
    "layer_selection": {
      "height_mode": "adaptive",
      "status": "adaptive_ok",
      "adaptive_search_q": 0.6,
      "adaptive_upper_q": 0.995,
      "adaptive_bins": 64,
      "adaptive_min_points": 300,
      "adaptive_chosen_bin": 63,
      "adaptive_bin_count": 4068,
      "adaptive_layer_bin_left": 59,
      "adaptive_layer_bin_right": 63,
      "adaptive_layer_lo": -0.0013593155641841437,
      "adaptive_layer_hi": 0.01492497970367039,
      "adaptive_layer_points": 23496,
      "adaptive_mad": 0.0037866716252669087,
      "adaptive_robust_sigma": 0.0056141193516207185,
      "id_height_center": 0.0062157473648359555,
      "height_band_m": 0.016842358054862155,
      "selected_height_min": -0.010613598700156258,
      "selected_height_max": 0.01615829923021645,
      "selected_points": 25481,
      "selected_ratio": 0.25481
    },
    "plane_estimation": {
      "plane_refine_used": true,
      "coarse_plane_points": 100000,
      "coarse_plane_center": [
        6.81851587325002,
        -2.8698056931800227,
        0.16012946227022706
      ],
      "coarse_plane_normal": [
        -0.012855603917571533,
        -0.0005401728312002398,
        0.9999172174031342
      ],
      "coarse_id_layer": {
        "height_mode": "adaptive",
        "status": "adaptive_ok",
        "adaptive_search_q": 0.6,
        "adaptive_upper_q": 0.995,
        "adaptive_bins": 64,
        "adaptive_min_points": 300,
        "adaptive_chosen_bin": 63,
        "adaptive_bin_count": 3952,
        "adaptive_layer_bin_left": 58,
        "adaptive_layer_bin_right": 63,
        "adaptive_layer_lo": 0.14180937855347653,
        "adaptive_layer_hi": 0.16138229966554968,
        "adaptive_layer_points": 24140,
        "adaptive_mad": 0.00408944240812803,
        "adaptive_robust_sigma": 0.0060630073142906174,
        "id_height_center": 0.15166673891619903,
        "height_band_m": 0.018189021942871853,
        "selected_height_min": 0.13357581265756935,
        "selected_height_max": 0.1627102216707767,
        "selected_points": 25505,
        "selected_ratio": 0.25505
      },
      "plate_support": {
        "plate_status": "ok",
        "plate_lower": -0.05516244581441835,
        "plate_upper": 0.14666673891619902,
        "plate_lo": 0.14351315790478314,
        "plate_hi": 0.14666673891619902,
        "plate_bins": 64,
        "plate_chosen_bin": 63,
        "plate_bin_count": 3565,
        "plate_left_bin": 63,
        "plate_right_bin": 63,
        "plate_points": 3565,
        "plate_min_points": 500,
        "plane_refine_angle_deg": 0.07093021312775881
      }
    }
  }
}