{
  "source_file": "C:\\Users\\gkwld\\Desktop\\3D-Marker-Pose-Estimation\\CAD_to_PointCloud_conversion\\pointnet2\\result\\eval1_real_newmask_height_auto_boxexpand100\\train\\marker_points\\aug_000115_marker.xyz",
  "image_size": 512,
  "point_radius": 2,
  "view_margin": 1.2,
  "plane_fit_q": 0.8,
  "height_mode": "adaptive",
  "top_candidate_q": 0.85,
  "height_band_m": 0.03,
  "basis_mode": "global",
  "plane_refine_enabled": true,
  "flip_x": true,
  "align_2d": false,
  "align_method": "none",
  "color_mode": "raw_z",
  "color_ref": "marker_all_raw_z",
  "invert_jet": false,
  "color_min": 0.10322084,
  "color_max": 0.312979,
  "color_q_min": 0.02,
  "color_q_max": 0.98,
  "plane_center": [
    9.386309613797758,
    -1.7727386516739934,
    0.31154090497126696
  ],
  "plane_normal": [
    -0.0029613717211443313,
    0.011053308017104573,
    0.9999345251852285
  ],
  "marker_origin": [
    9.386309613797758,
    -1.7727386516739934,
    0.31154090497126696
  ],
  "image_u_axis_3d": [
    -0.9999956151281512,
    -3.2733097317322894e-05,
    -0.002961190810315721
  ],
  "image_v_axis_3d": [
    0.0,
    0.9999389097882047,
    -0.011053356484645204
  ],
  "u_min": -0.9442154445759792,
  "u_max": 1.244755852813977,
  "v_min": -0.611921839863067,
  "v_max": 1.5775443115539394,
  "pixel_size_u_m": 0.00428370116906058,
  "pixel_size_v_m": 0.004284669572244631,
  "back_projection_note": {
    "pixel_to_uv": "u = u_min + px * pixel_size_u_m, v = v_max - py * pixel_size_v_m",
    "flip_x_note": "if flip_x is true, saved uv and image_u_axis_3d are already mirrored, so use the same pixel_to_uv formula",
    "point_on_plane_3d": "marker_origin + u * image_u_axis_3d + v * image_v_axis_3d",
    "direction_3d": "du * image_u_axis_3d + dv * image_v_axis_3d"
  },
  "debug": {
    "total_points": 100000,
    "basis_mode": "global",
    "height_mode": "adaptive",
    "top_candidate_q": 0.85,
    "height_band_m_input": 0.03,
    "height_band_m_used": 0.01669520036045293,
    "id_height_center": 0.00639704459407919,
    "top_id_points": 25308,
    "selected_height_min": -0.010061557720752711,
    "selected_height_max": 0.01600788233933119,
    "height_min": -0.2203107674991648,
    "height_mean": -0.14593304805043242,
    "height_max": 0.01600788233933119,
    "height_q50": -0.19545166680167825,
    "height_q70": -0.18979022710241497,
    "height_q80": 0.0019103594278988439,
    "height_q85": 0.004553078301563983,
    "height_q90": 0.007190832101738637,
    "height_q95": 0.011448824182570275,
    "height_q99": 0.014367581256394797,
    "layer_selection": {
      "height_mode": "adaptive",
      "status": "adaptive_ok",
      "adaptive_search_q": 0.6,
      "adaptive_upper_q": 0.995,
      "adaptive_bins": 64,
      "adaptive_min_points": 300,
      "adaptive_chosen_bin": 63,
      "adaptive_bin_count": 4290,
      "adaptive_layer_bin_left": 59,
      "adaptive_layer_bin_right": 63,
      "adaptive_layer_lo": -0.001432722145935733,
      "adaptive_layer_hi": 0.014843170709214669,
      "adaptive_layer_points": 23563,
      "adaptive_mad": 0.0037535861235786076,
      "adaptive_robust_sigma": 0.005565066786817644,
      "id_height_center": 0.00639704459407919,
      "height_band_m": 0.01669520036045293,
      "selected_height_min": -0.010061557720752711,
      "selected_height_max": 0.01600788233933119,
      "selected_points": 25308,
      "selected_ratio": 0.25308
    },
    "plane_estimation": {
      "plane_refine_used": true,
      "coarse_plane_points": 100000,
      "coarse_plane_center": [
        9.232767111839955,
        -1.2895710466899917,
        0.15980262510022727
      ],
      "coarse_plane_normal": [
        -0.0023648548646409747,
        0.011226830527222825,
        0.9999341807018011
      ],
      "coarse_id_layer": {
        "height_mode": "adaptive",
        "status": "adaptive_ok",
        "adaptive_search_q": 0.6,
        "adaptive_upper_q": 0.995,
        "adaptive_bins": 64,
        "adaptive_min_points": 300,
        "adaptive_chosen_bin": 63,
        "adaptive_bin_count": 4529,
        "adaptive_layer_bin_left": 59,
        "adaptive_layer_bin_right": 63,
        "adaptive_layer_lo": 0.1444944485761952,
        "adaptive_layer_hi": 0.16077244668364502,
        "adaptive_layer_points": 23548,
        "adaptive_mad": 0.00369614412086218,
        "adaptive_robust_sigma": 0.005479903273590267,
        "id_height_center": 0.15216540900512615,
        "height_band_m": 0.016439709820770802,
        "selected_height_min": 0.13573848413325446,
        "selected_height_max": 0.16191779378494095,
        "selected_points": 25308,
        "selected_ratio": 0.25308
      },
      "plate_support": {
        "plate_status": "ok",
        "plate_lower": -0.05455700387416914,
        "plate_upper": 0.14716540900512615,
        "plate_lo": 0.14401349630388716,
        "plate_hi": 0.14716540900512615,
        "plate_bins": 64,
        "plate_chosen_bin": 63,
        "plate_bin_count": 2957,
        "plate_left_bin": 63,
        "plate_right_bin": 63,
        "plate_points": 2957,
        "plate_min_points": 500,
        "plane_refine_angle_deg": 0.03559477200310055
      }
    }
  }
}