{
  "source_file": "C:\\Users\\gkwld\\Desktop\\3D-Marker-Pose-Estimation\\CAD_to_PointCloud_conversion\\pointnet2\\result\\eval1_real_newmask_height_auto_boxexpand100\\train\\marker_points\\aug_000084_marker.xyz",
  "image_size": 512,
  "point_radius": 2,
  "view_margin": 1.2,
  "plane_fit_q": 0.8,
  "height_mode": "adaptive",
  "top_candidate_q": 0.85,
  "height_band_m": 0.03,
  "basis_mode": "global",
  "plane_refine_enabled": true,
  "flip_x": true,
  "align_2d": false,
  "align_method": "none",
  "color_mode": "raw_z",
  "color_ref": "marker_all_raw_z",
  "invert_jet": false,
  "color_min": 0.102041,
  "color_max": 0.310834,
  "color_q_min": 0.02,
  "color_q_max": 0.98,
  "plane_center": [
    0.037504608949910936,
    5.348271489702525,
    0.30986088761760927
  ],
  "plane_normal": [
    0.010570747112042868,
    0.0034937812704770557,
    0.999938024477481
  ],
  "marker_origin": [
    0.037504608949910936,
    5.348271489702525,
    0.30986088761760927
  ],
  "image_u_axis_3d": [
    -0.9999441280909117,
    3.6933941844771973e-05,
    0.01057068258866264
  ],
  "image_v_axis_3d": [
    6.77626357804118e-21,
    0.9999938960445299,
    -0.003493976485610123
  ],
  "u_min": -1.6062676814674033,
  "u_max": 0.6448231225704025,
  "v_min": -0.9872876593291613,
  "v_max": 1.2646270466011913,
  "pixel_size_u_m": 0.00440526576132643,
  "pixel_size_v_m": 0.0044068780937971674,
  "back_projection_note": {
    "pixel_to_uv": "u = u_min + px * pixel_size_u_m, v = v_max - py * pixel_size_v_m",
    "flip_x_note": "if flip_x is true, saved uv and image_u_axis_3d are already mirrored, so use the same pixel_to_uv formula",
    "point_on_plane_3d": "marker_origin + u * image_u_axis_3d + v * image_v_axis_3d",
    "direction_3d": "du * image_u_axis_3d + dv * image_v_axis_3d"
  },
  "debug": {
    "total_points": 100000,
    "basis_mode": "global",
    "height_mode": "adaptive",
    "top_candidate_q": 0.85,
    "height_band_m_input": 0.03,
    "height_band_m_used": 0.016344121437180826,
    "id_height_center": 0.006145203115497726,
    "top_id_points": 25736,
    "selected_height_min": -0.01019633398533929,
    "selected_height_max": 0.015022651781467836,
    "height_min": -0.2202652289807189,
    "height_mean": -0.14532856429431681,
    "height_max": 0.015022651781467836,
    "height_q50": -0.19551480265673318,
    "height_q70": -0.19005355167144475,
    "height_q80": 0.001447762363272622,
    "height_q85": 0.003537547853238315,
    "height_q90": 0.006996137814546191,
    "height_q95": 0.010199685558824272,
    "height_q99": 0.013541343272267376,
    "layer_selection": {
      "height_mode": "adaptive",
      "status": "adaptive_ok",
      "adaptive_search_q": 0.6,
      "adaptive_upper_q": 0.995,
      "adaptive_bins": 64,
      "adaptive_min_points": 300,
      "adaptive_chosen_bin": 63,
      "adaptive_bin_count": 3785,
      "adaptive_layer_bin_left": 59,
      "adaptive_layer_bin_right": 63,
      "adaptive_layer_lo": -0.0021953952033000323,
      "adaptive_layer_hi": 0.014021621112796666,
      "adaptive_layer_points": 24018,
      "adaptive_mad": 0.0036746529603805984,
      "adaptive_robust_sigma": 0.005448040479060275,
      "id_height_center": 0.006145203115497726,
      "height_band_m": 0.016344121437180826,
      "selected_height_min": -0.01019633398533929,
      "selected_height_max": 0.015022651781467836,
      "selected_points": 25736,
      "selected_ratio": 0.25736
    },
    "plane_estimation": {
      "plane_refine_used": true,
      "coarse_plane_points": 100000,
      "coarse_plane_center": [
        0.5142529138400048,
        5.4913845884300345,
        0.15898338098025055
      ],
      "coarse_plane_normal": [
        0.011633276594075273,
        0.0028398500384649228,
        0.9999282984921692
      ],
      "coarse_id_layer": {
        "height_mode": "adaptive",
        "status": "adaptive_ok",
        "adaptive_search_q": 0.6,
        "adaptive_upper_q": 0.995,
        "adaptive_bins": 64,
        "adaptive_min_points": 300,
        "adaptive_chosen_bin": 63,
        "adaptive_bin_count": 3742,
        "adaptive_layer_bin_left": 59,
        "adaptive_layer_bin_right": 63,
        "adaptive_layer_lo": 0.14370603409157157,
        "adaptive_layer_hi": 0.15995272464204818,
        "adaptive_layer_points": 23468,
        "adaptive_mad": 0.003920044559883498,
        "adaptive_robust_sigma": 0.005811858064483274,
        "id_height_center": 0.15127746581537146,
        "height_band_m": 0.01743557419344982,
        "selected_height_min": 0.13384412713342256,
        "selected_height_max": 0.16103546297914065,
        "selected_points": 25783,
        "selected_ratio": 0.25783
      },
      "plate_support": {
        "plate_status": "ok",
        "plate_lower": -0.05533827659532903,
        "plate_upper": 0.14627746581537146,
        "plate_lo": 0.14312721984020427,
        "plate_hi": 0.14627746581537146,
        "plate_bins": 64,
        "plate_chosen_bin": 63,
        "plate_bin_count": 3933,
        "plate_left_bin": 63,
        "plate_right_bin": 63,
        "plate_points": 3933,
        "plate_min_points": 500,
        "plane_refine_angle_deg": 0.07148653116323679
      }
    }
  }
}