{
  "source_file": "C:\\Users\\gkwld\\Desktop\\3D-Marker-Pose-Estimation\\CAD_to_PointCloud_conversion\\pointnet2\\result\\eval1_real_newmask_height_auto_boxexpand100\\train\\marker_points\\aug_000045_marker.xyz",
  "image_size": 512,
  "point_radius": 2,
  "view_margin": 1.2,
  "plane_fit_q": 0.8,
  "height_mode": "adaptive",
  "top_candidate_q": 0.85,
  "height_band_m": 0.03,
  "basis_mode": "global",
  "plane_refine_enabled": true,
  "flip_x": true,
  "align_2d": false,
  "align_method": "none",
  "color_mode": "raw_z",
  "color_ref": "marker_all_raw_z",
  "invert_jet": false,
  "color_min": 0.10184492,
  "color_max": 0.310834,
  "color_q_min": 0.02,
  "color_q_max": 0.98,
  "plane_center": [
    0.03745189555222394,
    6.360669403298356,
    0.3098896739130598
  ],
  "plane_normal": [
    0.005538364418484714,
    0.009449604818744661,
    0.9999400139440054
  ],
  "marker_origin": [
    0.03745189555222394,
    6.360669403298356,
    0.3098896739130598
  ],
  "image_u_axis_3d": [
    -0.9999846631411745,
    5.233615776903564e-05,
    0.005538117131156113
  ],
  "image_v_axis_3d": [
    0.0,
    0.9999553501170422,
    -0.009449749748213037
  ],
  "u_min": -1.2258294228161941,
  "u_max": 0.688728744853217,
  "v_min": -0.5263352390003128,
  "v_max": 1.3893845225799577,
  "pixel_size_u_m": 0.0037466891735213528,
  "pixel_size_v_m": 0.003748962351429101,
  "back_projection_note": {
    "pixel_to_uv": "u = u_min + px * pixel_size_u_m, v = v_max - py * pixel_size_v_m",
    "flip_x_note": "if flip_x is true, saved uv and image_u_axis_3d are already mirrored, so use the same pixel_to_uv formula",
    "point_on_plane_3d": "marker_origin + u * image_u_axis_3d + v * image_v_axis_3d",
    "direction_3d": "du * image_u_axis_3d + dv * image_v_axis_3d"
  },
  "debug": {
    "total_points": 100000,
    "basis_mode": "global",
    "height_mode": "adaptive",
    "top_candidate_q": 0.85,
    "height_band_m_input": 0.03,
    "height_band_m_used": 0.01611652882365234,
    "id_height_center": 0.006061275411492196,
    "top_id_points": 26083,
    "selected_height_min": -0.010043746385956943,
    "selected_height_max": 0.01486971158684529,
    "height_min": -0.22014468603275916,
    "height_mean": -0.1446349075637773,
    "height_max": 0.01486971158684529,
    "height_q50": -0.19564118632635433,
    "height_q70": -0.19004758415088688,
    "height_q80": 0.0016254140225704125,
    "height_q85": 0.0037503729973887134,
    "height_q90": 0.006914133134900151,
    "height_q95": 0.01023799456576719,
    "height_q99": 0.01336633356832731,
    "layer_selection": {
      "height_mode": "adaptive",
      "status": "adaptive_ok",
      "adaptive_search_q": 0.6,
      "adaptive_upper_q": 0.995,
      "adaptive_bins": 64,
      "adaptive_min_points": 300,
      "adaptive_chosen_bin": 63,
      "adaptive_bin_count": 4046,
      "adaptive_layer_bin_left": 59,
      "adaptive_layer_bin_right": 63,
      "adaptive_layer_lo": -0.002386291016375164,
      "adaptive_layer_hi": 0.01382425420609934,
      "adaptive_layer_points": 24430,
      "adaptive_mad": 0.0036234832554639007,
      "adaptive_robust_sigma": 0.005372176274550779,
      "id_height_center": 0.006061275411492196,
      "height_band_m": 0.01611652882365234,
      "selected_height_min": -0.010043746385956943,
      "selected_height_max": 0.01486971158684529,
      "selected_points": 26083,
      "selected_ratio": 0.26083
    },
    "plane_estimation": {
      "plane_refine_used": true,
      "coarse_plane_points": 100000,
      "coarse_plane_center": [
        0.29957181960000084,
        6.790229822150021,
        0.15973486729024858
      ],
      "coarse_plane_normal": [
        0.006839518959080166,
        0.009882015563784817,
        0.9999277807655937
      ],
      "coarse_id_layer": {
        "height_mode": "adaptive",
        "status": "adaptive_ok",
        "adaptive_search_q": 0.6,
        "adaptive_upper_q": 0.995,
        "adaptive_bins": 64,
        "adaptive_min_points": 300,
        "adaptive_chosen_bin": 63,
        "adaptive_bin_count": 3968,
        "adaptive_layer_bin_left": 59,
        "adaptive_layer_bin_right": 63,
        "adaptive_layer_lo": 0.14292761080252392,
        "adaptive_layer_hi": 0.1591689371066672,
        "adaptive_layer_points": 23857,
        "adaptive_mad": 0.003935125577671922,
        "adaptive_robust_sigma": 0.005834217181456391,
        "id_height_center": 0.15051850358951716,
        "height_band_m": 0.017502651544369172,
        "selected_height_min": 0.13301672266334344,
        "selected_height_max": 0.16034261886364976,
        "selected_points": 26139,
        "selected_ratio": 0.26139
      },
      "plate_support": {
        "plate_status": "ok",
        "plate_lower": -0.05606627528373681,
        "plate_upper": 0.14551850358951715,
        "plate_lo": 0.14236874141962255,
        "plate_hi": 0.14551850358951715,
        "plate_bins": 64,
        "plate_chosen_bin": 63,
        "plate_bin_count": 4002,
        "plate_left_bin": 63,
        "plate_right_bin": 63,
        "plate_points": 4002,
        "plate_min_points": 500,
        "plane_refine_angle_deg": 0.07856285920370812
      }
    }
  }
}