{
  "source_file": "C:\\Users\\gkwld\\Desktop\\3D-Marker-Pose-Estimation\\CAD_to_PointCloud_conversion\\pointnet2\\result\\eval1_real_newmask_height_auto_boxexpand100\\train\\marker_points\\aug_000011_marker.xyz",
  "image_size": 512,
  "point_radius": 2,
  "view_margin": 1.2,
  "plane_fit_q": 0.8,
  "height_mode": "adaptive",
  "top_candidate_q": 0.85,
  "height_band_m": 0.03,
  "basis_mode": "global",
  "plane_refine_enabled": true,
  "flip_x": true,
  "align_2d": false,
  "align_method": "none",
  "color_mode": "raw_z",
  "color_ref": "marker_all_raw_z",
  "invert_jet": false,
  "color_min": 0.101808,
  "color_max": 0.310834,
  "color_q_min": 0.02,
  "color_q_max": 0.98,
  "plane_center": [
    6.108912569624071,
    -3.5877218339849586,
    0.3096167627067668
  ],
  "plane_normal": [
    0.009421832133190564,
    0.005779102464036198,
    0.9999389136602117
  ],
  "marker_origin": [
    6.108912569624071,
    -3.5877218339849586,
    0.3096167627067668
  ],
  "image_u_axis_3d": [
    -0.9999556135535488,
    5.4452150233998635e-05,
    0.009421674782595825
  ],
  "image_v_axis_3d": [
    0.0,
    0.9999832993643812,
    -0.005779358989238718
  ],
  "u_min": -1.4568112098693506,
  "u_max": 0.5698130237212242,
  "v_min": -0.7610815848821921,
  "v_max": 1.2667265506584668,
  "pixel_size_u_m": 0.003965996543230088,
  "pixel_size_v_m": 0.0039683133767918965,
  "back_projection_note": {
    "pixel_to_uv": "u = u_min + px * pixel_size_u_m, v = v_max - py * pixel_size_v_m",
    "flip_x_note": "if flip_x is true, saved uv and image_u_axis_3d are already mirrored, so use the same pixel_to_uv formula",
    "point_on_plane_3d": "marker_origin + u * image_u_axis_3d + v * image_v_axis_3d",
    "direction_3d": "du * image_u_axis_3d + dv * image_v_axis_3d"
  },
  "debug": {
    "total_points": 100000,
    "basis_mode": "global",
    "height_mode": "adaptive",
    "top_candidate_q": 0.85,
    "height_band_m_input": 0.03,
    "height_band_m_used": 0.016295212234533,
    "id_height_center": 0.006379261998503002,
    "top_id_points": 25812,
    "selected_height_min": -0.009905033386669596,
    "selected_height_max": 0.015324547152179718,
    "height_min": -0.2195827554121503,
    "height_mean": -0.14485328723590998,
    "height_max": 0.015324547152179718,
    "height_q50": -0.19528163778799656,
    "height_q70": -0.18973011424767044,
    "height_q80": 0.0018590813886915415,
    "height_q85": 0.004003243402865296,
    "height_q90": 0.007172087242452438,
    "height_q95": 0.010652446345640876,
    "height_q99": 0.013842513893852108,
    "layer_selection": {
      "height_mode": "adaptive",
      "status": "adaptive_ok",
      "adaptive_search_q": 0.6,
      "adaptive_upper_q": 0.995,
      "adaptive_bins": 64,
      "adaptive_min_points": 300,
      "adaptive_chosen_bin": 63,
      "adaptive_bin_count": 3995,
      "adaptive_layer_bin_left": 59,
      "adaptive_layer_bin_right": 63,
      "adaptive_layer_lo": -0.0019190247676681427,
      "adaptive_layer_hi": 0.014301441895686157,
      "adaptive_layer_points": 24127,
      "adaptive_mad": 0.0036636566919674898,
      "adaptive_robust_sigma": 0.005431737411511,
      "id_height_center": 0.006379261998503002,
      "height_band_m": 0.016295212234533,
      "selected_height_min": -0.009905033386669596,
      "selected_height_max": 0.015324547152179718,
      "selected_points": 25812,
      "selected_ratio": 0.25812
    },
    "plane_estimation": {
      "plane_refine_used": true,
      "coarse_plane_points": 100000,
      "coarse_plane_center": [
        6.546592834589884,
        -3.3322192635500136,
        0.15915395873025132
      ],
      "coarse_plane_normal": [
        0.010053466381093334,
        0.005171369087872903,
        0.999936090334518
      ],
      "coarse_id_layer": {
        "height_mode": "adaptive",
        "status": "adaptive_ok",
        "adaptive_search_q": 0.6,
        "adaptive_upper_q": 0.995,
        "adaptive_bins": 64,
        "adaptive_min_points": 300,
        "adaptive_chosen_bin": 63,
        "adaptive_bin_count": 4177,
        "adaptive_layer_bin_left": 59,
        "adaptive_layer_bin_right": 63,
        "adaptive_layer_lo": 0.14309288181359925,
        "adaptive_layer_hi": 0.1593247539591282,
        "adaptive_layer_points": 24058,
        "adaptive_mad": 0.0037243006468004047,
        "adaptive_robust_sigma": 0.0055216481389462795,
        "id_height_center": 0.15098787170863825,
        "height_band_m": 0.01656494441683884,
        "selected_height_min": 0.1344269187988844,
        "selected_height_max": 0.16038340068865548,
        "selected_points": 25833,
        "selected_ratio": 0.25833
      },
      "plate_support": {
        "plate_status": "ok",
        "plate_lower": -0.05535398078611818,
        "plate_upper": 0.14598787170863825,
        "plate_lo": 0.14284190526340768,
        "plate_hi": 0.14598787170863825,
        "plate_bins": 64,
        "plate_chosen_bin": 63,
        "plate_bin_count": 3325,
        "plate_left_bin": 63,
        "plate_right_bin": 63,
        "plate_points": 3325,
        "plate_min_points": 500,
        "plane_refine_angle_deg": 0.0502217591496042
      }
    }
  }
}