{
  "source_file": "C:\\Users\\gkwld\\Desktop\\3D-Marker-Pose-Estimation\\CAD_to_PointCloud_conversion\\pointnet2\\result\\eval1_real_newmask_height_auto_boxexpand100\\train\\marker_points\\aug_000068_marker.xyz",
  "image_size": 512,
  "point_radius": 2,
  "view_margin": 1.2,
  "plane_fit_q": 0.8,
  "height_mode": "adaptive",
  "top_candidate_q": 0.85,
  "height_band_m": 0.03,
  "basis_mode": "global",
  "plane_refine_enabled": true,
  "flip_x": true,
  "align_2d": false,
  "align_method": "none",
  "color_mode": "raw_z",
  "color_ref": "marker_all_raw_z",
  "invert_jet": false,
  "color_min": 0.10161,
  "color_max": 0.310834,
  "color_q_min": 0.02,
  "color_q_max": 0.98,
  "plane_center": [
    -9.841213371373934,
    6.583254842524708,
    0.3096644781638508
  ],
  "plane_normal": [
    0.004541350304321471,
    -0.01007736950026015,
    0.9999389095136606
  ],
  "marker_origin": [
    -9.841213371373934,
    6.583254842524708,
    0.3096644781638508
  ],
  "image_u_axis_3d": [
    -0.9999896880145381,
    -4.576533697816439e-05,
    0.0045411196989739765
  ],
  "image_v_axis_3d": [
    0.0,
    0.99994922097449,
    0.01007747341900946
  ],
  "u_min": -1.276968682161167,
  "u_max": 0.8705823476033407,
  "v_min": -1.553655039553435,
  "v_max": 0.5932769565551939,
  "pixel_size_u_m": 0.004202643893864007,
  "pixel_size_v_m": 0.004201432477707688,
  "back_projection_note": {
    "pixel_to_uv": "u = u_min + px * pixel_size_u_m, v = v_max - py * pixel_size_v_m",
    "flip_x_note": "if flip_x is true, saved uv and image_u_axis_3d are already mirrored, so use the same pixel_to_uv formula",
    "point_on_plane_3d": "marker_origin + u * image_u_axis_3d + v * image_v_axis_3d",
    "direction_3d": "du * image_u_axis_3d + dv * image_v_axis_3d"
  },
  "debug": {
    "total_points": 100000,
    "basis_mode": "global",
    "height_mode": "adaptive",
    "top_candidate_q": 0.85,
    "height_band_m_input": 0.03,
    "height_band_m_used": 0.01628283048540023,
    "id_height_center": 0.006428222895250049,
    "top_id_points": 25834,
    "selected_height_min": -0.00983088264818201,
    "selected_height_max": 0.01540477654116622,
    "height_min": -0.21981818783774834,
    "height_mean": -0.14477603659497254,
    "height_max": 0.01540477654116622,
    "height_q50": -0.1952163782990074,
    "height_q70": -0.18969857548107058,
    "height_q80": 0.0019731633114159707,
    "height_q85": 0.004149418133489841,
    "height_q90": 0.007266773649593047,
    "height_q95": 0.010715124098433768,
    "height_q99": 0.01387876926847694,
    "layer_selection": {
      "height_mode": "adaptive",
      "status": "adaptive_ok",
      "adaptive_search_q": 0.6,
      "adaptive_upper_q": 0.995,
      "adaptive_bins": 64,
      "adaptive_min_points": 300,
      "adaptive_chosen_bin": 63,
      "adaptive_bin_count": 4009,
      "adaptive_layer_bin_left": 59,
      "adaptive_layer_bin_right": 63,
      "adaptive_layer_lo": -0.0018843366138051043,
      "adaptive_layer_hi": 0.014336817983063471,
      "adaptive_layer_points": 24218,
      "adaptive_mad": 0.0036608729001754194,
      "adaptive_robust_sigma": 0.005427610161800076,
      "id_height_center": 0.006428222895250049,
      "height_band_m": 0.01628283048540023,
      "selected_height_min": -0.00983088264818201,
      "selected_height_max": 0.01540477654116622,
      "selected_points": 25834,
      "selected_ratio": 0.25834
    },
    "plane_estimation": {
      "plane_refine_used": true,
      "coarse_plane_points": 100000,
      "coarse_plane_center": [
        -9.63587492378011,
        6.1093665010400535,
        0.15917118612024908
      ],
      "coarse_plane_normal": [
        0.00379093734071319,
        -0.010351735055030757,
        0.9999392333404211
      ],
      "coarse_id_layer": {
        "height_mode": "adaptive",
        "status": "adaptive_ok",
        "adaptive_search_q": 0.6,
        "adaptive_upper_q": 0.995,
        "adaptive_bins": 64,
        "adaptive_min_points": 300,
        "adaptive_chosen_bin": 63,
        "adaptive_bin_count": 4268,
        "adaptive_layer_bin_left": 59,
        "adaptive_layer_bin_right": 63,
        "adaptive_layer_lo": 0.14285915916391645,
        "adaptive_layer_hi": 0.1590850957873444,
        "adaptive_layer_points": 24211,
        "adaptive_mad": 0.0036459933217088403,
        "adaptive_robust_sigma": 0.005405549698765526,
        "id_height_center": 0.15097896731784619,
        "height_band_m": 0.016216649096296578,
        "selected_height_min": 0.1347742584571223,
        "selected_height_max": 0.16016629824977052,
        "selected_points": 25843,
        "selected_ratio": 0.25843
      },
      "plate_support": {
        "plate_status": "ok",
        "plate_lower": -0.05534299867093446,
        "plate_upper": 0.14597896731784618,
        "plate_lo": 0.14283331159927148,
        "plate_hi": 0.14597896731784618,
        "plate_bins": 64,
        "plate_chosen_bin": 63,
        "plate_bin_count": 3137,
        "plate_left_bin": 63,
        "plate_right_bin": 63,
        "plate_points": 3137,
        "plate_min_points": 500,
        "plane_refine_angle_deg": 0.04577929959400636
      }
    }
  }
}