{
  "source_file": "C:\\Users\\gkwld\\Desktop\\3D-Marker-Pose-Estimation\\CAD_to_PointCloud_conversion\\pointnet2\\result\\eval1_real_newmask_height_auto_boxexpand100\\train\\marker_points\\aug_000009_marker.xyz",
  "image_size": 512,
  "point_radius": 2,
  "view_margin": 1.2,
  "plane_fit_q": 0.8,
  "height_mode": "adaptive",
  "top_candidate_q": 0.85,
  "height_band_m": 0.03,
  "basis_mode": "global",
  "plane_refine_enabled": true,
  "flip_x": true,
  "align_2d": false,
  "align_method": "none",
  "color_mode": "raw_z",
  "color_ref": "marker_all_raw_z",
  "invert_jet": false,
  "color_min": 0.101885,
  "color_max": 0.310834,
  "color_q_min": 0.02,
  "color_q_max": 0.98,
  "plane_center": [
    8.622496334310853,
    -4.339012113569707,
    0.3097329661423724
  ],
  "plane_normal": [
    -0.008551494449724698,
    -0.006356735917633303,
    0.9999432303131761
  ],
  "marker_origin": [
    8.622496334310853,
    -4.339012113569707,
    0.3097329661423724
  ],
  "image_u_axis_3d": [
    -0.9999634353018497,
    5.4361579632648374e-05,
    -0.008551321660541115
  ],
  "image_v_axis_3d": [
    0.0,
    0.9999797942715104,
    0.006356968358256119
  ],
  "u_min": -0.5929044855019965,
  "u_max": 1.453332912309795,
  "v_min": -1.2872261775336569,
  "v_max": 0.7604803587196016,
  "pixel_size_u_m": 0.004004378469299005,
  "pixel_size_v_m": 0.004007253495603246,
  "back_projection_note": {
    "pixel_to_uv": "u = u_min + px * pixel_size_u_m, v = v_max - py * pixel_size_v_m",
    "flip_x_note": "if flip_x is true, saved uv and image_u_axis_3d are already mirrored, so use the same pixel_to_uv formula",
    "point_on_plane_3d": "marker_origin + u * image_u_axis_3d + v * image_v_axis_3d",
    "direction_3d": "du * image_u_axis_3d + dv * image_v_axis_3d"
  },
  "debug": {
    "total_points": 100000,
    "basis_mode": "global",
    "height_mode": "adaptive",
    "top_candidate_q": 0.85,
    "height_band_m_input": 0.03,
    "height_band_m_used": 0.015960394740683923,
    "id_height_center": 0.006277102867334289,
    "top_id_points": 25810,
    "selected_height_min": -0.009643480059294078,
    "selected_height_max": 0.014530072024445026,
    "height_min": -0.21984229058197913,
    "height_mean": -0.1452452757561219,
    "height_max": 0.014530072024445026,
    "height_q50": -0.19561857585711312,
    "height_q70": -0.19046730393681763,
    "height_q80": 0.0015527046857082703,
    "height_q85": 0.003661873838873667,
    "height_q90": 0.0070785001926005455,
    "height_q95": 0.009805399652893869,
    "height_q99": 0.013086045393383807,
    "layer_selection": {
      "height_mode": "adaptive",
      "status": "adaptive_ok",
      "adaptive_search_q": 0.6,
      "adaptive_upper_q": 0.995,
      "adaptive_bins": 64,
      "adaptive_min_points": 300,
      "adaptive_chosen_bin": 63,
      "adaptive_bin_count": 3784,
      "adaptive_layer_bin_left": 59,
      "adaptive_layer_bin_right": 63,
      "adaptive_layer_lo": -0.0026154836773212564,
      "adaptive_layer_hi": 0.013580791998938822,
      "adaptive_layer_points": 24276,
      "adaptive_mad": 0.0035883795900633854,
      "adaptive_robust_sigma": 0.005320131580227975,
      "id_height_center": 0.006277102867334289,
      "height_band_m": 0.015960394740683923,
      "selected_height_min": -0.009643480059294078,
      "selected_height_max": 0.014530072024445026,
      "selected_points": 25810,
      "selected_ratio": 0.2581
    },
    "plane_estimation": {
      "plane_refine_used": true,
      "coarse_plane_points": 100000,
      "coarse_plane_center": [
        8.19756252399997,
        -4.6033538669200125,
        0.1591649728502485
      ],
      "coarse_plane_normal": [
        -0.00937563450126312,
        -0.005751861799657831,
        0.9999395049509429
      ],
      "coarse_id_layer": {
        "height_mode": "adaptive",
        "status": "adaptive_ok",
        "adaptive_search_q": 0.6,
        "adaptive_upper_q": 0.995,
        "adaptive_bins": 64,
        "adaptive_min_points": 300,
        "adaptive_chosen_bin": 63,
        "adaptive_bin_count": 3918,
        "adaptive_layer_bin_left": 59,
        "adaptive_layer_bin_right": 63,
        "adaptive_layer_lo": 0.14290456963543272,
        "adaptive_layer_hi": 0.15912070025164554,
        "adaptive_layer_points": 24205,
        "adaptive_mad": 0.0036617394474407206,
        "adaptive_robust_sigma": 0.005428894904775612,
        "id_height_center": 0.1512781740631971,
        "height_band_m": 0.016286684714326836,
        "selected_height_min": 0.13503631155816348,
        "selected_height_max": 0.16012430921326853,
        "selected_points": 25838,
        "selected_ratio": 0.25838
      },
      "plate_support": {
        "plate_status": "ok",
        "plate_lower": -0.055287921571510995,
        "plate_upper": 0.1462781740631971,
        "plate_lo": 0.14312870381890477,
        "plate_hi": 0.1462781740631971,
        "plate_bins": 64,
        "plate_chosen_bin": 63,
        "plate_bin_count": 3751,
        "plate_left_bin": 63,
        "plate_right_bin": 63,
        "plate_points": 3751,
        "plate_min_points": 500,
        "plane_refine_angle_deg": 0.058573481071651806
      }
    }
  }
}