{
  "source_file": "C:\\Users\\gkwld\\Desktop\\3D-Marker-Pose-Estimation\\CAD_to_PointCloud_conversion\\pointnet2\\result\\eval1_real_newmask_height_auto_boxexpand100\\train\\marker_points\\aug_000198_marker.xyz",
  "image_size": 512,
  "point_radius": 2,
  "view_margin": 1.2,
  "plane_fit_q": 0.8,
  "height_mode": "adaptive",
  "top_candidate_q": 0.85,
  "height_band_m": 0.03,
  "basis_mode": "global",
  "plane_refine_enabled": true,
  "flip_x": true,
  "align_2d": false,
  "align_method": "none",
  "color_mode": "raw_z",
  "color_ref": "marker_all_raw_z",
  "invert_jet": false,
  "color_min": 0.103301,
  "color_max": 0.312979,
  "color_q_min": 0.02,
  "color_q_max": 0.98,
  "plane_center": [
    -6.829983365107808,
    8.51902664481023,
    0.3125844115296793
  ],
  "plane_normal": [
    -0.00347105944293762,
    0.0038367187994046226,
    0.9999866155770276
  ],
  "marker_origin": [
    -6.829983365107808,
    8.51902664481023,
    0.3125844115296793
  ],
  "image_u_axis_3d": [
    -0.9999939758540267,
    -1.3317559245463972e-05,
    -0.0034710338948177924
  ],
  "image_v_axis_3d": [
    1.694065894510295e-21,
    0.9999926396776614,
    -0.003836741912494129
  ],
  "u_min": -0.9439610142756438,
  "u_max": 1.2130819296426616,
  "v_min": -0.9239808885809144,
  "v_max": 1.2291021405590907,
  "pixel_size_u_m": 0.004221219068333278,
  "pixel_size_v_m": 0.004213469724344433,
  "back_projection_note": {
    "pixel_to_uv": "u = u_min + px * pixel_size_u_m, v = v_max - py * pixel_size_v_m",
    "flip_x_note": "if flip_x is true, saved uv and image_u_axis_3d are already mirrored, so use the same pixel_to_uv formula",
    "point_on_plane_3d": "marker_origin + u * image_u_axis_3d + v * image_v_axis_3d",
    "direction_3d": "du * image_u_axis_3d + dv * image_v_axis_3d"
  },
  "debug": {
    "total_points": 100000,
    "basis_mode": "global",
    "height_mode": "adaptive",
    "top_candidate_q": 0.85,
    "height_band_m_input": 0.03,
    "height_band_m_used": 0.015,
    "id_height_center": 0.0007898630596586475,
    "top_id_points": 25743,
    "selected_height_min": -0.013415941037852859,
    "selected_height_max": 0.0050088692727393355,
    "height_min": -0.21955746837299508,
    "height_mean": -0.1509706455021779,
    "height_max": 0.0050088692727393355,
    "height_q50": -0.20226926011480056,
    "height_q70": -0.199841525302311,
    "height_q80": -0.0009428147042162664,
    "height_q85": 0.00027435883407404805,
    "height_q90": 0.001060137433054398,
    "height_q95": 0.0036572894208647196,
    "height_q99": 0.004405999772115368,
    "layer_selection": {
      "height_mode": "adaptive",
      "status": "adaptive_ok",
      "adaptive_search_q": 0.6,
      "adaptive_upper_q": 0.995,
      "adaptive_bins": 64,
      "adaptive_min_points": 300,
      "adaptive_chosen_bin": 63,
      "adaptive_bin_count": 7587,
      "adaptive_layer_bin_left": 62,
      "adaptive_layer_bin_right": 63,
      "adaptive_layer_lo": -0.00184074125649214,
      "adaptive_layer_hi": 0.004598061055702131,
      "adaptive_layer_points": 22406,
      "adaptive_mad": 0.0012713068626832257,
      "adaptive_robust_sigma": 0.0018848395546141503,
      "id_height_center": 0.0007898630596586475,
      "height_band_m": 0.015,
      "selected_height_min": -0.013415941037852859,
      "selected_height_max": 0.0050088692727393355,
      "selected_points": 25743,
      "selected_ratio": 0.25743
    },
    "plane_estimation": {
      "plane_refine_used": true,
      "coarse_plane_points": 100000,
      "coarse_plane_center": [
        -6.964735272000053,
        8.665638389549986,
        0.16058149164022653
      ],
      "coarse_plane_normal": [
        -0.009000277153284098,
        0.006108123605586878,
        0.9999408411677079
      ],
      "coarse_id_layer": {
        "height_mode": "adaptive",
        "status": "adaptive_ok",
        "adaptive_search_q": 0.6,
        "adaptive_upper_q": 0.995,
        "adaptive_bins": 64,
        "adaptive_min_points": 300,
        "adaptive_chosen_bin": 63,
        "adaptive_bin_count": 5294,
        "adaptive_layer_bin_left": 63,
        "adaptive_layer_bin_right": 63,
        "adaptive_layer_lo": 0.15628258485171215,
        "adaptive_layer_hi": 0.1595330513790395,
        "adaptive_layer_points": 5294,
        "adaptive_mad": 0.0007335099820229007,
        "adaptive_robust_sigma": 0.0010875018993471526,
        "id_height_center": 0.15783116642848743,
        "height_band_m": 0.015,
        "selected_height_min": 0.14283728838160034,
        "selected_height_max": 0.16058797191257618,
        "selected_points": 24660,
        "selected_ratio": 0.2466
      },
      "plate_support": {
        "plate_status": "ok",
        "plate_lower": -0.05535115627164402,
        "plate_upper": 0.15283116642848743,
        "plate_lo": 0.14632546884410833,
        "plate_hi": 0.15283116642848743,
        "plate_bins": 64,
        "plate_chosen_bin": 63,
        "plate_bin_count": 8395,
        "plate_left_bin": 62,
        "plate_right_bin": 63,
        "plate_points": 14519,
        "plate_min_points": 500,
        "plane_refine_angle_deg": 0.34250099100523684
      }
    }
  }
}