{
  "source_file": "C:\\Users\\gkwld\\Desktop\\3D-Marker-Pose-Estimation\\CAD_to_PointCloud_conversion\\pointnet2\\result\\eval1_real_newmask_height_auto_boxexpand100\\train\\marker_points\\aug_000110_marker.xyz",
  "image_size": 512,
  "point_radius": 2,
  "view_margin": 1.2,
  "plane_fit_q": 0.8,
  "height_mode": "adaptive",
  "top_candidate_q": 0.85,
  "height_band_m": 0.03,
  "basis_mode": "global",
  "plane_refine_enabled": true,
  "flip_x": true,
  "align_2d": false,
  "align_method": "none",
  "color_mode": "raw_z",
  "color_ref": "marker_all_raw_z",
  "invert_jet": false,
  "color_min": 0.10303884,
  "color_max": 0.312979,
  "color_q_min": 0.02,
  "color_q_max": 0.98,
  "plane_center": [
    0.4974052378972375,
    7.277847204336207,
    0.3118759943570099
  ],
  "plane_normal": [
    -0.006787081229588705,
    -0.009312849249805882,
    0.9999336009782017
  ],
  "marker_origin": [
    0.4974052378972375,
    7.277847204336207,
    0.3118759943570099
  ],
  "image_u_axis_3d": [
    -0.9999769674979435,
    6.320852018759156e-05,
    -0.00678678689070364
  ],
  "image_v_axis_3d": [
    1.3552527156082356e-20,
    0.9999566324803959,
    0.00931306375295661
  ],
  "u_min": -0.752424070488697,
  "u_max": 1.2803111136751815,
  "v_min": -1.4648417110766268,
  "v_max": 0.5706016868493204,
  "pixel_size_u_m": 0.003977955350614243,
  "pixel_size_v_m": 0.0039832551818511685,
  "back_projection_note": {
    "pixel_to_uv": "u = u_min + px * pixel_size_u_m, v = v_max - py * pixel_size_v_m",
    "flip_x_note": "if flip_x is true, saved uv and image_u_axis_3d are already mirrored, so use the same pixel_to_uv formula",
    "point_on_plane_3d": "marker_origin + u * image_u_axis_3d + v * image_v_axis_3d",
    "direction_3d": "du * image_u_axis_3d + dv * image_v_axis_3d"
  },
  "debug": {
    "total_points": 100000,
    "basis_mode": "global",
    "height_mode": "adaptive",
    "top_candidate_q": 0.85,
    "height_band_m_input": 0.03,
    "height_band_m_used": 0.0165448103930565,
    "id_height_center": 0.006043673970525587,
    "top_id_points": 25561,
    "selected_height_min": -0.010410903830354153,
    "selected_height_max": 0.015772423311838462,
    "height_min": -0.22049986800558793,
    "height_mean": -0.14562989124739661,
    "height_max": 0.015772423311838462,
    "height_q50": -0.19555500444017998,
    "height_q70": -0.18981725579533426,
    "height_q80": 0.0017385618237731298,
    "height_q85": 0.004640893727827034,
    "height_q90": 0.006852270694651371,
    "height_q95": 0.011481486290745116,
    "height_q99": 0.014209308046365207,
    "layer_selection": {
      "height_mode": "adaptive",
      "status": "adaptive_ok",
      "adaptive_search_q": 0.6,
      "adaptive_upper_q": 0.995,
      "adaptive_bins": 64,
      "adaptive_min_points": 300,
      "adaptive_chosen_bin": 63,
      "adaptive_bin_count": 4499,
      "adaptive_layer_bin_left": 59,
      "adaptive_layer_bin_right": 63,
      "adaptive_layer_lo": -0.0015338122462322246,
      "adaptive_layer_hi": 0.014745652082963858,
      "adaptive_layer_points": 23720,
      "adaptive_mad": 0.003719773909136315,
      "adaptive_robust_sigma": 0.0055149367976855,
      "id_height_center": 0.006043673970525587,
      "height_band_m": 0.0165448103930565,
      "selected_height_min": -0.010410903830354153,
      "selected_height_max": 0.015772423311838462,
      "selected_points": 25561,
      "selected_ratio": 0.25561
    },
    "plane_estimation": {
      "plane_refine_used": true,
      "coarse_plane_points": 100000,
      "coarse_plane_center": [
        0.23711324525000094,
        6.83026276186008,
        0.16030112935022722
      ],
      "coarse_plane_normal": [
        -0.007665796673864996,
        -0.00954177012110247,
        0.9999250922855726
      ],
      "coarse_id_layer": {
        "height_mode": "adaptive",
        "status": "adaptive_ok",
        "adaptive_search_q": 0.6,
        "adaptive_upper_q": 0.995,
        "adaptive_bins": 64,
        "adaptive_min_points": 300,
        "adaptive_chosen_bin": 63,
        "adaptive_bin_count": 4456,
        "adaptive_layer_bin_left": 59,
        "adaptive_layer_bin_right": 63,
        "adaptive_layer_lo": 0.14451760472447098,
        "adaptive_layer_hi": 0.16081431455375422,
        "adaptive_layer_points": 23134,
        "adaptive_mad": 0.003807999644846932,
        "adaptive_robust_sigma": 0.005645740273450061,
        "id_height_center": 0.15158920085580962,
        "height_band_m": 0.016937220820350183,
        "selected_height_min": 0.13472761858477836,
        "selected_height_max": 0.16187718235603019,
        "selected_points": 25563,
        "selected_ratio": 0.25563
      },
      "plate_support": {
        "plate_status": "ok",
        "plate_lower": -0.05532499741139994,
        "plate_upper": 0.14658920085580962,
        "plate_lo": 0.1434342915078845,
        "plate_hi": 0.14658920085580962,
        "plate_bins": 64,
        "plate_chosen_bin": 63,
        "plate_bin_count": 3367,
        "plate_left_bin": 63,
        "plate_right_bin": 63,
        "plate_points": 3367,
        "plate_min_points": 500,
        "plane_refine_angle_deg": 0.052029554178430686
      }
    }
  }
}