{
  "source_file": "C:\\Users\\gkwld\\Desktop\\3D-Marker-Pose-Estimation\\CAD_to_PointCloud_conversion\\pointnet2\\result\\eval1_real_newmask_height_auto_boxexpand100\\train\\marker_points\\aug_000046_marker.xyz",
  "image_size": 512,
  "point_radius": 2,
  "view_margin": 1.2,
  "plane_fit_q": 0.8,
  "height_mode": "adaptive",
  "top_candidate_q": 0.85,
  "height_band_m": 0.03,
  "basis_mode": "global",
  "plane_refine_enabled": true,
  "flip_x": true,
  "align_2d": false,
  "align_method": "none",
  "color_mode": "raw_z",
  "color_ref": "marker_all_raw_z",
  "invert_jet": false,
  "color_min": 0.10191198,
  "color_max": 0.310834,
  "color_q_min": 0.02,
  "color_q_max": 0.98,
  "plane_center": [
    -6.139555617187508,
    0.30740863802083374,
    0.30951897298177045
  ],
  "plane_normal": [
    -0.005353348250397341,
    -0.009816904337927887,
    0.9999374830706819
  ],
  "marker_origin": [
    -6.139555617187508,
    0.30740863802083374,
    0.30951897298177045
  ],
  "image_u_axis_3d": [
    -0.999985670727591,
    5.2554060723111515e-05,
    -0.0053530902813813215
  ],
  "image_v_axis_3d": [
    0.0,
    0.999951811651587,
    0.009817045009030257
  ],
  "u_min": -0.751503917333969,
  "u_max": 1.2527214294317377,
  "v_min": -1.4487357461157895,
  "v_max": 0.5549326652060904,
  "pixel_size_u_m": 0.003922163105216647,
  "pixel_size_v_m": 0.003921073211980195,
  "back_projection_note": {
    "pixel_to_uv": "u = u_min + px * pixel_size_u_m, v = v_max - py * pixel_size_v_m",
    "flip_x_note": "if flip_x is true, saved uv and image_u_axis_3d are already mirrored, so use the same pixel_to_uv formula",
    "point_on_plane_3d": "marker_origin + u * image_u_axis_3d + v * image_v_axis_3d",
    "direction_3d": "du * image_u_axis_3d + dv * image_v_axis_3d"
  },
  "debug": {
    "total_points": 100000,
    "basis_mode": "global",
    "height_mode": "adaptive",
    "top_candidate_q": 0.85,
    "height_band_m_input": 0.03,
    "height_band_m_used": 0.016509739226959017,
    "id_height_center": 0.00646913544919441,
    "top_id_points": 25850,
    "selected_height_min": -0.010010568456522595,
    "selected_height_max": 0.015616899956773803,
    "height_min": -0.21983184769697364,
    "height_mean": -0.14464648022654125,
    "height_max": 0.015616899956773803,
    "height_q50": -0.19508508608195563,
    "height_q70": -0.18944884245174648,
    "height_q80": 0.0020223867022681613,
    "height_q85": 0.004230791705334552,
    "height_q90": 0.00732630045004507,
    "height_q95": 0.010995883437530742,
    "height_q99": 0.014082828874001788,
    "layer_selection": {
      "height_mode": "adaptive",
      "status": "adaptive_ok",
      "adaptive_search_q": 0.6,
      "adaptive_upper_q": 0.995,
      "adaptive_bins": 64,
      "adaptive_min_points": 300,
      "adaptive_chosen_bin": 63,
      "adaptive_bin_count": 4026,
      "adaptive_layer_bin_left": 59,
      "adaptive_layer_bin_right": 63,
      "adaptive_layer_lo": -0.0016509916667664104,
      "adaptive_layer_hi": 0.014574590486578883,
      "adaptive_layer_points": 24124,
      "adaptive_mad": 0.0037118888499840415,
      "adaptive_robust_sigma": 0.005503246408986339,
      "id_height_center": 0.00646913544919441,
      "height_band_m": 0.016509739226959017,
      "selected_height_min": -0.010010568456522595,
      "selected_height_max": 0.015616899956773803,
      "selected_points": 25850,
      "selected_ratio": 0.2585
    },
    "plane_estimation": {
      "plane_refine_used": true,
      "coarse_plane_points": 100000,
      "coarse_plane_center": [
        -6.384507871750044,
        -0.13939790757999557,
        0.15916552128025035
      ],
      "coarse_plane_normal": [
        -0.005873728707957845,
        -0.009245913559980109,
        0.9999400043960172
      ],
      "coarse_id_layer": {
        "height_mode": "adaptive",
        "status": "adaptive_ok",
        "adaptive_search_q": 0.6,
        "adaptive_upper_q": 0.995,
        "adaptive_bins": 64,
        "adaptive_min_points": 300,
        "adaptive_chosen_bin": 63,
        "adaptive_bin_count": 4364,
        "adaptive_layer_bin_left": 59,
        "adaptive_layer_bin_right": 63,
        "adaptive_layer_lo": 0.14283583617290757,
        "adaptive_layer_hi": 0.1590590644024522,
        "adaptive_layer_points": 24152,
        "adaptive_mad": 0.0036240840245841677,
        "adaptive_robust_sigma": 0.005373066974848487,
        "id_height_center": 0.1509272237520874,
        "height_band_m": 0.01611920092454546,
        "selected_height_min": 0.13482703265201532,
        "selected_height_max": 0.1600856469898421,
        "selected_points": 25845,
        "selected_ratio": 0.25845
      },
      "plate_support": {
        "plate_status": "ok",
        "plate_lower": -0.055358662207477226,
        "plate_upper": 0.1459272237520874,
        "plate_lo": 0.1427821317839692,
        "plate_hi": 0.1459272237520874,
        "plate_bins": 64,
        "plate_chosen_bin": 63,
        "plate_bin_count": 3072,
        "plate_left_bin": 63,
        "plate_right_bin": 63,
        "plate_points": 3072,
        "plate_min_points": 500,
        "plane_refine_angle_deg": 0.044263972127149685
      }
    }
  }
}