{
  "source_file": "C:\\Users\\gkwld\\Desktop\\3D-Marker-Pose-Estimation\\CAD_to_PointCloud_conversion\\pointnet2\\result\\eval1_real_newmask_height_auto_boxexpand100\\train\\marker_points\\aug_000156_marker.xyz",
  "image_size": 512,
  "point_radius": 2,
  "view_margin": 1.2,
  "plane_fit_q": 0.8,
  "height_mode": "adaptive",
  "top_candidate_q": 0.85,
  "height_band_m": 0.03,
  "basis_mode": "global",
  "plane_refine_enabled": true,
  "flip_x": true,
  "align_2d": false,
  "align_method": "none",
  "color_mode": "raw_z",
  "color_ref": "marker_all_raw_z",
  "invert_jet": false,
  "color_min": 0.103443,
  "color_max": 0.312979,
  "color_q_min": 0.02,
  "color_q_max": 0.98,
  "plane_center": [
    1.7705756506857306,
    -7.31596815285435,
    0.31247445756652437
  ],
  "plane_normal": [
    0.002661180839184234,
    0.00351305602926682,
    0.999990288228779
  ],
  "marker_origin": [
    1.7705756506857306,
    -7.31596815285435,
    0.31247445756652437
  ],
  "image_u_axis_3d": [
    -0.9999964590510014,
    9.34891049606207e-06,
    0.0026611644174469027
  ],
  "image_v_axis_3d": [
    -1.694065894510295e-21,
    0.999993829154927,
    -0.0035130684688595834
  ],
  "u_min": -1.2550861643531153,
  "u_max": 1.034605179068355,
  "v_min": -0.9446600248912758,
  "v_max": 1.3534581130367818,
  "pixel_size_u_m": 0.004480804977341429,
  "pixel_size_v_m": 0.004497295768939447,
  "back_projection_note": {
    "pixel_to_uv": "u = u_min + px * pixel_size_u_m, v = v_max - py * pixel_size_v_m",
    "flip_x_note": "if flip_x is true, saved uv and image_u_axis_3d are already mirrored, so use the same pixel_to_uv formula",
    "point_on_plane_3d": "marker_origin + u * image_u_axis_3d + v * image_v_axis_3d",
    "direction_3d": "du * image_u_axis_3d + dv * image_v_axis_3d"
  },
  "debug": {
    "total_points": 100000,
    "basis_mode": "global",
    "height_mode": "adaptive",
    "top_candidate_q": 0.85,
    "height_band_m_input": 0.03,
    "height_band_m_used": 0.015,
    "id_height_center": 0.0009099288842932893,
    "top_id_points": 25598,
    "selected_height_min": -0.012905767090679136,
    "selected_height_max": 0.004439328403437946,
    "height_min": -0.2187739400456058,
    "height_mean": -0.15117237922243168,
    "height_max": 0.004439328403437946,
    "height_q50": -0.20235638124576313,
    "height_q70": -0.20034988520232336,
    "height_q80": -0.0005286144280729848,
    "height_q85": 0.00043889513426787684,
    "height_q90": 0.0011764627094626367,
    "height_q95": 0.003393420406297077,
    "height_q99": 0.004006976219939783,
    "layer_selection": {
      "height_mode": "adaptive",
      "status": "adaptive_ok",
      "adaptive_search_q": 0.6,
      "adaptive_upper_q": 0.995,
      "adaptive_bins": 64,
      "adaptive_min_points": 300,
      "adaptive_chosen_bin": 63,
      "adaptive_bin_count": 11212,
      "adaptive_layer_bin_left": 62,
      "adaptive_layer_bin_right": 63,
      "adaptive_layer_lo": -0.0022837541235185277,
      "adaptive_layer_hi": 0.0041465717545834035,
      "adaptive_layer_points": 22725,
      "adaptive_mad": 0.0010676616350962691,
      "adaptive_robust_sigma": 0.0015829151401937284,
      "id_height_center": 0.0009099288842932893,
      "height_band_m": 0.015,
      "selected_height_min": -0.012905767090679136,
      "selected_height_max": 0.004439328403437946,
      "selected_points": 25598,
      "selected_ratio": 0.25598
    },
    "plane_estimation": {
      "plane_refine_used": true,
      "coarse_plane_points": 100000,
      "coarse_plane_center": [
        1.8760956625299836,
        -7.110267058640061,
        0.160297153130227
      ],
      "coarse_plane_normal": [
        0.0045615712303022785,
        0.010997700191251781,
        0.9999291188161359
      ],
      "coarse_id_layer": {
        "height_mode": "adaptive",
        "status": "adaptive_ok",
        "adaptive_search_q": 0.6,
        "adaptive_upper_q": 0.995,
        "adaptive_bins": 64,
        "adaptive_min_points": 300,
        "adaptive_chosen_bin": 63,
        "adaptive_bin_count": 5113,
        "adaptive_layer_bin_left": 63,
        "adaptive_layer_bin_right": 63,
        "adaptive_layer_lo": 0.15719709602693843,
        "adaptive_layer_hi": 0.16045199450544667,
        "adaptive_layer_points": 5113,
        "adaptive_mad": 0.0007190603199637713,
        "adaptive_robust_sigma": 0.0010660788303782872,
        "id_height_center": 0.15868333574279647,
        "height_band_m": 0.015,
        "selected_height_min": 0.1436960264309706,
        "selected_height_max": 0.16146028305055715,
        "selected_points": 24342,
        "selected_ratio": 0.24342
      },
      "plate_support": {
        "plate_status": "ok",
        "plate_lower": -0.055420735067720155,
        "plate_upper": 0.15368333574279647,
        "plate_lo": 0.1438815824235535,
        "plate_hi": 0.15368333574279647,
        "plate_bins": 64,
        "plate_chosen_bin": 63,
        "plate_bin_count": 7569,
        "plate_left_bin": 61,
        "plate_right_bin": 63,
        "plate_points": 17062,
        "plate_min_points": 500,
        "plane_refine_angle_deg": 0.442460787381459
      }
    }
  }
}