{
  "source_file": "C:\\Users\\gkwld\\Desktop\\3D-Marker-Pose-Estimation\\CAD_to_PointCloud_conversion\\pointnet2\\result\\eval1_real_newmask_height_auto_boxexpand100\\train\\marker_points\\aug_000016_marker.xyz",
  "image_size": 512,
  "point_radius": 2,
  "view_margin": 1.2,
  "plane_fit_q": 0.8,
  "height_mode": "adaptive",
  "top_candidate_q": 0.85,
  "height_band_m": 0.03,
  "basis_mode": "global",
  "plane_refine_enabled": true,
  "flip_x": true,
  "align_2d": false,
  "align_method": "none",
  "color_mode": "raw_z",
  "color_ref": "marker_all_raw_z",
  "invert_jet": false,
  "color_min": 0.10200495999999999,
  "color_max": 0.310834,
  "color_q_min": 0.02,
  "color_q_max": 0.98,
  "plane_center": [
    9.000837399570939,
    4.752838651917411,
    0.3099067237865483
  ],
  "plane_normal": [
    -0.010049265810920367,
    -0.005185616067964428,
    0.9999360587760886
  ],
  "marker_origin": [
    9.000837399570939,
    4.752838651917411,
    0.3099067237865483
  ],
  "image_u_axis_3d": [
    -0.9999495048524509,
    5.211426577778988e-05,
    -0.010049130680881382
  ],
  "image_v_axis_3d": [
    -6.77626357804118e-21,
    0.9999865532436419,
    0.005185877929630471
  ],
  "u_min": -0.5793099821499927,
  "u_max": 1.491438056412377,
  "v_min": -1.2760178989572255,
  "v_max": 0.7948975506725914,
  "pixel_size_u_m": 0.0040523444981651075,
  "pixel_size_v_m": 0.004052672112778506,
  "back_projection_note": {
    "pixel_to_uv": "u = u_min + px * pixel_size_u_m, v = v_max - py * pixel_size_v_m",
    "flip_x_note": "if flip_x is true, saved uv and image_u_axis_3d are already mirrored, so use the same pixel_to_uv formula",
    "point_on_plane_3d": "marker_origin + u * image_u_axis_3d + v * image_v_axis_3d",
    "direction_3d": "du * image_u_axis_3d + dv * image_v_axis_3d"
  },
  "debug": {
    "total_points": 100000,
    "basis_mode": "global",
    "height_mode": "adaptive",
    "top_candidate_q": 0.85,
    "height_band_m_input": 0.03,
    "height_band_m_used": 0.01673403097529055,
    "id_height_center": 0.006145339756218952,
    "top_id_points": 25671,
    "selected_height_min": -0.01058195358408244,
    "selected_height_max": 0.015409345370217943,
    "height_min": -0.22023116579477472,
    "height_mean": -0.14528924927159587,
    "height_max": 0.015409345370217943,
    "height_q50": -0.19537896152316567,
    "height_q70": -0.18976078956512518,
    "height_q80": 0.0016143777067796695,
    "height_q85": 0.003772899594531771,
    "height_q90": 0.0069642185692519445,
    "height_q95": 0.010648063882943046,
    "height_q99": 0.01384427137399905,
    "layer_selection": {
      "height_mode": "adaptive",
      "status": "adaptive_ok",
      "adaptive_search_q": 0.6,
      "adaptive_upper_q": 0.995,
      "adaptive_bins": 64,
      "adaptive_min_points": 300,
      "adaptive_chosen_bin": 63,
      "adaptive_bin_count": 3993,
      "adaptive_layer_bin_left": 59,
      "adaptive_layer_bin_right": 63,
      "adaptive_layer_lo": -0.001940052675197923,
      "adaptive_layer_hi": 0.014283697847059377,
      "adaptive_layer_points": 23978,
      "adaptive_mad": 0.0037623164205428643,
      "adaptive_robust_sigma": 0.00557801032509685,
      "id_height_center": 0.006145339756218952,
      "height_band_m": 0.01673403097529055,
      "selected_height_min": -0.01058195358408244,
      "selected_height_max": 0.015409345370217943,
      "selected_points": 25671,
      "selected_ratio": 0.25671
    },
    "plane_estimation": {
      "plane_refine_used": true,
      "coarse_plane_points": 100000,
      "coarse_plane_center": [
        8.550283536960036,
        4.510482470370021,
        0.1588233124202498
      ],
      "coarse_plane_normal": [
        -0.01132837775038178,
        -0.004964882800521572,
        0.9999235059714927
      ],
      "coarse_id_layer": {
        "height_mode": "adaptive",
        "status": "adaptive_ok",
        "adaptive_search_q": 0.6,
        "adaptive_upper_q": 0.995,
        "adaptive_bins": 64,
        "adaptive_min_points": 300,
        "adaptive_chosen_bin": 63,
        "adaptive_bin_count": 3881,
        "adaptive_layer_bin_left": 58,
        "adaptive_layer_bin_right": 63,
        "adaptive_layer_lo": 0.14078585475677108,
        "adaptive_layer_hi": 0.16028931103016592,
        "adaptive_layer_points": 24423,
        "adaptive_mad": 0.004095704708072134,
        "adaptive_robust_sigma": 0.0060722918001877456,
        "id_height_center": 0.15111215876781867,
        "height_band_m": 0.018216875400563236,
        "selected_height_min": 0.13296382877718574,
        "selected_height_max": 0.16150586551752152,
        "selected_points": 25713,
        "selected_ratio": 0.25713
      },
      "plate_support": {
        "plate_status": "ok",
        "plate_lower": -0.05527299538373402,
        "plate_upper": 0.14611215876781866,
        "plate_lo": 0.14296551573420063,
        "plate_hi": 0.14611215876781866,
        "plate_bins": 64,
        "plate_chosen_bin": 63,
        "plate_bin_count": 3729,
        "plate_left_bin": 63,
        "plate_right_bin": 63,
        "plate_points": 3729,
        "plate_min_points": 500,
        "plane_refine_angle_deg": 0.0743745198559046
      }
    }
  }
}