{
  "source_file": "C:\\Users\\gkwld\\Desktop\\3D-Marker-Pose-Estimation\\CAD_to_PointCloud_conversion\\pointnet2\\result\\eval1_real_newmask_height_auto_boxexpand100\\train\\marker_points\\aug_000167_marker.xyz",
  "image_size": 512,
  "point_radius": 2,
  "view_margin": 1.2,
  "plane_fit_q": 0.8,
  "height_mode": "adaptive",
  "top_candidate_q": 0.85,
  "height_band_m": 0.03,
  "basis_mode": "global",
  "plane_refine_enabled": true,
  "flip_x": true,
  "align_2d": false,
  "align_method": "none",
  "color_mode": "raw_z",
  "color_ref": "marker_all_raw_z",
  "invert_jet": false,
  "color_min": 0.103338,
  "color_max": 0.312979,
  "color_q_min": 0.02,
  "color_q_max": 0.98,
  "plane_center": [
    8.547244302274441,
    -3.026847965711553,
    0.3125852514257821
  ],
  "plane_normal": [
    -0.00297625218317641,
    -0.0041296786845484495,
    0.9999870437535202
  ],
  "marker_origin": [
    8.547244302274441,
    -3.026847965711553,
    0.3125852514257821
  ],
  "image_u_axis_3d": [
    -0.9999955709506629,
    1.2291019638212209e-05,
    -0.0029762268039689403
  ],
  "image_v_axis_3d": [
    -1.6940658945102945e-21,
    0.9999914727640898,
    0.004129696975175971
  ],
  "u_min": -1.0236006333105228,
  "u_max": 1.261341373729433,
  "v_min": -1.323410159874042,
  "v_max": 0.9632653695002591,
  "pixel_size_u_m": 0.004471510776986215,
  "pixel_size_v_m": 0.004474903188599415,
  "back_projection_note": {
    "pixel_to_uv": "u = u_min + px * pixel_size_u_m, v = v_max - py * pixel_size_v_m",
    "flip_x_note": "if flip_x is true, saved uv and image_u_axis_3d are already mirrored, so use the same pixel_to_uv formula",
    "point_on_plane_3d": "marker_origin + u * image_u_axis_3d + v * image_v_axis_3d",
    "direction_3d": "du * image_u_axis_3d + dv * image_v_axis_3d"
  },
  "debug": {
    "total_points": 100000,
    "basis_mode": "global",
    "height_mode": "adaptive",
    "top_candidate_q": 0.85,
    "height_band_m_input": 0.03,
    "height_band_m_used": 0.015,
    "id_height_center": 0.0008532266934506337,
    "top_id_points": 25700,
    "selected_height_min": -0.013343601212007727,
    "selected_height_max": 0.005002494237957585,
    "height_min": -0.21946569328022147,
    "height_mean": -0.1509996085697144,
    "height_max": 0.005002494237957585,
    "height_q50": -0.20222807402783977,
    "height_q70": -0.19983859418671737,
    "height_q80": -0.0008806874709347312,
    "height_q85": 0.00034315344968349466,
    "height_q90": 0.0011189754070909763,
    "height_q95": 0.0036835775172892955,
    "height_q99": 0.004426458714075389,
    "layer_selection": {
      "height_mode": "adaptive",
      "status": "adaptive_ok",
      "adaptive_search_q": 0.6,
      "adaptive_upper_q": 0.995,
      "adaptive_bins": 64,
      "adaptive_min_points": 300,
      "adaptive_chosen_bin": 63,
      "adaptive_bin_count": 7904,
      "adaptive_layer_bin_left": 62,
      "adaptive_layer_bin_right": 63,
      "adaptive_layer_lo": -0.001846047147908647,
      "adaptive_layer_hi": 0.0045916997621327366,
      "adaptive_layer_points": 22519,
      "adaptive_mad": 0.0012894487571228444,
      "adaptive_robust_sigma": 0.001911736727310329,
      "id_height_center": 0.0008532266934506337,
      "height_band_m": 0.015,
      "selected_height_min": -0.013343601212007727,
      "selected_height_max": 0.005002494237957585,
      "selected_points": 25700,
      "selected_ratio": 0.257
    },
    "plane_estimation": {
      "plane_refine_used": true,
      "coarse_plane_points": 100000,
      "coarse_plane_center": [
        8.433162953100037,
        -3.2074481752399833,
        0.1604983166802273
      ],
      "coarse_plane_normal": [
        -0.0040529950262087775,
        -0.009818602838930721,
        0.9999435825423398
      ],
      "coarse_id_layer": {
        "height_mode": "adaptive",
        "status": "adaptive_ok",
        "adaptive_search_q": 0.6,
        "adaptive_upper_q": 0.995,
        "adaptive_bins": 64,
        "adaptive_min_points": 300,
        "adaptive_chosen_bin": 63,
        "adaptive_bin_count": 5559,
        "adaptive_layer_bin_left": 63,
        "adaptive_layer_bin_right": 63,
        "adaptive_layer_lo": 0.1561647502554185,
        "adaptive_layer_hi": 0.15941347016006072,
        "adaptive_layer_points": 5559,
        "adaptive_mad": 0.0007377367040964089,
        "adaptive_robust_sigma": 0.0010937684374933358,
        "id_height_center": 0.15773187366072108,
        "height_band_m": 0.015,
        "selected_height_min": 0.14273657743500398,
        "selected_height_max": 0.16046090985573605,
        "selected_points": 24687,
        "selected_ratio": 0.24687
      },
      "plate_support": {
        "plate_status": "ok",
        "plate_lower": -0.05523354689251587,
        "plate_upper": 0.15273187366072108,
        "plate_lo": 0.1462329542684324,
        "plate_hi": 0.15273187366072108,
        "plate_bins": 64,
        "plate_chosen_bin": 63,
        "plate_bin_count": 8369,
        "plate_left_bin": 62,
        "plate_right_bin": 63,
        "plate_points": 14553,
        "plate_min_points": 500,
        "plane_refine_angle_deg": 0.33174810352057965
      }
    }
  }
}