{
  "source_file": "C:\\Users\\gkwld\\Desktop\\3D-Marker-Pose-Estimation\\CAD_to_PointCloud_conversion\\pointnet2\\result\\eval1_real_newmask_height_auto_boxexpand100\\train\\marker_points\\aug_000042_marker.xyz",
  "image_size": 512,
  "point_radius": 2,
  "view_margin": 1.2,
  "plane_fit_q": 0.8,
  "height_mode": "adaptive",
  "top_candidate_q": 0.85,
  "height_band_m": 0.03,
  "basis_mode": "global",
  "plane_refine_enabled": true,
  "flip_x": true,
  "align_2d": false,
  "align_method": "none",
  "color_mode": "raw_z",
  "color_ref": "marker_all_raw_z",
  "invert_jet": false,
  "color_min": 0.1020029,
  "color_max": 0.310834,
  "color_q_min": 0.02,
  "color_q_max": 0.98,
  "plane_center": [
    -6.349386039890697,
    9.84853274125683,
    0.309713639071047
  ],
  "plane_normal": [
    0.0017529038998056693,
    -0.010892478490606672,
    0.9999391387670801
  ],
  "marker_origin": [
    -6.349386039890697,
    9.84853274125683,
    0.309713639071047
  ],
  "image_u_axis_3d": [
    -0.9999984636617788,
    -1.9093497358765387e-05,
    0.0017527999088031252
  ],
  "image_v_axis_3d": [
    0.0,
    0.999940675013158,
    0.010892495225152518
  ],
  "u_min": -1.2145978364715182,
  "u_max": 1.083288085798443,
  "v_min": -1.6572382962035568,
  "v_max": 0.6412781279222202,
  "pixel_size_u_m": 0.004496841335166265,
  "pixel_size_v_m": 0.004498075193983908,
  "back_projection_note": {
    "pixel_to_uv": "u = u_min + px * pixel_size_u_m, v = v_max - py * pixel_size_v_m",
    "flip_x_note": "if flip_x is true, saved uv and image_u_axis_3d are already mirrored, so use the same pixel_to_uv formula",
    "point_on_plane_3d": "marker_origin + u * image_u_axis_3d + v * image_v_axis_3d",
    "direction_3d": "du * image_u_axis_3d + dv * image_v_axis_3d"
  },
  "debug": {
    "total_points": 100000,
    "basis_mode": "global",
    "height_mode": "adaptive",
    "top_candidate_q": 0.85,
    "height_band_m_input": 0.03,
    "height_band_m_used": 0.01639172801881372,
    "id_height_center": 0.006299642760034963,
    "top_id_points": 25893,
    "selected_height_min": -0.010088456179629952,
    "selected_height_max": 0.015218477485386975,
    "height_min": -0.21995905298246007,
    "height_mean": -0.14480311703045023,
    "height_max": 0.015218477485386975,
    "height_q50": -0.19536000322042774,
    "height_q70": -0.18985568817670795,
    "height_q80": 0.0017607670474090373,
    "height_q85": 0.0038805128035857674,
    "height_q90": 0.007155260911107426,
    "height_q95": 0.01059061408985396,
    "height_q99": 0.013728292100847585,
    "layer_selection": {
      "height_mode": "adaptive",
      "status": "adaptive_ok",
      "adaptive_search_q": 0.6,
      "adaptive_upper_q": 0.995,
      "adaptive_bins": 64,
      "adaptive_min_points": 300,
      "adaptive_chosen_bin": 63,
      "adaptive_bin_count": 3996,
      "adaptive_layer_bin_left": 59,
      "adaptive_layer_bin_right": 63,
      "adaptive_layer_lo": -0.0020056413554654373,
      "adaptive_layer_hi": 0.014211207483738265,
      "adaptive_layer_points": 24186,
      "adaptive_mad": 0.00368535636018115,
      "adaptive_robust_sigma": 0.005463909339604573,
      "id_height_center": 0.006299642760034963,
      "height_band_m": 0.01639172801881372,
      "selected_height_min": -0.010088456179629952,
      "selected_height_max": 0.015218477485386975,
      "selected_points": 25893,
      "selected_ratio": 0.25893
    },
    "plane_estimation": {
      "plane_refine_used": true,
      "coarse_plane_points": 100000,
      "coarse_plane_center": [
        -6.280272351550069,
        9.343068702230124,
        0.1592744603002513
      ],
      "coarse_plane_normal": [
        0.0009913678387133802,
        -0.011503937245245498,
        0.9999333360857943
      ],
      "coarse_id_layer": {
        "height_mode": "adaptive",
        "status": "adaptive_ok",
        "adaptive_search_q": 0.6,
        "adaptive_upper_q": 0.995,
        "adaptive_bins": 64,
        "adaptive_min_points": 300,
        "adaptive_chosen_bin": 63,
        "adaptive_bin_count": 4050,
        "adaptive_layer_bin_left": 59,
        "adaptive_layer_bin_right": 63,
        "adaptive_layer_lo": 0.14313828826468264,
        "adaptive_layer_hi": 0.15937479304058333,
        "adaptive_layer_points": 23995,
        "adaptive_mad": 0.003842068307308877,
        "adaptive_robust_sigma": 0.005696250472416141,
        "id_height_center": 0.15087503709999456,
        "height_band_m": 0.017088751417248423,
        "selected_height_min": 0.1338736600047731,
        "selected_height_max": 0.16043303997476832,
        "selected_points": 25915,
        "selected_ratio": 0.25915
      },
      "plate_support": {
        "plate_status": "ok",
        "plate_lower": -0.05552570192160524,
        "plate_upper": 0.14587503709999455,
        "plate_lo": 0.14272815055278207,
        "plate_hi": 0.14587503709999455,
        "plate_bins": 64,
        "plate_chosen_bin": 63,
        "plate_bin_count": 3660,
        "plate_left_bin": 63,
        "plate_right_bin": 63,
        "plate_points": 3660,
        "plate_min_points": 500,
        "plane_refine_angle_deg": 0.05595826054048121
      }
    }
  }
}