{
  "source_file": "C:\\Users\\gkwld\\Desktop\\3D-Marker-Pose-Estimation\\CAD_to_PointCloud_conversion\\pointnet2\\result\\eval1_real_newmask_height_auto_boxexpand100\\train\\marker_points\\aug_000164_marker.xyz",
  "image_size": 512,
  "point_radius": 2,
  "view_margin": 1.2,
  "plane_fit_q": 0.8,
  "height_mode": "adaptive",
  "top_candidate_q": 0.85,
  "height_band_m": 0.03,
  "basis_mode": "global",
  "plane_refine_enabled": true,
  "flip_x": true,
  "align_2d": false,
  "align_method": "none",
  "color_mode": "raw_z",
  "color_ref": "marker_all_raw_z",
  "invert_jet": false,
  "color_min": 0.102904,
  "color_max": 0.312979,
  "color_q_min": 0.02,
  "color_q_max": 0.98,
  "plane_center": [
    -5.901207813377671,
    -5.2059052427937935,
    0.3114676123429514
  ],
  "plane_normal": [
    -0.004251769139996512,
    0.010615590071091875,
    0.9999346137146282
  ],
  "marker_origin": [
    -5.901207813377671,
    -5.2059052427937935,
    0.3114676123429514
  ],
  "image_u_axis_3d": [
    -0.9999909611877401,
    -4.513544623785635e-05,
    -0.004251529561375209
  ],
  "image_v_axis_3d": [
    0.0,
    0.9999436520165694,
    -0.010615686024274243
  ],
  "u_min": -0.7935995279422907,
  "u_max": 1.2543540735876895,
  "v_min": -0.5694896975796402,
  "v_max": 1.4786972656032078,
  "pixel_size_u_m": 0.00400773698929546,
  "pixel_size_v_m": 0.004008193665719859,
  "back_projection_note": {
    "pixel_to_uv": "u = u_min + px * pixel_size_u_m, v = v_max - py * pixel_size_v_m",
    "flip_x_note": "if flip_x is true, saved uv and image_u_axis_3d are already mirrored, so use the same pixel_to_uv formula",
    "point_on_plane_3d": "marker_origin + u * image_u_axis_3d + v * image_v_axis_3d",
    "direction_3d": "du * image_u_axis_3d + dv * image_v_axis_3d"
  },
  "debug": {
    "total_points": 100000,
    "basis_mode": "global",
    "height_mode": "adaptive",
    "top_candidate_q": 0.85,
    "height_band_m_input": 0.03,
    "height_band_m_used": 0.01641986443559417,
    "id_height_center": 0.006390991531355828,
    "top_id_points": 25728,
    "selected_height_min": -0.009875669513250493,
    "selected_height_max": 0.01607067973292045,
    "height_min": -0.22017448714266508,
    "height_mean": -0.1450045565336412,
    "height_max": 0.01607067973292045,
    "height_q50": -0.1952764354723013,
    "height_q70": -0.18946686942906057,
    "height_q80": 0.0021862054433369835,
    "height_q85": 0.004969356702540434,
    "height_q90": 0.007235102688250016,
    "height_q95": 0.011683826985454277,
    "height_q99": 0.014460173155180313,
    "layer_selection": {
      "height_mode": "adaptive",
      "status": "adaptive_ok",
      "adaptive_search_q": 0.6,
      "adaptive_upper_q": 0.995,
      "adaptive_bins": 64,
      "adaptive_min_points": 300,
      "adaptive_chosen_bin": 63,
      "adaptive_bin_count": 4471,
      "adaptive_layer_bin_left": 59,
      "adaptive_layer_bin_right": 63,
      "adaptive_layer_lo": -0.0013134630963871352,
      "adaptive_layer_hi": 0.014957147003291827,
      "adaptive_layer_points": 23952,
      "adaptive_mad": 0.003691682277888882,
      "adaptive_robust_sigma": 0.0054732881451980565,
      "id_height_center": 0.006390991531355828,
      "height_band_m": 0.01641986443559417,
      "selected_height_min": -0.009875669513250493,
      "selected_height_max": 0.01607067973292045,
      "selected_points": 25728,
      "selected_ratio": 0.25728
    },
    "plane_estimation": {
      "plane_refine_used": true,
      "coarse_plane_points": 100000,
      "coarse_plane_center": [
        -6.133989940829958,
        -4.750984839389979,
        0.16063420899022632
      ],
      "coarse_plane_normal": [
        -0.003705508848511506,
        0.010647235742010548,
        0.9999364507673613
      ],
      "coarse_id_layer": {
        "height_mode": "adaptive",
        "status": "adaptive_ok",
        "adaptive_search_q": 0.6,
        "adaptive_upper_q": 0.995,
        "adaptive_bins": 64,
        "adaptive_min_points": 300,
        "adaptive_chosen_bin": 63,
        "adaptive_bin_count": 4781,
        "adaptive_layer_bin_left": 59,
        "adaptive_layer_bin_right": 63,
        "adaptive_layer_lo": 0.14353904878726517,
        "adaptive_layer_hi": 0.15980418309443278,
        "adaptive_layer_points": 24005,
        "adaptive_mad": 0.0035637193012369173,
        "adaptive_robust_sigma": 0.005283570236013853,
        "id_height_center": 0.15125921486782803,
        "height_band_m": 0.01585071070804156,
        "selected_height_min": 0.13541947817970285,
        "selected_height_max": 0.16090101075322427,
        "selected_points": 25723,
        "selected_ratio": 0.25723
      },
      "plate_support": {
        "plate_status": "ok",
        "plate_lower": -0.05537089034809328,
        "plate_upper": 0.14625921486782803,
        "plate_lo": 0.14310874447382926,
        "plate_hi": 0.14625921486782803,
        "plate_bins": 64,
        "plate_chosen_bin": 63,
        "plate_bin_count": 2706,
        "plate_left_bin": 63,
        "plate_right_bin": 63,
        "plate_points": 2706,
        "plate_min_points": 500,
        "plane_refine_angle_deg": 0.03135127136279492
      }
    }
  }
}