{
  "source_file": "C:\\Users\\gkwld\\Desktop\\3D-Marker-Pose-Estimation\\CAD_to_PointCloud_conversion\\pointnet2\\result\\eval1_real_newmask_height_auto_boxexpand100\\train\\marker_points\\aug_000120_marker.xyz",
  "image_size": 512,
  "point_radius": 2,
  "view_margin": 1.2,
  "plane_fit_q": 0.8,
  "height_mode": "adaptive",
  "top_candidate_q": 0.85,
  "height_band_m": 0.03,
  "basis_mode": "global",
  "plane_refine_enabled": true,
  "flip_x": true,
  "align_2d": false,
  "align_method": "none",
  "color_mode": "raw_z",
  "color_ref": "marker_all_raw_z",
  "invert_jet": false,
  "color_min": 0.103264,
  "color_max": 0.312979,
  "color_q_min": 0.02,
  "color_q_max": 0.98,
  "plane_center": [
    0.8042941672510541,
    -9.790685366830283,
    0.31257194740528377
  ],
  "plane_normal": [
    0.003626634705867298,
    -0.004141048254837543,
    0.9999848495042619
  ],
  "marker_origin": [
    0.8042941672510541,
    -9.790685366830283,
    0.31257194740528377
  ],
  "image_u_axis_3d": [
    -0.9999934237377316,
    -1.501816808304711e-05,
    0.003626603610042874
  ],
  "image_v_axis_3d": [
    1.694065894510295e-21,
    0.9999914257091437,
    0.004141075487631883
  ],
  "u_min": -1.1865005551228052,
  "u_max": 0.9496572256326362,
  "v_min": -1.2197999692533323,
  "v_max": 0.9139252809968061,
  "pixel_size_u_m": 0.004180347907544895,
  "pixel_size_v_m": 0.004175587573875026,
  "back_projection_note": {
    "pixel_to_uv": "u = u_min + px * pixel_size_u_m, v = v_max - py * pixel_size_v_m",
    "flip_x_note": "if flip_x is true, saved uv and image_u_axis_3d are already mirrored, so use the same pixel_to_uv formula",
    "point_on_plane_3d": "marker_origin + u * image_u_axis_3d + v * image_v_axis_3d",
    "direction_3d": "du * image_u_axis_3d + dv * image_v_axis_3d"
  },
  "debug": {
    "total_points": 100000,
    "basis_mode": "global",
    "height_mode": "adaptive",
    "top_candidate_q": 0.85,
    "height_band_m_input": 0.03,
    "height_band_m_used": 0.015,
    "id_height_center": 0.0008562026493365766,
    "top_id_points": 25692,
    "selected_height_min": -0.013658638831889466,
    "selected_height_max": 0.0052785295855159965,
    "height_min": -0.21983673439867438,
    "height_mean": -0.15105115830859742,
    "height_max": 0.0052785295855159965,
    "height_q50": -0.20216061588082043,
    "height_q70": -0.19959356724933416,
    "height_q80": -0.0010825691470615366,
    "height_q85": 0.00022101302528898607,
    "height_q90": 0.0010572026119119561,
    "height_q95": 0.003818076186306443,
    "height_q99": 0.0046486432145832505,
    "layer_selection": {
      "height_mode": "adaptive",
      "status": "adaptive_ok",
      "adaptive_search_q": 0.6,
      "adaptive_upper_q": 0.995,
      "adaptive_bins": 64,
      "adaptive_min_points": 300,
      "adaptive_chosen_bin": 63,
      "adaptive_bin_count": 6940,
      "adaptive_layer_bin_left": 62,
      "adaptive_layer_bin_right": 63,
      "adaptive_layer_lo": -0.0015903508625565999,
      "adaptive_layer_hi": 0.004851941242294594,
      "adaptive_layer_points": 21380,
      "adaptive_mad": 0.0012869111543497393,
      "adaptive_robust_sigma": 0.0019079744774389235,
      "id_height_center": 0.0008562026493365766,
      "height_band_m": 0.015,
      "selected_height_min": -0.013658638831889466,
      "selected_height_max": 0.0052785295855159965,
      "selected_points": 25692,
      "selected_ratio": 0.25692
    },
    "plane_estimation": {
      "plane_refine_used": true,
      "coarse_plane_points": 100000,
      "coarse_plane_center": [
        0.923915246919992,
        -9.938725733549857,
        0.16047162044022684
      ],
      "coarse_plane_normal": [
        0.009075755781654735,
        -0.006464899676284804,
        0.9999379159363683
      ],
      "coarse_id_layer": {
        "height_mode": "adaptive",
        "status": "adaptive_ok",
        "adaptive_search_q": 0.6,
        "adaptive_upper_q": 0.995,
        "adaptive_bins": 64,
        "adaptive_min_points": 300,
        "adaptive_chosen_bin": 63,
        "adaptive_bin_count": 5164,
        "adaptive_layer_bin_left": 63,
        "adaptive_layer_bin_right": 63,
        "adaptive_layer_lo": 0.1565934496778626,
        "adaptive_layer_hi": 0.15984613969628547,
        "adaptive_layer_points": 5164,
        "adaptive_mad": 0.0007435534028484986,
        "adaptive_robust_sigma": 0.001102392275063184,
        "id_height_center": 0.15806670532451988,
        "height_band_m": 0.015,
        "selected_height_min": 0.14307847100178012,
        "selected_height_max": 0.16089187351055054,
        "selected_points": 24567,
        "selected_ratio": 0.24567
      },
      "plate_support": {
        "plate_status": "ok",
        "plate_lower": -0.05531998558626691,
        "plate_upper": 0.15306670532451988,
        "plate_lo": 0.14655462123355778,
        "plate_hi": 0.15306670532451988,
        "plate_bins": 64,
        "plate_chosen_bin": 63,
        "plate_bin_count": 8324,
        "plate_left_bin": 62,
        "plate_right_bin": 63,
        "plate_points": 14260,
        "plate_min_points": 500,
        "plane_refine_angle_deg": 0.3394286089540393
      }
    }
  }
}