{
  "source_file": "C:\\Users\\gkwld\\Desktop\\3D-Marker-Pose-Estimation\\CAD_to_PointCloud_conversion\\pointnet2\\result\\eval1_real_newmask_height_auto_boxexpand100\\train\\marker_points\\aug_000012_marker.xyz",
  "image_size": 512,
  "point_radius": 2,
  "view_margin": 1.2,
  "plane_fit_q": 0.8,
  "height_mode": "adaptive",
  "top_candidate_q": 0.85,
  "height_band_m": 0.03,
  "basis_mode": "global",
  "plane_refine_enabled": true,
  "flip_x": true,
  "align_2d": false,
  "align_method": "none",
  "color_mode": "raw_z",
  "color_ref": "marker_all_raw_z",
  "invert_jet": false,
  "color_min": 0.10182,
  "color_max": 0.310834,
  "color_q_min": 0.02,
  "color_q_max": 0.98,
  "plane_center": [
    7.416854064190168,
    10.045357306389292,
    0.309681174442794
  ],
  "plane_normal": [
    -0.0003351952434740763,
    -0.010876998610469948,
    0.9999407875186294
  ],
  "marker_origin": [
    7.416854064190168,
    10.045357306389292,
    0.309681174442794
  ],
  "image_u_axis_3d": [
    -0.9999999438210728,
    3.645918402320156e-06,
    -0.00033517541456109146
  ],
  "image_v_axis_3d": [
    -8.470329472551474e-22,
    0.9999408436932332,
    0.01087699922151722
  ],
  "u_min": -1.1147712838526522,
  "u_max": 1.1869001538045039,
  "v_min": -1.663101146184907,
  "v_max": 0.6373714782750466,
  "pixel_size_u_m": 0.004504249388761558,
  "pixel_size_v_m": 0.004501903374677013,
  "back_projection_note": {
    "pixel_to_uv": "u = u_min + px * pixel_size_u_m, v = v_max - py * pixel_size_v_m",
    "flip_x_note": "if flip_x is true, saved uv and image_u_axis_3d are already mirrored, so use the same pixel_to_uv formula",
    "point_on_plane_3d": "marker_origin + u * image_u_axis_3d + v * image_v_axis_3d",
    "direction_3d": "du * image_u_axis_3d + dv * image_v_axis_3d"
  },
  "debug": {
    "total_points": 100000,
    "basis_mode": "global",
    "height_mode": "adaptive",
    "top_candidate_q": 0.85,
    "height_band_m_input": 0.03,
    "height_band_m_used": 0.016118195884601148,
    "id_height_center": 0.006311406265787236,
    "top_id_points": 26043,
    "selected_height_min": -0.009794251025346852,
    "selected_height_max": 0.0150788305579764,
    "height_min": -0.21984347026329906,
    "height_mean": -0.14443593201228352,
    "height_max": 0.0150788305579764,
    "height_q50": -0.19535737905533057,
    "height_q70": -0.18977905528820857,
    "height_q80": 0.0019246411494006235,
    "height_q85": 0.004203678542110925,
    "height_q90": 0.00715454888586637,
    "height_q95": 0.01053854176875372,
    "height_q99": 0.01363680928321422,
    "layer_selection": {
      "height_mode": "adaptive",
      "status": "adaptive_ok",
      "adaptive_search_q": 0.6,
      "adaptive_upper_q": 0.995,
      "adaptive_bins": 64,
      "adaptive_min_points": 300,
      "adaptive_chosen_bin": 63,
      "adaptive_bin_count": 4088,
      "adaptive_layer_bin_left": 59,
      "adaptive_layer_bin_right": 63,
      "adaptive_layer_lo": -0.002127643427835363,
      "adaptive_layer_hi": 0.014081018671127174,
      "adaptive_layer_points": 24427,
      "adaptive_mad": 0.0036238580611990534,
      "adaptive_robust_sigma": 0.005372731961533716,
      "id_height_center": 0.006311406265787236,
      "height_band_m": 0.016118195884601148,
      "selected_height_min": -0.009794251025346852,
      "selected_height_max": 0.0150788305579764,
      "selected_points": 26043,
      "selected_ratio": 0.26043
    },
    "plane_estimation": {
      "plane_refine_used": true,
      "coarse_plane_points": 100000,
      "coarse_plane_center": [
        7.386709443150133,
        9.53275633809007,
        0.159650694400249
      ],
      "coarse_plane_normal": [
        -0.0011850046193927362,
        -0.01113300804758109,
        0.9999373239827908
      ],
      "coarse_id_layer": {
        "height_mode": "adaptive",
        "status": "adaptive_ok",
        "adaptive_search_q": 0.6,
        "adaptive_upper_q": 0.995,
        "adaptive_bins": 64,
        "adaptive_min_points": 300,
        "adaptive_chosen_bin": 63,
        "adaptive_bin_count": 4219,
        "adaptive_layer_bin_left": 59,
        "adaptive_layer_bin_right": 63,
        "adaptive_layer_lo": 0.14252267118681933,
        "adaptive_layer_hi": 0.15874551496382588,
        "adaptive_layer_points": 24365,
        "adaptive_mad": 0.0037245712858542668,
        "adaptive_robust_sigma": 0.0055220493884075355,
        "id_height_center": 0.15052583212535608,
        "height_band_m": 0.016566148165222606,
        "selected_height_min": 0.13398661871032994,
        "selected_height_max": 0.15977201251035633,
        "selected_points": 26072,
        "selected_ratio": 0.26072
      },
      "plate_support": {
        "plate_status": "ok",
        "plate_lower": -0.05586138697240244,
        "plate_upper": 0.14552583212535608,
        "plate_lo": 0.1423791568269536,
        "plate_hi": 0.14552583212535608,
        "plate_bins": 64,
        "plate_chosen_bin": 63,
        "plate_bin_count": 3365,
        "plate_left_bin": 63,
        "plate_right_bin": 63,
        "plate_points": 3365,
        "plate_min_points": 500,
        "plane_refine_angle_deg": 0.050852477011863614
      }
    }
  }
}