{
  "source_file": "C:\\Users\\gkwld\\Desktop\\3D-Marker-Pose-Estimation\\CAD_to_PointCloud_conversion\\pointnet2\\result\\eval1_real_newmask_height_auto_boxexpand100\\train\\marker_points\\aug_000194_marker.xyz",
  "image_size": 512,
  "point_radius": 2,
  "view_margin": 1.2,
  "plane_fit_q": 0.8,
  "height_mode": "adaptive",
  "top_candidate_q": 0.85,
  "height_band_m": 0.03,
  "basis_mode": "global",
  "plane_refine_enabled": true,
  "flip_x": true,
  "align_2d": false,
  "align_method": "none",
  "color_mode": "raw_z",
  "color_ref": "marker_all_raw_z",
  "invert_jet": false,
  "color_min": 0.10319787999999999,
  "color_max": 0.312979,
  "color_q_min": 0.02,
  "color_q_max": 0.98,
  "plane_center": [
    7.270916294207286,
    1.2175520657566417,
    0.3125837342017311
  ],
  "plane_normal": [
    -0.0015046593440893158,
    0.005131969435157679,
    0.9999856993417331
  ],
  "marker_origin": [
    7.270916294207286,
    1.2175520657566417,
    0.3125837342017311
  ],
  "image_u_axis_3d": [
    -0.9999988679984885,
    -7.72187450534894e-06,
    -0.0015046395297214406
  ],
  "image_v_axis_3d": [
    -1.6940658945102945e-21,
    0.9999868313273377,
    -0.005131975244556281
  ],
  "u_min": -0.8074902458626552,
  "u_max": 0.8927630532519226,
  "v_min": -0.665742297671789,
  "v_max": 1.0345114101847195,
  "pixel_size_u_m": 0.003327305869108763,
  "pixel_size_v_m": 0.0033273066689951244,
  "back_projection_note": {
    "pixel_to_uv": "u = u_min + px * pixel_size_u_m, v = v_max - py * pixel_size_v_m",
    "flip_x_note": "if flip_x is true, saved uv and image_u_axis_3d are already mirrored, so use the same pixel_to_uv formula",
    "point_on_plane_3d": "marker_origin + u * image_u_axis_3d + v * image_v_axis_3d",
    "direction_3d": "du * image_u_axis_3d + dv * image_v_axis_3d"
  },
  "debug": {
    "total_points": 100000,
    "basis_mode": "global",
    "height_mode": "adaptive",
    "top_candidate_q": 0.85,
    "height_band_m_input": 0.03,
    "height_band_m_used": 0.015,
    "id_height_center": 0.000784396400321442,
    "top_id_points": 25890,
    "selected_height_min": -0.01359776881640367,
    "selected_height_max": 0.00509338639471401,
    "height_min": -0.21975405179574428,
    "height_mean": -0.15070017298590804,
    "height_max": 0.00509338639471401,
    "height_q50": -0.2022389516937551,
    "height_q70": -0.19969901640002913,
    "height_q80": -0.0010351106557038524,
    "height_q85": 0.00020970513090710853,
    "height_q90": 0.001017718246052023,
    "height_q95": 0.0037147738816005805,
    "height_q99": 0.004497460304255472,
    "layer_selection": {
      "height_mode": "adaptive",
      "status": "adaptive_ok",
      "adaptive_search_q": 0.6,
      "adaptive_upper_q": 0.995,
      "adaptive_bins": 64,
      "adaptive_min_points": 300,
      "adaptive_chosen_bin": 63,
      "adaptive_bin_count": 7194,
      "adaptive_layer_bin_left": 62,
      "adaptive_layer_bin_right": 63,
      "adaptive_layer_lo": -0.0017535281797588231,
      "adaptive_layer_hi": 0.004686055642753363,
      "adaptive_layer_points": 22000,
      "adaptive_mad": 0.0012866580375136202,
      "adaptive_robust_sigma": 0.0019075992064176933,
      "id_height_center": 0.000784396400321442,
      "height_band_m": 0.015,
      "selected_height_min": -0.01359776881640367,
      "selected_height_max": 0.00509338639471401,
      "selected_points": 25890,
      "selected_ratio": 0.2589
    },
    "plane_estimation": {
      "plane_refine_used": true,
      "coarse_plane_points": 100000,
      "coarse_plane_center": [
        7.2257023116599655,
        1.398897050690008,
        0.16088270323022674
      ],
      "coarse_plane_normal": [
        -0.005294371208920304,
        0.009853723217170011,
        0.9999374349279367
      ],
      "coarse_id_layer": {
        "height_mode": "adaptive",
        "status": "adaptive_ok",
        "adaptive_search_q": 0.6,
        "adaptive_upper_q": 0.995,
        "adaptive_bins": 64,
        "adaptive_min_points": 300,
        "adaptive_chosen_bin": 63,
        "adaptive_bin_count": 5318,
        "adaptive_layer_bin_left": 63,
        "adaptive_layer_bin_right": 63,
        "adaptive_layer_lo": 0.15619334318171088,
        "adaptive_layer_hi": 0.15944527682915577,
        "adaptive_layer_points": 5318,
        "adaptive_mad": 0.0007121804520700825,
        "adaptive_robust_sigma": 0.0010558787382391043,
        "id_height_center": 0.15769688612227678,
        "height_band_m": 0.015,
        "selected_height_min": 0.1426989399127222,
        "selected_height_max": 0.16044629298423937,
        "selected_points": 24724,
        "selected_ratio": 0.24724
      },
      "plate_support": {
        "plate_status": "ok",
        "plate_lower": -0.05582045752336056,
        "plate_upper": 0.15269688612227678,
        "plate_lo": 0.14618071913335062,
        "plate_hi": 0.15269688612227678,
        "plate_bins": 64,
        "plate_chosen_bin": 63,
        "plate_bin_count": 8584,
        "plate_left_bin": 62,
        "plate_right_bin": 63,
        "plate_points": 14432,
        "plate_min_points": 500,
        "plane_refine_angle_deg": 0.3469084162665493
      }
    }
  }
}