{
  "source_file": "C:\\Users\\gkwld\\Desktop\\3D-Marker-Pose-Estimation\\CAD_to_PointCloud_conversion\\pointnet2\\result\\eval1_real_newmask_height_auto_boxexpand100\\train\\marker_points\\aug_000017_marker.xyz",
  "image_size": 512,
  "point_radius": 2,
  "view_margin": 1.2,
  "plane_fit_q": 0.8,
  "height_mode": "adaptive",
  "top_candidate_q": 0.85,
  "height_band_m": 0.03,
  "basis_mode": "global",
  "plane_refine_enabled": true,
  "flip_x": true,
  "align_2d": false,
  "align_method": "none",
  "color_mode": "raw_z",
  "color_ref": "marker_all_raw_z",
  "invert_jet": false,
  "color_min": 0.10184492,
  "color_max": 0.310834,
  "color_q_min": 0.02,
  "color_q_max": 0.98,
  "plane_center": [
    -7.845881478275509,
    -9.496231356348918,
    0.3095502785449646
  ],
  "plane_normal": [
    -0.010883998982884538,
    -0.0017641581557042826,
    0.9999392113074385
  ],
  "marker_origin": [
    -7.845881478275509,
    -9.496231356348918,
    0.3095502785449646
  ],
  "image_u_axis_3d": [
    -0.9999407675278277,
    1.9202232968024405e-05,
    -0.01088398204395831
  ],
  "image_v_axis_3d": [
    -3.38813178902059e-21,
    0.999998443686427,
    0.0017642626573412747
  ],
  "u_min": -0.6338456325536618,
  "u_max": 1.6440972104162093,
  "v_min": -1.2342060768812286,
  "v_max": 1.045670319225663,
  "pixel_size_u_m": 0.004457813782719904,
  "pixel_size_v_m": 0.004461597644044798,
  "back_projection_note": {
    "pixel_to_uv": "u = u_min + px * pixel_size_u_m, v = v_max - py * pixel_size_v_m",
    "flip_x_note": "if flip_x is true, saved uv and image_u_axis_3d are already mirrored, so use the same pixel_to_uv formula",
    "point_on_plane_3d": "marker_origin + u * image_u_axis_3d + v * image_v_axis_3d",
    "direction_3d": "du * image_u_axis_3d + dv * image_v_axis_3d"
  },
  "debug": {
    "total_points": 100000,
    "basis_mode": "global",
    "height_mode": "adaptive",
    "top_candidate_q": 0.85,
    "height_band_m_input": 0.03,
    "height_band_m_used": 0.016380577359049603,
    "id_height_center": 0.006335070487443639,
    "top_id_points": 26070,
    "selected_height_min": -0.010039182324020969,
    "selected_height_max": 0.015414526444274804,
    "height_min": -0.21976591269368292,
    "height_mean": -0.14427667240414502,
    "height_max": 0.015414526444274804,
    "height_q50": -0.1952061978151205,
    "height_q70": -0.18952834924549317,
    "height_q80": 0.002092926533194834,
    "height_q85": 0.004443068123578285,
    "height_q90": 0.007193205185815055,
    "height_q95": 0.010950005605008436,
    "height_q99": 0.01393393273594568,
    "layer_selection": {
      "height_mode": "adaptive",
      "status": "adaptive_ok",
      "adaptive_search_q": 0.6,
      "adaptive_upper_q": 0.995,
      "adaptive_bins": 64,
      "adaptive_min_points": 300,
      "adaptive_chosen_bin": 63,
      "adaptive_bin_count": 4250,
      "adaptive_layer_bin_left": 59,
      "adaptive_layer_bin_right": 63,
      "adaptive_layer_lo": -0.0018298919532327151,
      "adaptive_layer_hi": 0.014392343585474107,
      "adaptive_layer_points": 24374,
      "adaptive_mad": 0.0036828493545234963,
      "adaptive_robust_sigma": 0.005460192453016535,
      "id_height_center": 0.006335070487443639,
      "height_band_m": 0.016380577359049603,
      "selected_height_min": -0.010039182324020969,
      "selected_height_max": 0.015414526444274804,
      "selected_points": 26070,
      "selected_ratio": 0.2607
    },
    "plane_estimation": {
      "plane_refine_used": true,
      "coarse_plane_points": 100000,
      "coarse_plane_center": [
        -8.349096264780071,
        -9.59217590829994,
        0.1596182413802511
      ],
      "coarse_plane_normal": [
        -0.01099695187084301,
        -0.0010588669691416433,
        0.9999389710618805
      ],
      "coarse_id_layer": {
        "height_mode": "adaptive",
        "status": "adaptive_ok",
        "adaptive_search_q": 0.6,
        "adaptive_upper_q": 0.995,
        "adaptive_bins": 64,
        "adaptive_min_points": 300,
        "adaptive_chosen_bin": 63,
        "adaptive_bin_count": 4482,
        "adaptive_layer_bin_left": 59,
        "adaptive_layer_bin_right": 63,
        "adaptive_layer_lo": 0.14244991180016783,
        "adaptive_layer_hi": 0.15867530688812825,
        "adaptive_layer_points": 24367,
        "adaptive_mad": 0.003653884993212647,
        "adaptive_robust_sigma": 0.0054172498909370705,
        "id_height_center": 0.15041781837568646,
        "height_band_m": 0.016251749672811212,
        "selected_height_min": 0.13418731599091968,
        "selected_height_max": 0.15968900457548718,
        "selected_points": 26068,
        "selected_ratio": 0.26068
      },
      "plate_support": {
        "plate_status": "ok",
        "plate_lower": -0.05581453891763523,
        "plate_upper": 0.14541781837568646,
        "plate_lo": 0.14227356279297831,
        "plate_hi": 0.14541781837568646,
        "plate_bins": 64,
        "plate_chosen_bin": 63,
        "plate_bin_count": 2969,
        "plate_left_bin": 63,
        "plate_right_bin": 63,
        "plate_points": 2969,
        "plate_min_points": 500,
        "plane_refine_angle_deg": 0.04092531656498938
      }
    }
  }
}