{
  "source_file": "C:\\Users\\gkwld\\Desktop\\3D-Marker-Pose-Estimation\\CAD_to_PointCloud_conversion\\pointnet2\\result\\eval1_real_newmask_height_auto_boxexpand100\\train\\marker_points\\aug_000067_marker.xyz",
  "image_size": 512,
  "point_radius": 2,
  "view_margin": 1.2,
  "plane_fit_q": 0.8,
  "height_mode": "adaptive",
  "top_candidate_q": 0.85,
  "height_band_m": 0.03,
  "basis_mode": "global",
  "plane_refine_enabled": true,
  "flip_x": true,
  "align_2d": false,
  "align_method": "none",
  "color_mode": "raw_z",
  "color_ref": "marker_all_raw_z",
  "invert_jet": false,
  "color_min": 0.101912,
  "color_max": 0.310834,
  "color_q_min": 0.02,
  "color_q_max": 0.98,
  "plane_center": [
    0.9209245767097989,
    -1.1892105526802197,
    0.3096720129390014
  ],
  "plane_normal": [
    0.010067236073989409,
    0.004743033528362016,
    0.999938075277054
  ],
  "marker_origin": [
    0.9209245767097989,
    -1.1892105526802197,
    0.3096720129390014
  ],
  "image_u_axis_3d": [
    -0.9999493240938918,
    4.775165809531402e-05,
    0.01006712282373556
  ],
  "image_v_axis_3d": [
    0.0,
    0.9999887506120897,
    -0.004743273898059979
  ],
  "u_min": -1.4907651234129133,
  "u_max": 0.5721644804060708,
  "v_min": -0.7904873573322004,
  "v_max": 1.2729860890211566,
  "pixel_size_u_m": 0.004037044234479421,
  "pixel_size_v_m": 0.004038108505583869,
  "back_projection_note": {
    "pixel_to_uv": "u = u_min + px * pixel_size_u_m, v = v_max - py * pixel_size_v_m",
    "flip_x_note": "if flip_x is true, saved uv and image_u_axis_3d are already mirrored, so use the same pixel_to_uv formula",
    "point_on_plane_3d": "marker_origin + u * image_u_axis_3d + v * image_v_axis_3d",
    "direction_3d": "du * image_u_axis_3d + dv * image_v_axis_3d"
  },
  "debug": {
    "total_points": 100000,
    "basis_mode": "global",
    "height_mode": "adaptive",
    "top_candidate_q": 0.85,
    "height_band_m_input": 0.03,
    "height_band_m_used": 0.016304432188159895,
    "id_height_center": 0.0062063741052239526,
    "top_id_points": 25879,
    "selected_height_min": -0.010061197795877235,
    "selected_height_max": 0.015465248316369463,
    "height_min": -0.21987556134150296,
    "height_mean": -0.14470110646831866,
    "height_max": 0.015465248316369463,
    "height_q50": -0.1952454492752144,
    "height_q70": -0.18954534048160623,
    "height_q80": 0.0019728809910100013,
    "height_q85": 0.004365628433850993,
    "height_q90": 0.007049200535051169,
    "height_q95": 0.01095773510371371,
    "height_q99": 0.013949271862120135,
    "layer_selection": {
      "height_mode": "adaptive",
      "status": "adaptive_ok",
      "adaptive_search_q": 0.6,
      "adaptive_upper_q": 0.995,
      "adaptive_bins": 64,
      "adaptive_min_points": 300,
      "adaptive_chosen_bin": 63,
      "adaptive_bin_count": 4257,
      "adaptive_layer_bin_left": 59,
      "adaptive_layer_bin_right": 63,
      "adaptive_layer_lo": -0.0018256085834952307,
      "adaptive_layer_hi": 0.014399755960246025,
      "adaptive_layer_points": 24192,
      "adaptive_mad": 0.0036657296164755377,
      "adaptive_robust_sigma": 0.005434810729386632,
      "id_height_center": 0.0062063741052239526,
      "height_band_m": 0.016304432188159895,
      "selected_height_min": -0.010061197795877235,
      "selected_height_max": 0.015465248316369463,
      "selected_points": 25879,
      "selected_ratio": 0.25879
    },
    "plane_estimation": {
      "plane_refine_used": true,
      "coarse_plane_points": 100000,
      "coarse_plane_center": [
        1.3740448153499878,
        -0.9440108633399994,
        0.15923693206025097
      ],
      "coarse_plane_normal": [
        0.010643048761971986,
        0.00441910493197275,
        0.9999335963066
      ],
      "coarse_id_layer": {
        "height_mode": "adaptive",
        "status": "adaptive_ok",
        "adaptive_search_q": 0.6,
        "adaptive_upper_q": 0.995,
        "adaptive_bins": 64,
        "adaptive_min_points": 300,
        "adaptive_chosen_bin": 63,
        "adaptive_bin_count": 4281,
        "adaptive_layer_bin_left": 59,
        "adaptive_layer_bin_right": 63,
        "adaptive_layer_lo": 0.1431215235096827,
        "adaptive_layer_hi": 0.15935875235520014,
        "adaptive_layer_points": 24065,
        "adaptive_mad": 0.0037550613838295277,
        "adaptive_robust_sigma": 0.005567254007665658,
        "id_height_center": 0.15076872004626998,
        "height_band_m": 0.016701762022996974,
        "selected_height_min": 0.13413036763816433,
        "selected_height_max": 0.16045249571532388,
        "selected_points": 25884,
        "selected_ratio": 0.25884
      },
      "plate_support": {
        "plate_status": "ok",
        "plate_lower": -0.05555408608826269,
        "plate_upper": 0.14576872004626998,
        "plate_lo": 0.1426230512004179,
        "plate_hi": 0.14576872004626998,
        "plate_bins": 64,
        "plate_chosen_bin": 63,
        "plate_bin_count": 3246,
        "plate_left_bin": 63,
        "plate_right_bin": 63,
        "plate_points": 3246,
        "plate_min_points": 500,
        "plane_refine_angle_deg": 0.03785486947566146
      }
    }
  }
}