{
  "source_file": "C:\\Users\\gkwld\\Desktop\\3D-Marker-Pose-Estimation\\CAD_to_PointCloud_conversion\\pointnet2\\result\\eval1_real_newmask_height_auto_boxexpand100\\train\\marker_points\\aug_000099_marker.xyz",
  "image_size": 512,
  "point_radius": 2,
  "view_margin": 1.2,
  "plane_fit_q": 0.8,
  "height_mode": "adaptive",
  "top_candidate_q": 0.85,
  "height_band_m": 0.03,
  "basis_mode": "global",
  "plane_refine_enabled": true,
  "flip_x": true,
  "align_2d": false,
  "align_method": "none",
  "color_mode": "raw_z",
  "color_ref": "marker_all_raw_z",
  "invert_jet": false,
  "color_min": 0.10205782,
  "color_max": 0.310834,
  "color_q_min": 0.02,
  "color_q_max": 0.98,
  "plane_center": [
    1.7777151736022416,
    4.202532489405156,
    0.3098464569823987
  ],
  "plane_normal": [
    -0.010264842741172517,
    0.003214045758805355,
    0.9999421497823557
  ],
  "marker_origin": [
    1.7777151736022416,
    4.202532489405156,
    0.3098464569823987
  ],
  "image_u_axis_3d": [
    -0.999947315112901,
    -3.299341253121771e-05,
    -0.01026478971705267
  ],
  "image_v_axis_3d": [
    6.77626357804118e-21,
    0.9999948343963059,
    -0.003214215099361764
  ],
  "u_min": -0.5581337754310084,
  "u_max": 1.4818436606936376,
  "v_min": -0.8174352797517626,
  "v_max": 1.2239424022116594,
  "pixel_size_u_m": 0.003992128055038446,
  "pixel_size_v_m": 0.003994868262159339,
  "back_projection_note": {
    "pixel_to_uv": "u = u_min + px * pixel_size_u_m, v = v_max - py * pixel_size_v_m",
    "flip_x_note": "if flip_x is true, saved uv and image_u_axis_3d are already mirrored, so use the same pixel_to_uv formula",
    "point_on_plane_3d": "marker_origin + u * image_u_axis_3d + v * image_v_axis_3d",
    "direction_3d": "du * image_u_axis_3d + dv * image_v_axis_3d"
  },
  "debug": {
    "total_points": 100000,
    "basis_mode": "global",
    "height_mode": "adaptive",
    "top_candidate_q": 0.85,
    "height_band_m_input": 0.03,
    "height_band_m_used": 0.016012332829372908,
    "id_height_center": 0.006234390122828903,
    "top_id_points": 25886,
    "selected_height_min": -0.009776906948912105,
    "selected_height_max": 0.01447248566124777,
    "height_min": -0.21947645180800515,
    "height_mean": -0.14510824763478572,
    "height_max": 0.01447248566124777,
    "height_q50": -0.19556871029378634,
    "height_q70": -0.19040184356817066,
    "height_q80": 0.001500730234062223,
    "height_q85": 0.0035286260501423716,
    "height_q90": 0.007133841437268746,
    "height_q95": 0.009679904097002905,
    "height_q99": 0.013071664611703839,
    "layer_selection": {
      "height_mode": "adaptive",
      "status": "adaptive_ok",
      "adaptive_search_q": 0.6,
      "adaptive_upper_q": 0.995,
      "adaptive_bins": 64,
      "adaptive_min_points": 300,
      "adaptive_chosen_bin": 63,
      "adaptive_bin_count": 3804,
      "adaptive_layer_bin_left": 59,
      "adaptive_layer_bin_right": 63,
      "adaptive_layer_lo": -0.0026919557285798867,
      "adaptive_layer_hi": 0.013495124584608692,
      "adaptive_layer_points": 24398,
      "adaptive_mad": 0.0036000568436919166,
      "adaptive_robust_sigma": 0.005337444276457636,
      "id_height_center": 0.006234390122828903,
      "height_band_m": 0.016012332829372908,
      "selected_height_min": -0.009776906948912105,
      "selected_height_max": 0.01447248566124777,
      "selected_points": 25886,
      "selected_ratio": 0.25886
    },
    "plane_estimation": {
      "plane_refine_used": true,
      "coarse_plane_points": 100000,
      "coarse_plane_center": [
        1.31456704852999,
        4.400601957719982,
        0.15933875544025125
      ],
      "coarse_plane_normal": [
        -0.010489913495347811,
        0.004670247437863198,
        0.999934073077685
      ],
      "coarse_id_layer": {
        "height_mode": "adaptive",
        "status": "adaptive_ok",
        "adaptive_search_q": 0.6,
        "adaptive_upper_q": 0.995,
        "adaptive_bins": 64,
        "adaptive_min_points": 300,
        "adaptive_chosen_bin": 63,
        "adaptive_bin_count": 3842,
        "adaptive_layer_bin_left": 59,
        "adaptive_layer_bin_right": 63,
        "adaptive_layer_lo": 0.14297878566870229,
        "adaptive_layer_hi": 0.15920110340314664,
        "adaptive_layer_points": 24167,
        "adaptive_mad": 0.0037585069255586523,
        "adaptive_robust_sigma": 0.005572362367833258,
        "id_height_center": 0.15105271217120142,
        "height_band_m": 0.016717087103499773,
        "selected_height_min": 0.13434679216457718,
        "selected_height_max": 0.16026094801701057,
        "selected_points": 25930,
        "selected_ratio": 0.2593
      },
      "plate_support": {
        "plate_status": "ok",
        "plate_lower": -0.055552377797592846,
        "plate_upper": 0.14605271217120142,
        "plate_lo": 0.142902632640439,
        "plate_hi": 0.14605271217120142,
        "plate_bins": 64,
        "plate_chosen_bin": 63,
        "plate_bin_count": 3917,
        "plate_left_bin": 63,
        "plate_right_bin": 63,
        "plate_points": 3917,
        "plate_min_points": 500,
        "plane_refine_angle_deg": 0.08442625559548539
      }
    }
  }
}