{
  "source_file": "C:\\Users\\gkwld\\Desktop\\3D-Marker-Pose-Estimation\\CAD_to_PointCloud_conversion\\pointnet2\\result\\eval1_real_newmask_height_auto_boxexpand100\\train\\marker_points\\aug_000126_marker.xyz",
  "image_size": 512,
  "point_radius": 2,
  "view_margin": 1.2,
  "plane_fit_q": 0.8,
  "height_mode": "adaptive",
  "top_candidate_q": 0.85,
  "height_band_m": 0.03,
  "basis_mode": "global",
  "plane_refine_enabled": true,
  "flip_x": true,
  "align_2d": false,
  "align_method": "none",
  "color_mode": "raw_z",
  "color_ref": "marker_all_raw_z",
  "invert_jet": false,
  "color_min": 0.103065,
  "color_max": 0.312979,
  "color_q_min": 0.02,
  "color_q_max": 0.98,
  "plane_center": [
    -8.171595848590323,
    -3.141465950574305,
    0.31162529933868194
  ],
  "plane_normal": [
    -0.009271452777551752,
    0.0076770093747503656,
    0.9999275492196691
  ],
  "marker_origin": [
    -8.171595848590323,
    -3.141465950574305,
    0.31162529933868194
  ],
  "image_u_axis_3d": [
    -0.9999570191570204,
    -7.118008927091798e-05,
    -0.009271179536656576
  ],
  "image_v_axis_3d": [
    1.355252715608236e-20,
    0.9999705287949515,
    -0.007677339353259932
  ],
  "u_min": -0.5723685674044814,
  "u_max": 1.4557265261554104,
  "v_min": -0.7408144151813086,
  "v_max": 1.2855140965944467,
  "pixel_size_u_m": 0.003968874938473369,
  "pixel_size_v_m": 0.0039654178312637095,
  "back_projection_note": {
    "pixel_to_uv": "u = u_min + px * pixel_size_u_m, v = v_max - py * pixel_size_v_m",
    "flip_x_note": "if flip_x is true, saved uv and image_u_axis_3d are already mirrored, so use the same pixel_to_uv formula",
    "point_on_plane_3d": "marker_origin + u * image_u_axis_3d + v * image_v_axis_3d",
    "direction_3d": "du * image_u_axis_3d + dv * image_v_axis_3d"
  },
  "debug": {
    "total_points": 100000,
    "basis_mode": "global",
    "height_mode": "adaptive",
    "top_candidate_q": 0.85,
    "height_band_m_input": 0.03,
    "height_band_m_used": 0.01619292965208377,
    "id_height_center": 0.006315414166690396,
    "top_id_points": 25506,
    "selected_height_min": -0.009821895644055952,
    "selected_height_max": 0.016625285605039133,
    "height_min": -0.22041299921552948,
    "height_mean": -0.1452774719148687,
    "height_max": 0.016625285605039133,
    "height_q50": -0.19496556367115817,
    "height_q70": -0.18903151535407417,
    "height_q80": 0.0020199209271488717,
    "height_q85": 0.005157746065682072,
    "height_q90": 0.007106693760031363,
    "height_q95": 0.012236444878748845,
    "height_q99": 0.014944704430217847,
    "layer_selection": {
      "height_mode": "adaptive",
      "status": "adaptive_ok",
      "adaptive_search_q": 0.6,
      "adaptive_upper_q": 0.995,
      "adaptive_bins": 64,
      "adaptive_min_points": 300,
      "adaptive_chosen_bin": 63,
      "adaptive_bin_count": 4555,
      "adaptive_layer_bin_left": 59,
      "adaptive_layer_bin_right": 63,
      "adaptive_layer_lo": -0.0008241261177737713,
      "adaptive_layer_hi": 0.01546261377154369,
      "adaptive_layer_points": 23346,
      "adaptive_mad": 0.0036406604730616866,
      "adaptive_robust_sigma": 0.005397643217361256,
      "id_height_center": 0.006315414166690396,
      "height_band_m": 0.01619292965208377,
      "selected_height_min": -0.009821895644055952,
      "selected_height_max": 0.016625285605039133,
      "selected_points": 25506,
      "selected_ratio": 0.25506
    },
    "plane_estimation": {
      "plane_refine_used": true,
      "coarse_plane_points": 100000,
      "coarse_plane_center": [
        -8.612194766279899,
        -2.8759052762300215,
        0.1602131536502273
      ],
      "coarse_plane_normal": [
        -0.009057559074983224,
        0.008062050605723334,
        0.9999264792781687
      ],
      "coarse_id_layer": {
        "height_mode": "adaptive",
        "status": "adaptive_ok",
        "adaptive_search_q": 0.6,
        "adaptive_upper_q": 0.995,
        "adaptive_bins": 64,
        "adaptive_min_points": 300,
        "adaptive_chosen_bin": 63,
        "adaptive_bin_count": 4734,
        "adaptive_layer_bin_left": 59,
        "adaptive_layer_bin_right": 63,
        "adaptive_layer_lo": 0.14446077041529823,
        "adaptive_layer_hi": 0.16074391059304097,
        "adaptive_layer_points": 23332,
        "adaptive_mad": 0.0035631449729293663,
        "adaptive_robust_sigma": 0.005282718736865078,
        "id_height_center": 0.1514986407569779,
        "height_band_m": 0.015848156210595234,
        "selected_height_min": 0.13565486034885973,
        "selected_height_max": 0.16190331356876508,
        "selected_points": 25492,
        "selected_ratio": 0.25492
      },
      "plate_support": {
        "plate_status": "ok",
        "plate_lower": -0.05529013578355826,
        "plate_upper": 0.14649864075697788,
        "plate_lo": 0.14334569112353202,
        "plate_hi": 0.14649864075697788,
        "plate_bins": 64,
        "plate_chosen_bin": 63,
        "plate_bin_count": 2873,
        "plate_left_bin": 63,
        "plate_right_bin": 63,
        "plate_points": 2873,
        "plate_min_points": 500,
        "plane_refine_angle_deg": 0.02523698045086611
      }
    }
  }
}