{
  "source_file": "C:\\Users\\gkwld\\Desktop\\3D-Marker-Pose-Estimation\\CAD_to_PointCloud_conversion\\pointnet2\\result\\eval1_real_newmask_height_auto_boxexpand100\\train\\marker_points\\aug_000060_marker.xyz",
  "image_size": 512,
  "point_radius": 2,
  "view_margin": 1.2,
  "plane_fit_q": 0.8,
  "height_mode": "adaptive",
  "top_candidate_q": 0.85,
  "height_band_m": 0.03,
  "basis_mode": "global",
  "plane_refine_enabled": true,
  "flip_x": true,
  "align_2d": false,
  "align_method": "none",
  "color_mode": "raw_z",
  "color_ref": "marker_all_raw_z",
  "invert_jet": false,
  "color_min": 0.10158898,
  "color_max": 0.310834,
  "color_q_min": 0.02,
  "color_q_max": 0.98,
  "plane_center": [
    -2.985246884174594,
    1.1016824793952706,
    0.30989233089492213
  ],
  "plane_normal": [
    0.0036992432979220395,
    0.010492303593966646,
    0.9999381116660744
  ],
  "marker_origin": [
    -2.985246884174594,
    1.1016824793952706,
    0.30989233089492213
  ],
  "image_u_axis_3d": [
    -0.9999931577751034,
    3.8813849322753e-05,
    0.0036990396675714555
  ],
  "image_v_axis_3d": [
    0.0,
    0.9999449535133308,
    -0.01049237538514824
  ],
  "u_min": -1.236361212982949,
  "u_max": 0.8874546307210385,
  "v_min": -0.5847662293751333,
  "v_max": 1.5374480391217427,
  "pixel_size_u_m": 0.0041561953888532045,
  "pixel_size_v_m": 0.004153061190796234,
  "back_projection_note": {
    "pixel_to_uv": "u = u_min + px * pixel_size_u_m, v = v_max - py * pixel_size_v_m",
    "flip_x_note": "if flip_x is true, saved uv and image_u_axis_3d are already mirrored, so use the same pixel_to_uv formula",
    "point_on_plane_3d": "marker_origin + u * image_u_axis_3d + v * image_v_axis_3d",
    "direction_3d": "du * image_u_axis_3d + dv * image_v_axis_3d"
  },
  "debug": {
    "total_points": 100000,
    "basis_mode": "global",
    "height_mode": "adaptive",
    "top_candidate_q": 0.85,
    "height_band_m_input": 0.03,
    "height_band_m_used": 0.01628327569935431,
    "id_height_center": 0.006101667255393776,
    "top_id_points": 25948,
    "selected_height_min": -0.010158855021551439,
    "selected_height_max": 0.015094840742631233,
    "height_min": -0.2202336783854394,
    "height_mean": -0.14493100529702174,
    "height_max": 0.015094840742631233,
    "height_q50": -0.1955499987720563,
    "height_q70": -0.18994417770663302,
    "height_q80": 0.0015520591219602108,
    "height_q85": 0.003649823972598239,
    "height_q90": 0.006947192496734008,
    "height_q95": 0.010282253212026473,
    "height_q99": 0.013578067967321306,
    "layer_selection": {
      "height_mode": "adaptive",
      "status": "adaptive_ok",
      "adaptive_search_q": 0.6,
      "adaptive_upper_q": 0.995,
      "adaptive_bins": 64,
      "adaptive_min_points": 300,
      "adaptive_chosen_bin": 63,
      "adaptive_bin_count": 3777,
      "adaptive_layer_bin_left": 59,
      "adaptive_layer_bin_right": 63,
      "adaptive_layer_lo": -0.0021382359591848865,
      "adaptive_layer_hi": 0.014083746202864008,
      "adaptive_layer_points": 24276,
      "adaptive_mad": 0.0036609729977414253,
      "adaptive_robust_sigma": 0.0054277585664514365,
      "id_height_center": 0.006101667255393776,
      "height_band_m": 0.01628327569935431,
      "selected_height_min": -0.010158855021551439,
      "selected_height_max": 0.015094840742631233,
      "selected_points": 25948,
      "selected_ratio": 0.25948
    },
    "plane_estimation": {
      "plane_refine_used": true,
      "coarse_plane_points": 100000,
      "coarse_plane_center": [
        -2.818807159910043,
        1.573107104060014,
        0.1593899799402503
      ],
      "coarse_plane_normal": [
        0.004650577701309372,
        0.011058030046160782,
        0.9999280434593992
      ],
      "coarse_id_layer": {
        "height_mode": "adaptive",
        "status": "adaptive_ok",
        "adaptive_search_q": 0.6,
        "adaptive_upper_q": 0.995,
        "adaptive_bins": 64,
        "adaptive_min_points": 300,
        "adaptive_chosen_bin": 63,
        "adaptive_bin_count": 3665,
        "adaptive_layer_bin_left": 59,
        "adaptive_layer_bin_right": 63,
        "adaptive_layer_lo": 0.14337609417663053,
        "adaptive_layer_hi": 0.15962384967725368,
        "adaptive_layer_points": 23657,
        "adaptive_mad": 0.003893571646476829,
        "adaptive_robust_sigma": 0.005772609323066546,
        "id_height_center": 0.15090517627185124,
        "height_band_m": 0.017317827969199638,
        "selected_height_min": 0.13366008833227022,
        "selected_height_max": 0.16072077234110302,
        "selected_points": 25976,
        "selected_ratio": 0.25976
      },
      "plate_support": {
        "plate_status": "ok",
        "plate_lower": -0.05574699016800151,
        "plate_upper": 0.14590517627185123,
        "plate_lo": 0.14275436117122853,
        "plate_hi": 0.14590517627185123,
        "plate_bins": 64,
        "plate_chosen_bin": 63,
        "plate_bin_count": 4101,
        "plate_left_bin": 63,
        "plate_right_bin": 63,
        "plate_points": 4101,
        "plate_min_points": 500,
        "plane_refine_angle_deg": 0.06341970061117412
      }
    }
  }
}