{
  "source_file": "C:\\Users\\gkwld\\Desktop\\3D-Marker-Pose-Estimation\\CAD_to_PointCloud_conversion\\pointnet2\\result\\eval1_real_newmask_height_auto_boxexpand100\\train\\marker_points\\aug_000021_marker.xyz",
  "image_size": 512,
  "point_radius": 2,
  "view_margin": 1.2,
  "plane_fit_q": 0.8,
  "height_mode": "adaptive",
  "top_candidate_q": 0.85,
  "height_band_m": 0.03,
  "basis_mode": "global",
  "plane_refine_enabled": true,
  "flip_x": true,
  "align_2d": false,
  "align_method": "none",
  "color_mode": "raw_z",
  "color_ref": "marker_all_raw_z",
  "invert_jet": false,
  "color_min": 0.101985,
  "color_max": 0.310834,
  "color_q_min": 0.02,
  "color_q_max": 0.98,
  "plane_center": [
    1.9111458064041211,
    -3.041488705557595,
    0.3091535980861246
  ],
  "plane_normal": [
    -0.0026745992451329714,
    0.010164026224002233,
    0.999944768018612
  ],
  "marker_origin": [
    1.9111458064041211,
    -3.041488705557595,
    0.3091535980861246
  ],
  "image_u_axis_3d": [
    -0.9999964232520425,
    -2.7184794099330505e-05,
    -0.0026744610875851275
  ],
  "image_v_axis_3d": [
    -3.388131789020589e-21,
    0.9999483445808113,
    -0.010164062578282135
  ],
  "u_min": -1.0476337068501276,
  "u_max": 1.2255954149192472,
  "v_min": -0.650065890193376,
  "v_max": 1.6213004468144487,
  "pixel_size_u_m": 0.0044485892793921225,
  "pixel_size_v_m": 0.004444943908038796,
  "back_projection_note": {
    "pixel_to_uv": "u = u_min + px * pixel_size_u_m, v = v_max - py * pixel_size_v_m",
    "flip_x_note": "if flip_x is true, saved uv and image_u_axis_3d are already mirrored, so use the same pixel_to_uv formula",
    "point_on_plane_3d": "marker_origin + u * image_u_axis_3d + v * image_v_axis_3d",
    "direction_3d": "du * image_u_axis_3d + dv * image_v_axis_3d"
  },
  "debug": {
    "total_points": 100000,
    "basis_mode": "global",
    "height_mode": "adaptive",
    "top_candidate_q": 0.85,
    "height_band_m_input": 0.03,
    "height_band_m_used": 0.015583073476243672,
    "id_height_center": 0.006434776943578515,
    "top_id_points": 25586,
    "selected_height_min": -0.00913548594895917,
    "selected_height_max": 0.014870882113394672,
    "height_min": -0.21937928524231273,
    "height_mean": -0.1452779659215389,
    "height_max": 0.014870882113394672,
    "height_q50": -0.1953967913869719,
    "height_q70": -0.19017817629251862,
    "height_q80": 0.002007032823011141,
    "height_q85": 0.004026467623017457,
    "height_q90": 0.007239504826641661,
    "height_q95": 0.010367930845479956,
    "height_q99": 0.013483050928476114,
    "layer_selection": {
      "height_mode": "adaptive",
      "status": "adaptive_ok",
      "adaptive_search_q": 0.6,
      "adaptive_upper_q": 0.995,
      "adaptive_bins": 64,
      "adaptive_min_points": 300,
      "adaptive_chosen_bin": 63,
      "adaptive_bin_count": 4065,
      "adaptive_layer_bin_left": 59,
      "adaptive_layer_bin_right": 63,
      "adaptive_layer_lo": -0.0022749230854270663,
      "adaptive_layer_hi": 0.013935452225393203,
      "adaptive_layer_points": 24059,
      "adaptive_mad": 0.0035035463546570604,
      "adaptive_robust_sigma": 0.005194357825414557,
      "id_height_center": 0.006434776943578515,
      "height_band_m": 0.015583073476243672,
      "selected_height_min": -0.00913548594895917,
      "selected_height_max": 0.014870882113394672,
      "selected_points": 25586,
      "selected_ratio": 0.25586
    },
    "plane_estimation": {
      "plane_refine_used": true,
      "coarse_plane_points": 100000,
      "coarse_plane_center": [
        1.8165772850499586,
        -2.5622984599599796,
        0.15874388962025213
      ],
      "coarse_plane_normal": [
        -0.0020807279757897846,
        0.009617259822986212,
        0.9999515882694461
      ],
      "coarse_id_layer": {
        "height_mode": "adaptive",
        "status": "adaptive_ok",
        "adaptive_search_q": 0.6,
        "adaptive_upper_q": 0.995,
        "adaptive_bins": 64,
        "adaptive_min_points": 300,
        "adaptive_chosen_bin": 63,
        "adaptive_bin_count": 4527,
        "adaptive_layer_bin_left": 59,
        "adaptive_layer_bin_right": 63,
        "adaptive_layer_lo": 0.14256382062549144,
        "adaptive_layer_hi": 0.15876118504209044,
        "adaptive_layer_points": 24202,
        "adaptive_mad": 0.003309762800386973,
        "adaptive_robust_sigma": 0.004907054327853725,
        "id_height_center": 0.1515967824629082,
        "height_band_m": 0.015,
        "selected_height_min": 0.1366159356613076,
        "selected_height_max": 0.15965576339738186,
        "selected_points": 25575,
        "selected_ratio": 0.25575
      },
      "plate_support": {
        "plate_status": "ok",
        "plate_lower": -0.05462653216770276,
        "plate_upper": 0.1465967824629082,
        "plate_lo": 0.1434526681718049,
        "plate_hi": 0.1465967824629082,
        "plate_bins": 64,
        "plate_chosen_bin": 63,
        "plate_bin_count": 2717,
        "plate_left_bin": 63,
        "plate_right_bin": 63,
        "plate_points": 2717,
        "plate_min_points": 500,
        "plane_refine_angle_deg": 0.04625324485046313
      }
    }
  }
}