{
  "source_file": "C:\\Users\\gkwld\\Desktop\\3D-Marker-Pose-Estimation\\CAD_to_PointCloud_conversion\\pointnet2\\result\\eval1_real_newmask_height_auto_boxexpand100\\train\\marker_points\\aug_000103_marker.xyz",
  "image_size": 512,
  "point_radius": 2,
  "view_margin": 1.2,
  "plane_fit_q": 0.8,
  "height_mode": "adaptive",
  "top_candidate_q": 0.85,
  "height_band_m": 0.03,
  "basis_mode": "global",
  "plane_refine_enabled": true,
  "flip_x": true,
  "align_2d": false,
  "align_method": "none",
  "color_mode": "raw_z",
  "color_ref": "marker_all_raw_z",
  "invert_jet": false,
  "color_min": 0.10326381999999999,
  "color_max": 0.312979,
  "color_q_min": 0.02,
  "color_q_max": 0.98,
  "plane_center": [
    -2.710203118967677,
    -6.578982345153145,
    0.3126009511819381
  ],
  "plane_normal": [
    0.003931237980648608,
    -0.003566315114777608,
    0.999985913282003
  ],
  "marker_origin": [
    -2.710203118967677,
    -6.578982345153145,
    0.3126009511819381
  ],
  "image_u_axis_3d": [
    -0.9999922726531139,
    -1.4020141768645735e-05,
    0.0039312129802463154
  ],
  "image_v_axis_3d": [
    -1.694065894510295e-21,
    0.9999936405787478,
    0.0035663426731409923
  ],
  "u_min": -1.2500771987067372,
  "u_max": 0.9803128967200474,
  "v_min": -1.2510311288733762,
  "v_max": 0.9724966611221656,
  "pixel_size_u_m": 0.004364755568349872,
  "pixel_size_v_m": 0.004351326399208496,
  "back_projection_note": {
    "pixel_to_uv": "u = u_min + px * pixel_size_u_m, v = v_max - py * pixel_size_v_m",
    "flip_x_note": "if flip_x is true, saved uv and image_u_axis_3d are already mirrored, so use the same pixel_to_uv formula",
    "point_on_plane_3d": "marker_origin + u * image_u_axis_3d + v * image_v_axis_3d",
    "direction_3d": "du * image_u_axis_3d + dv * image_v_axis_3d"
  },
  "debug": {
    "total_points": 100000,
    "basis_mode": "global",
    "height_mode": "adaptive",
    "top_candidate_q": 0.85,
    "height_band_m_input": 0.03,
    "height_band_m_used": 0.015,
    "id_height_center": 0.0007573722135345443,
    "top_id_points": 25710,
    "selected_height_min": -0.01358196416501648,
    "selected_height_max": 0.005054596557173727,
    "height_min": -0.21973269335989712,
    "height_mean": -0.1510864574174645,
    "height_max": 0.005054596557173727,
    "height_q50": -0.2022671318414882,
    "height_q70": -0.19979029039105078,
    "height_q80": -0.0010557012176078088,
    "height_q85": 0.00019051434467024636,
    "height_q90": 0.0009943090454290844,
    "height_q95": 0.003680699298590209,
    "height_q99": 0.004451867145530215,
    "layer_selection": {
      "height_mode": "adaptive",
      "status": "adaptive_ok",
      "adaptive_search_q": 0.6,
      "adaptive_upper_q": 0.995,
      "adaptive_bins": 64,
      "adaptive_min_points": 300,
      "adaptive_chosen_bin": 63,
      "adaptive_bin_count": 7269,
      "adaptive_layer_bin_left": 62,
      "adaptive_layer_bin_right": 63,
      "adaptive_layer_lo": -0.0017959662122137843,
      "adaptive_layer_hi": 0.004643800702592022,
      "adaptive_layer_points": 22017,
      "adaptive_mad": 0.0012832492576930524,
      "adaptive_robust_sigma": 0.0019025453494557194,
      "id_height_center": 0.0007573722135345443,
      "height_band_m": 0.015,
      "selected_height_min": -0.01358196416501648,
      "selected_height_max": 0.005054596557173727,
      "selected_points": 25710,
      "selected_ratio": 0.2571
    },
    "plane_estimation": {
      "plane_refine_used": true,
      "coarse_plane_points": 100000,
      "coarse_plane_center": [
        -2.5752927403000285,
        -6.709822020890015,
        0.16051537106022779
      ],
      "coarse_plane_normal": [
        0.00963566607188328,
        -0.005646612451422742,
        0.9999376329077602
      ],
      "coarse_id_layer": {
        "height_mode": "adaptive",
        "status": "adaptive_ok",
        "adaptive_search_q": 0.6,
        "adaptive_upper_q": 0.995,
        "adaptive_bins": 64,
        "adaptive_min_points": 300,
        "adaptive_chosen_bin": 63,
        "adaptive_bin_count": 5386,
        "adaptive_layer_bin_left": 63,
        "adaptive_layer_bin_right": 63,
        "adaptive_layer_lo": 0.1564949085496193,
        "adaptive_layer_hi": 0.1597460977658431,
        "adaptive_layer_points": 5386,
        "adaptive_mad": 0.000735015914713047,
        "adaptive_robust_sigma": 0.0010897345951535633,
        "id_height_center": 0.15809098879467,
        "height_band_m": 0.015,
        "selected_height_min": 0.14309599120225094,
        "selected_height_max": 0.16081434109248488,
        "selected_points": 24555,
        "selected_ratio": 0.24555
      },
      "plate_support": {
        "plate_status": "ok",
        "plate_lower": -0.05546058160207166,
        "plate_upper": 0.15309098879467,
        "plate_lo": 0.14657375221977184,
        "plate_hi": 0.15309098879467,
        "plate_bins": 64,
        "plate_chosen_bin": 63,
        "plate_bin_count": 8490,
        "plate_left_bin": 62,
        "plate_right_bin": 63,
        "plate_points": 14298,
        "plate_min_points": 500,
        "plane_refine_angle_deg": 0.34790658375416555
      }
    }
  }
}