{
  "source_file": "C:\\Users\\gkwld\\Desktop\\3D-Marker-Pose-Estimation\\CAD_to_PointCloud_conversion\\pointnet2\\result\\eval1_real_newmask_height_auto_boxexpand100\\train\\marker_points\\aug_000080_marker.xyz",
  "image_size": 512,
  "point_radius": 2,
  "view_margin": 1.2,
  "plane_fit_q": 0.8,
  "height_mode": "adaptive",
  "top_candidate_q": 0.85,
  "height_band_m": 0.03,
  "basis_mode": "global",
  "plane_refine_enabled": true,
  "flip_x": true,
  "align_2d": false,
  "align_method": "none",
  "color_mode": "raw_z",
  "color_ref": "marker_all_raw_z",
  "invert_jet": false,
  "color_min": 0.10167,
  "color_max": 0.310834,
  "color_q_min": 0.02,
  "color_q_max": 0.98,
  "plane_center": [
    -9.28268752366073,
    -5.355735208035715,
    0.3088304334821426
  ],
  "plane_normal": [
    -0.002892535860666433,
    -0.009808233484452906,
    0.9999477145282194
  ],
  "marker_origin": [
    -9.28268752366073,
    -5.355735208035715,
    0.3088304334821426
  ],
  "image_u_axis_3d": [
    -0.999995816608397,
    2.8370785769619528e-05,
    -0.002892396723086695
  ],
  "image_v_axis_3d": [
    -3.38813178902059e-21,
    0.9999518977175917,
    0.009808274516296348
  ],
  "u_min": -0.9168117384653274,
  "u_max": 1.259797435986184,
  "v_min": -1.5294193926270765,
  "v_max": 0.6463785761876267,
  "pixel_size_u_m": 0.004259509147654621,
  "pixel_size_v_m": 0.004257921661085525,
  "back_projection_note": {
    "pixel_to_uv": "u = u_min + px * pixel_size_u_m, v = v_max - py * pixel_size_v_m",
    "flip_x_note": "if flip_x is true, saved uv and image_u_axis_3d are already mirrored, so use the same pixel_to_uv formula",
    "point_on_plane_3d": "marker_origin + u * image_u_axis_3d + v * image_v_axis_3d",
    "direction_3d": "du * image_u_axis_3d + dv * image_v_axis_3d"
  },
  "debug": {
    "total_points": 100000,
    "basis_mode": "global",
    "height_mode": "adaptive",
    "top_candidate_q": 0.85,
    "height_band_m_input": 0.03,
    "height_band_m_used": 0.015309981296013004,
    "id_height_center": 0.006395290577572861,
    "top_id_points": 25590,
    "selected_height_min": -0.008909025719863344,
    "selected_height_max": 0.014662760296376079,
    "height_min": -0.2191432900514964,
    "height_mean": -0.1452569067059651,
    "height_max": 0.014662760296376079,
    "height_q50": -0.19552272916120267,
    "height_q70": -0.19042453275044116,
    "height_q80": 0.0021429450473153906,
    "height_q85": 0.004137321632740067,
    "height_q90": 0.00714668677265819,
    "height_q95": 0.010360965396809915,
    "height_q99": 0.013297412645795061,
    "layer_selection": {
      "height_mode": "adaptive",
      "status": "adaptive_ok",
      "adaptive_search_q": 0.6,
      "adaptive_upper_q": 0.995,
      "adaptive_bins": 64,
      "adaptive_min_points": 300,
      "adaptive_chosen_bin": 63,
      "adaptive_bin_count": 4363,
      "adaptive_layer_bin_left": 59,
      "adaptive_layer_bin_right": 63,
      "adaptive_layer_lo": -0.0025009200678361154,
      "adaptive_layer_hi": 0.013705408286782262,
      "adaptive_layer_points": 24114,
      "adaptive_mad": 0.0034421469706400927,
      "adaptive_robust_sigma": 0.0051033270986710014,
      "id_height_center": 0.006395290577572861,
      "height_band_m": 0.015309981296013004,
      "selected_height_min": -0.008909025719863344,
      "selected_height_max": 0.014662760296376079,
      "selected_points": 25590,
      "selected_ratio": 0.2559
    },
    "plane_estimation": {
      "plane_refine_used": true,
      "coarse_plane_points": 100000,
      "coarse_plane_center": [
        -9.446945788250126,
        -5.794712305630121,
        0.15878496879025025
      ],
      "coarse_plane_normal": [
        -0.0031810889157946063,
        -0.008738157564496616,
        0.9999567617020686
      ],
      "coarse_id_layer": {
        "height_mode": "adaptive",
        "status": "adaptive_ok",
        "adaptive_search_q": 0.6,
        "adaptive_upper_q": 0.995,
        "adaptive_bins": 64,
        "adaptive_min_points": 300,
        "adaptive_chosen_bin": 63,
        "adaptive_bin_count": 5074,
        "adaptive_layer_bin_left": 60,
        "adaptive_layer_bin_right": 63,
        "adaptive_layer_lo": 0.14538087012945147,
        "adaptive_layer_hi": 0.15833091617386497,
        "adaptive_layer_points": 23419,
        "adaptive_mad": 0.003112929278253934,
        "adaptive_robust_sigma": 0.0046152289479392825,
        "id_height_center": 0.15160451610768438,
        "height_band_m": 0.015,
        "selected_height_min": 0.1366558370558197,
        "selected_height_max": 0.15922132024736269,
        "selected_points": 25605,
        "selected_ratio": 0.25605
      },
      "plate_support": {
        "plate_status": "ok",
        "plate_lower": -0.054576251573670034,
        "plate_upper": 0.14660451610768438,
        "plate_lo": 0.14346106661266322,
        "plate_hi": 0.14660451610768438,
        "plate_bins": 64,
        "plate_chosen_bin": 63,
        "plate_bin_count": 2240,
        "plate_left_bin": 63,
        "plate_right_bin": 63,
        "plate_points": 2240,
        "plate_min_points": 500,
        "plane_refine_angle_deg": 0.06350304301745259
      }
    }
  }
}