{
  "source_file": "C:\\Users\\gkwld\\Desktop\\3D-Marker-Pose-Estimation\\CAD_to_PointCloud_conversion\\pointnet2\\result\\eval1_real_newmask_height_auto_boxexpand100\\train\\marker_points\\aug_000147_marker.xyz",
  "image_size": 512,
  "point_radius": 2,
  "view_margin": 1.2,
  "plane_fit_q": 0.8,
  "height_mode": "adaptive",
  "top_candidate_q": 0.85,
  "height_band_m": 0.03,
  "basis_mode": "global",
  "plane_refine_enabled": true,
  "flip_x": true,
  "align_2d": false,
  "align_method": "none",
  "color_mode": "raw_z",
  "color_ref": "marker_all_raw_z",
  "invert_jet": false,
  "color_min": 0.10313188,
  "color_max": 0.312979,
  "color_q_min": 0.02,
  "color_q_max": 0.98,
  "plane_center": [
    -4.663672621158105,
    4.5274489254939585,
    0.3125712716108277
  ],
  "plane_normal": [
    0.000511938519263215,
    0.005299980290592042,
    0.9999858239624559
  ],
  "marker_origin": [
    -4.663672621158105,
    4.5274489254939585,
    0.3125712716108277
  ],
  "image_u_axis_3d": [
    -0.9999998689584676,
    2.713264417634814e-06,
    0.0005119313290867876
  ],
  "image_v_axis_3d": [
    -4.235164736275737e-22,
    0.9999859550011478,
    -0.0052999809851043715
  ],
  "u_min": -1.0978504538835074,
  "u_max": 1.06852525378654,
  "v_min": -0.883048267443131,
  "v_max": 1.2839927763842736,
  "pixel_size_u_m": 0.004239482793874848,
  "pixel_size_v_m": 0.004240784821580048,
  "back_projection_note": {
    "pixel_to_uv": "u = u_min + px * pixel_size_u_m, v = v_max - py * pixel_size_v_m",
    "flip_x_note": "if flip_x is true, saved uv and image_u_axis_3d are already mirrored, so use the same pixel_to_uv formula",
    "point_on_plane_3d": "marker_origin + u * image_u_axis_3d + v * image_v_axis_3d",
    "direction_3d": "du * image_u_axis_3d + dv * image_v_axis_3d"
  },
  "debug": {
    "total_points": 100000,
    "basis_mode": "global",
    "height_mode": "adaptive",
    "top_candidate_q": 0.85,
    "height_band_m_input": 0.03,
    "height_band_m_used": 0.015,
    "id_height_center": 0.0008439063357903804,
    "top_id_points": 25886,
    "selected_height_min": -0.013513891682813561,
    "selected_height_max": 0.00515714339632912,
    "height_min": -0.21967010806885898,
    "height_mean": -0.1506406299909138,
    "height_max": 0.00515714339632912,
    "height_q50": -0.2021718573187577,
    "height_q70": -0.19966786817232182,
    "height_q80": -0.0009924473614166683,
    "height_q85": 0.0002864615395640378,
    "height_q90": 0.0010869992123124699,
    "height_q95": 0.0037884717985392927,
    "height_q99": 0.004575720205548035,
    "layer_selection": {
      "height_mode": "adaptive",
      "status": "adaptive_ok",
      "adaptive_search_q": 0.6,
      "adaptive_upper_q": 0.995,
      "adaptive_bins": 64,
      "adaptive_min_points": 300,
      "adaptive_chosen_bin": 63,
      "adaptive_bin_count": 7233,
      "adaptive_layer_bin_left": 62,
      "adaptive_layer_bin_right": 63,
      "adaptive_layer_lo": -0.001678532765850449,
      "adaptive_layer_hi": 0.004761395483622986,
      "adaptive_layer_points": 21999,
      "adaptive_mad": 0.0012953887703064356,
      "adaptive_robust_sigma": 0.0019205433908563213,
      "id_height_center": 0.0008439063357903804,
      "height_band_m": 0.015,
      "selected_height_min": -0.013513891682813561,
      "selected_height_max": 0.00515714339632912,
      "selected_points": 25886,
      "selected_ratio": 0.25886
    },
    "plane_estimation": {
      "plane_refine_used": true,
      "coarse_plane_points": 100000,
      "coarse_plane_center": [
        -4.648297650110005,
        4.726153938289993,
        0.16086748737022644
      ],
      "coarse_plane_normal": [
        -0.0013332140179443373,
        0.010731642310059887,
        0.9999415254862212
      ],
      "coarse_id_layer": {
        "height_mode": "adaptive",
        "status": "adaptive_ok",
        "adaptive_search_q": 0.6,
        "adaptive_upper_q": 0.995,
        "adaptive_bins": 64,
        "adaptive_min_points": 300,
        "adaptive_chosen_bin": 63,
        "adaptive_bin_count": 5390,
        "adaptive_layer_bin_left": 63,
        "adaptive_layer_bin_right": 63,
        "adaptive_layer_lo": 0.1560250053981463,
        "adaptive_layer_hi": 0.15927587809971136,
        "adaptive_layer_points": 5390,
        "adaptive_mad": 0.0007203344715744631,
        "adaptive_robust_sigma": 0.0010679678875562988,
        "id_height_center": 0.1575382289209759,
        "height_band_m": 0.015,
        "selected_height_min": 0.1425477608763591,
        "selected_height_max": 0.16022408612611336,
        "selected_points": 24807,
        "selected_ratio": 0.24807
      },
      "plate_support": {
        "plate_status": "ok",
        "plate_lower": -0.05565306931403983,
        "plate_upper": 0.1525382289209759,
        "plate_lo": 0.14603225085113167,
        "plate_hi": 0.1525382289209759,
        "plate_bins": 64,
        "plate_chosen_bin": 63,
        "plate_bin_count": 8512,
        "plate_left_bin": 62,
        "plate_right_bin": 63,
        "plate_points": 14576,
        "plate_min_points": 500,
        "plane_refine_angle_deg": 0.3286880486281813
      }
    }
  }
}