{
  "source_image": "C:\\Users\\gkwld\\Desktop\\3D-Marker-Pose-Estimation\\CAD_to_PointCloud_conversion\\pointnet2\\new_tema\\yolov2\\dataset\\from_2dimage_existing_labels_no_flipx\\images\\train\\aug_000024.png",
  "source_label": "C:\\Users\\gkwld\\Desktop\\3D-Marker-Pose-Estimation\\CAD_to_PointCloud_conversion\\pointnet2\\new_tema\\yolov2\\dataset\\from_2dimage_existing_labels_no_flipx\\labels\\train\\aug_000024.txt",
  "source_split": "train",
  "output_split": "train",
  "aug_idx": 1,
  "labels": [
    {
      "cls": 0,
      "poly_norm": [
        [
          0.6015906929969788,
          0.6558292508125305
        ],
        [
          0.6246733665466309,
          0.6752188205718994
        ],
        [
          0.5921012163162231,
          0.7139951586723328
        ],
        [
          0.569018542766571,
          0.6946056485176086
        ]
      ]
    },
    {
      "cls": 1,
      "poly_norm": [
        [
          0.3121657073497772,
          0.6517400145530701
        ],
        [
          0.36962443590164185,
          0.5841416120529175
        ],
        [
          0.5749192833900452,
          0.7586421966552734
        ],
        [
          0.5174605250358582,
          0.826240599155426
        ]
      ]
    },
    {
      "cls": 2,
      "poly_norm": [
        [
          0.4654836058616638,
          0.17736361920833588
        ],
        [
          0.5319459438323975,
          0.23385661840438843
        ],
        [
          0.35681766271591187,
          0.43988993763923645
        ],
        [
          0.2903553545475006,
          0.3833969235420227
        ]
      ]
    },
    {
      "cls": 3,
      "poly_norm": [
        [
          0.4844123125076294,
          0.4572390913963318
        ],
        [
          0.7543866038322449,
          0.4337630569934845
        ],
        [
          0.76219242811203,
          0.5235292911529541
        ],
        [
          0.49221813678741455,
          0.547005295753479
        ]
      ]
    }
  ],
  "square_repaired": false,
  "repair_msg": "class0_ok",
  "cls0_aspect": 1.6799,
  "cls1_aspect": 3.037,
  "cls2_aspect": 3.1,
  "cls3_aspect": 3.0075,
  "cls0_visible_px": 347,
  "cls1_visible_px": 5227,
  "cls2_visible_px": 5200,
  "cls3_visible_px": 5348
}