{
  "source_image": "C:\\Users\\gkwld\\Desktop\\3D-Marker-Pose-Estimation\\CAD_to_PointCloud_conversion\\pointnet2\\new_tema\\yolov2\\dataset\\from_2dimage_existing_labels_no_flipx\\images\\val\\aug_000185.png",
  "source_label": "C:\\Users\\gkwld\\Desktop\\3D-Marker-Pose-Estimation\\CAD_to_PointCloud_conversion\\pointnet2\\new_tema\\yolov2\\dataset\\from_2dimage_existing_labels_no_flipx\\labels\\val\\aug_000185.txt",
  "source_split": "val",
  "output_split": "train",
  "aug_idx": 0,
  "labels": [
    {
      "cls": 0,
      "poly_norm": [
        [
          0.561159074306488,
          0.2322065681219101
        ],
        [
          0.6006181836128235,
          0.235688254237175
        ],
        [
          0.5971823334693909,
          0.2746276259422302
        ],
        [
          0.5577232241630554,
          0.27114593982696533
        ]
      ]
    },
    {
      "cls": 1,
      "poly_norm": [
        [
          0.7190904021263123,
          0.22414474189281464
        ],
        [
          0.8322964310646057,
          0.23357856273651123
        ],
        [
          0.8030906915664673,
          0.5840474367141724
        ],
        [
          0.6898846626281738,
          0.574613630771637
        ]
      ]
    },
    {
      "cls": 2,
      "poly_norm": [
        [
          0.19446660578250885,
          0.6683582663536072
        ],
        [
          0.5441257953643799,
          0.6974965333938599
        ],
        [
          0.5346919894218445,
          0.8107025027275085
        ],
        [
          0.18503277003765106,
          0.7815642356872559
        ]
      ]
    },
    {
      "cls": 3,
      "poly_norm": [
        [
          0.2417544424533844,
          0.27769705653190613
        ],
        [
          0.32685789465904236,
          0.2063603401184082
        ],
        [
          0.5515649914741516,
          0.47443199157714844
        ],
        [
          0.46646153926849365,
          0.5457687377929688
        ]
      ]
    }
  ],
  "square_repaired": false,
  "repair_msg": "class0_ok",
  "cls0_aspect": 1.0133,
  "cls1_aspect": 3.0959,
  "cls2_aspect": 3.0887,
  "cls3_aspect": 3.15,
  "cls0_visible_px": 358,
  "cls1_visible_px": 8547,
  "cls2_visible_px": 8548,
  "cls3_visible_px": 8403
}