{
  "source_image": "C:\\Users\\gkwld\\Desktop\\3D-Marker-Pose-Estimation\\CAD_to_PointCloud_conversion\\pointnet2\\new_tema\\yolov2\\dataset\\from_2dimage_existing_labels_no_flipx\\images\\train\\aug_000064.png",
  "source_label": "C:\\Users\\gkwld\\Desktop\\3D-Marker-Pose-Estimation\\CAD_to_PointCloud_conversion\\pointnet2\\new_tema\\yolov2\\dataset\\from_2dimage_existing_labels_no_flipx\\labels\\train\\aug_000064.txt",
  "source_split": "train",
  "output_split": "train",
  "aug_idx": 1,
  "labels": [
    {
      "cls": 0,
      "poly_norm": [
        [
          0.5938959717750549,
          0.6591404676437378
        ],
        [
          0.6163126826286316,
          0.6798328757286072
        ],
        [
          0.5823856592178345,
          0.7165871858596802
        ],
        [
          0.559968888759613,
          0.6958947777748108
        ]
      ]
    },
    {
      "cls": 1,
      "poly_norm": [
        [
          0.3063009977340698,
          0.6419662237167358
        ],
        [
          0.36559054255485535,
          0.5782020688056946
        ],
        [
          0.5621309876441956,
          0.7609501481056213
        ],
        [
          0.5028414130210876,
          0.8247143030166626
        ]
      ]
    },
    {
      "cls": 2,
      "poly_norm": [
        [
          0.48087504506111145,
          0.17758570611476898
        ],
        [
          0.5437186360359192,
          0.23601922392845154
        ],
        [
          0.36059385538101196,
          0.4329647421836853
        ],
        [
          0.2977502644062042,
          0.37453120946884155
        ]
      ]
    },
    {
      "cls": 3,
      "poly_norm": [
        [
          0.48647215962409973,
          0.4568362534046173
        ],
        [
          0.7568849325180054,
          0.44717860221862793
        ],
        [
          0.7600883841514587,
          0.5368741154670715
        ],
        [
          0.4896756112575531,
          0.5465317964553833
        ]
      ]
    }
  ],
  "square_repaired": false,
  "repair_msg": "class0_ok",
  "cls0_aspect": 1.6396,
  "cls1_aspect": 3.0823,
  "cls2_aspect": 3.1339,
  "cls3_aspect": 3.0148,
  "cls0_visible_px": 355,
  "cls1_visible_px": 5159,
  "cls2_visible_px": 5113,
  "cls3_visible_px": 5348
}