{
  "source_image": "C:\\Users\\gkwld\\Desktop\\3D-Marker-Pose-Estimation\\CAD_to_PointCloud_conversion\\pointnet2\\new_tema\\yolov2\\dataset\\from_2dimage_existing_labels_no_flipx\\images\\train\\aug_000146.png",
  "source_label": "C:\\Users\\gkwld\\Desktop\\3D-Marker-Pose-Estimation\\CAD_to_PointCloud_conversion\\pointnet2\\new_tema\\yolov2\\dataset\\from_2dimage_existing_labels_no_flipx\\labels\\train\\aug_000146.txt",
  "source_split": "train",
  "output_split": "train",
  "aug_idx": 0,
  "labels": [
    {
      "cls": 0,
      "poly_norm": [
        [
          0.6712127327919006,
          0.5987815260887146
        ],
        [
          0.7025882601737976,
          0.6105473041534424
        ],
        [
          0.6908224821090698,
          0.6419228911399841
        ],
        [
          0.6594469547271729,
          0.6301570534706116
        ]
      ]
    },
    {
      "cls": 1,
      "poly_norm": [
        [
          0.3630271255970001,
          0.7246869802474976
        ],
        [
          0.3966436982154846,
          0.635042667388916
        ],
        [
          0.673725962638855,
          0.7389485239982605
        ],
        [
          0.6401093602180481,
          0.8285927772521973
        ]
      ]
    },
    {
      "cls": 2,
      "poly_norm": [
        [
          0.3516339063644409,
          0.18298794329166412
        ],
        [
          0.5343538522720337,
          0.2515079081058502
        ],
        [
          0.43036752939224243,
          0.5288046598434448
        ],
        [
          0.24764761328697205,
          0.46028468012809753
        ]
      ]
    },
    {
      "cls": 3,
      "poly_norm": [
        [
          0.7387925982475281,
          0.341049462556839
        ],
        [
          0.7780159711837769,
          0.42708784341812134
        ],
        [
          0.5097506046295166,
          0.5493852496147156
        ],
        [
          0.47052720189094543,
          0.4633468985557556
        ]
      ]
    }
  ],
  "square_repaired": false,
  "repair_msg": "class0_ok",
  "cls0_aspect": 1.0,
  "cls1_aspect": 3.0909,
  "cls2_aspect": 1.5176,
  "cls3_aspect": 3.118,
  "cls0_visible_px": 265,
  "cls1_visible_px": 6262,
  "cls2_visible_px": 6147,
  "cls3_visible_px": 6207
}