{
  "source_image": "C:\\Users\\gkwld\\Desktop\\3D-Marker-Pose-Estimation\\CAD_to_PointCloud_conversion\\pointnet2\\new_tema\\yolov2\\dataset\\from_2dimage_existing_labels_no_flipx\\images\\train\\aug_000089.png",
  "source_label": "C:\\Users\\gkwld\\Desktop\\3D-Marker-Pose-Estimation\\CAD_to_PointCloud_conversion\\pointnet2\\new_tema\\yolov2\\dataset\\from_2dimage_existing_labels_no_flipx\\labels\\train\\aug_000089.txt",
  "source_split": "train",
  "output_split": "train",
  "aug_idx": 3,
  "labels": [
    {
      "cls": 0,
      "poly_norm": [
        [
          0.268405556678772,
          0.38093486428260803
        ],
        [
          0.30399659276008606,
          0.3877792954444885
        ],
        [
          0.29715216159820557,
          0.4233703315258026
        ],
        [
          0.26156115531921387,
          0.4165259003639221
        ]
      ]
    },
    {
      "cls": 1,
      "poly_norm": [
        [
          0.2908717691898346,
          0.1693403720855713
        ],
        [
          0.6078739166259766,
          0.2319580763578415
        ],
        [
          0.5877974629402161,
          0.33359503746032715
        ],
        [
          0.2707953155040741,
          0.27097734808921814
        ]
      ]
    },
    {
      "cls": 2,
      "poly_norm": [
        [
          0.6843794584274292,
          0.479922890663147
        ],
        [
          0.7875975370407104,
          0.5003116130828857
        ],
        [
          0.7249890565872192,
          0.8172671794891357
        ],
        [
          0.621770977973938,
          0.796878457069397
        ]
      ]
    },
    {
      "cls": 3,
      "poly_norm": [
        [
          0.4812699854373932,
          0.4489332139492035
        ],
        [
          0.5385337471961975,
          0.5342196226119995
        ],
        [
          0.27165231108665466,
          0.7134114503860474
        ],
        [
          0.21438853442668915,
          0.628125011920929
        ]
      ]
    }
  ],
  "square_repaired": false,
  "repair_msg": "class0_ok",
  "cls0_aspect": 1.0,
  "cls1_aspect": 3.119,
  "cls2_aspect": 3.0707,
  "cls3_aspect": 3.1292,
  "cls0_visible_px": 292,
  "cls1_visible_px": 7313,
  "cls2_visible_px": 7466,
  "cls3_visible_px": 7249
}