{
  "source_image": "C:\\Users\\gkwld\\Desktop\\3D-Marker-Pose-Estimation\\CAD_to_PointCloud_conversion\\pointnet2\\new_tema\\yolov2\\dataset\\from_2dimage_existing_labels_no_flipx\\images\\train\\aug_000027.png",
  "source_label": "C:\\Users\\gkwld\\Desktop\\3D-Marker-Pose-Estimation\\CAD_to_PointCloud_conversion\\pointnet2\\new_tema\\yolov2\\dataset\\from_2dimage_existing_labels_no_flipx\\labels\\train\\aug_000027.txt",
  "source_split": "train",
  "output_split": "train",
  "aug_idx": 2,
  "labels": [
    {
      "cls": 0,
      "poly_norm": [
        [
          0.6082336902618408,
          0.6517422795295715
        ],
        [
          0.6324635148048401,
          0.6703805923461914
        ],
        [
          0.6012468934059143,
          0.710962176322937
        ],
        [
          0.577017068862915,
          0.6923238635063171
        ]
      ]
    },
    {
      "cls": 1,
      "poly_norm": [
        [
          0.3177480101585388,
          0.6594008803367615
        ],
        [
          0.3715941607952118,
          0.5901702046394348
        ],
        [
          0.5848411917686462,
          0.7560290098190308
        ],
        [
          0.5309950709342957,
          0.8252596855163574
        ]
      ]
    },
    {
      "cls": 2,
      "poly_norm": [
        [
          0.452173113822937,
          0.17672625184059143
        ],
        [
          0.5215739011764526,
          0.23085887730121613
        ],
        [
          0.35408926010131836,
          0.4455828368663788
        ],
        [
          0.28468844294548035,
          0.3914501965045929
        ]
      ]
    },
    {
      "cls": 3,
      "poly_norm": [
        [
          0.4825532138347626,
          0.45925039052963257
        ],
        [
          0.7530333995819092,
          0.42544037103652954
        ],
        [
          0.7640223503112793,
          0.5133525133132935
        ],
        [
          0.4935421645641327,
          0.5471624732017517
        ]
      ]
    }
  ],
  "square_repaired": false,
  "repair_msg": "class0_ok",
  "cls0_aspect": 1.6749,
  "cls1_aspect": 3.0802,
  "cls2_aspect": 3.094,
  "cls3_aspect": 3.0767,
  "cls0_visible_px": 327,
  "cls1_visible_px": 5175,
  "cls2_visible_px": 5312,
  "cls3_visible_px": 5361
}