{
  "source_image": "C:\\Users\\gkwld\\Desktop\\3D-Marker-Pose-Estimation\\CAD_to_PointCloud_conversion\\pointnet2\\new_tema\\yolov2\\dataset\\from_2dimage_existing_labels_no_flipx\\images\\val\\aug_000028.png",
  "source_label": "C:\\Users\\gkwld\\Desktop\\3D-Marker-Pose-Estimation\\CAD_to_PointCloud_conversion\\pointnet2\\new_tema\\yolov2\\dataset\\from_2dimage_existing_labels_no_flipx\\labels\\val\\aug_000028.txt",
  "source_split": "val",
  "output_split": "train",
  "aug_idx": 3,
  "labels": [
    {
      "cls": 0,
      "poly_norm": [
        [
          0.45327267050743103,
          0.2726954221725464
        ],
        [
          0.48464319109916687,
          0.26149171590805054
        ],
        [
          0.4958468973636627,
          0.2928622364997864
        ],
        [
          0.4644763767719269,
          0.3040659427642822
        ]
      ]
    },
    {
      "cls": 1,
      "poly_norm": [
        [
          0.5699852705001831,
          0.21203972399234772
        ],
        [
          0.6620174646377563,
          0.17897962033748627
        ],
        [
          0.762678861618042,
          0.45919913053512573
        ],
        [
          0.6706467270851135,
          0.4922592341899872
        ]
      ]
    },
    {
      "cls": 2,
      "poly_norm": [
        [
          0.6027751564979553,
          0.6357155442237854
        ],
        [
          0.6353614330291748,
          0.7269571423530579
        ],
        [
          0.35581016540527344,
          0.8267967700958252
        ],
        [
          0.32322391867637634,
          0.7355552315711975
        ]
      ]
    },
    {
      "cls": 3,
      "poly_norm": [
        [
          0.22204482555389404,
          0.42085689306259155
        ],
        [
          0.26376649737358093,
          0.3335021138191223
        ],
        [
          0.5320858359336853,
          0.4616546034812927
        ],
        [
          0.4903641939163208,
          0.549009382724762
        ]
      ]
    }
  ],
  "square_repaired": false,
  "repair_msg": "class0_ok",
  "cls0_aspect": 1.0,
  "cls1_aspect": 3.0448,
  "cls2_aspect": 3.0639,
  "cls3_aspect": 3.0716,
  "cls0_visible_px": 295,
  "cls1_visible_px": 6454,
  "cls2_visible_px": 6306,
  "cls3_visible_px": 6307
}