{
  "source_image": "C:\\Users\\gkwld\\Desktop\\3D-Marker-Pose-Estimation\\CAD_to_PointCloud_conversion\\pointnet2\\new_tema\\yolov2\\dataset\\from_2dimage_existing_labels_no_flipx\\images\\train\\aug_000136.png",
  "source_label": "C:\\Users\\gkwld\\Desktop\\3D-Marker-Pose-Estimation\\CAD_to_PointCloud_conversion\\pointnet2\\new_tema\\yolov2\\dataset\\from_2dimage_existing_labels_no_flipx\\labels\\train\\aug_000136.txt",
  "source_split": "train",
  "output_split": "train",
  "aug_idx": 3,
  "labels": [
    {
      "cls": 0,
      "poly_norm": [
        [
          0.3635965883731842,
          0.6466822624206543
        ],
        [
          0.3934731185436249,
          0.6601749062538147
        ],
        [
          0.38013795018196106,
          0.6897027492523193
        ],
        [
          0.3502614200115204,
          0.6762101650238037
        ]
      ]
    },
    {
      "cls": 1,
      "poly_norm": [
        [
          0.2916834354400635,
          0.3522140085697174
        ],
        [
          0.37672218680381775,
          0.3911900818347931
        ],
        [
          0.25667455792427063,
          0.6531121730804443
        ],
        [
          0.17163582146167755,
          0.6141360998153687
        ]
      ]
    },
    {
      "cls": 2,
      "poly_norm": [
        [
          0.5194565057754517,
          0.3370569944381714
        ],
        [
          0.558348536491394,
          0.25086379051208496
        ],
        [
          0.8210524320602417,
          0.36940091848373413
        ],
        [
          0.7821604013442993,
          0.45559415221214294
        ]
      ]
    },
    {
      "cls": 3,
      "poly_norm": [
        [
          0.4507284164428711,
          0.5059657692909241
        ],
        [
          0.5387118458747864,
          0.47255435585975647
        ],
        [
          0.6412481069564819,
          0.7425664663314819
        ],
        [
          0.5532646775245667,
          0.7759779095649719
        ]
      ]
    }
  ],
  "square_repaired": false,
  "repair_msg": "class0_ok",
  "cls0_aspect": 1.0118,
  "cls1_aspect": 3.08,
  "cls2_aspect": 3.0478,
  "cls3_aspect": 3.0689,
  "cls0_visible_px": 301,
  "cls1_visible_px": 5859,
  "cls2_visible_px": 5990,
  "cls3_visible_px": 5999
}