{
  "source_image": "C:\\Users\\gkwld\\Desktop\\3D-Marker-Pose-Estimation\\CAD_to_PointCloud_conversion\\pointnet2\\new_tema\\yolov2\\dataset\\from_2dimage_existing_labels_no_flipx\\images\\train\\aug_000005.png",
  "source_label": "C:\\Users\\gkwld\\Desktop\\3D-Marker-Pose-Estimation\\CAD_to_PointCloud_conversion\\pointnet2\\new_tema\\yolov2\\dataset\\from_2dimage_existing_labels_no_flipx\\labels\\train\\aug_000005.txt",
  "source_split": "train",
  "output_split": "train",
  "aug_idx": 1,
  "labels": [
    {
      "cls": 0,
      "poly_norm": [
        [
          0.6637096405029297,
          0.414812833070755
        ],
        [
          0.6858500242233276,
          0.39267247915267944
        ],
        [
          0.721808910369873,
          0.42863139510154724
        ],
        [
          0.6996685862541199,
          0.4507717490196228
        ]
      ]
    },
    {
      "cls": 1,
      "poly_norm": [
        [
          0.7639197111129761,
          0.4508916139602661
        ],
        [
          0.8243489265441895,
          0.5132092237472534
        ],
        [
          0.6321393251419067,
          0.6995943188667297
        ],
        [
          0.5717101097106934,
          0.6372767090797424
        ]
      ]
    },
    {
      "cls": 2,
      "poly_norm": [
        [
          0.17729775607585907,
          0.5050488710403442
        ],
        [
          0.2385949045419693,
          0.44502875208854675
        ],
        [
          0.4254419803619385,
          0.6358513236045837
        ],
        [
          0.36414483189582825,
          0.6958714127540588
        ]
      ]
    },
    {
      "cls": 3,
      "poly_norm": [
        [
          0.4579256474971771,
          0.24266144633293152
        ],
        [
          0.5459882616996765,
          0.24266144633293152
        ],
        [
          0.5459882616996765,
          0.5107632279396057
        ],
        [
          0.4579256474971771,
          0.5107632279396057
        ]
      ]
    }
  ],
  "square_repaired": false,
  "repair_msg": "class0_ok",
  "cls0_aspect": 1.7213,
  "cls1_aspect": 3.0844,
  "cls2_aspect": 3.1131,
  "cls3_aspect": 3.0444,
  "cls0_visible_px": 416,
  "cls1_visible_px": 5100,
  "cls2_visible_px": 5108,
  "cls3_visible_px": 5306
}