{
  "source_image": "C:\\Users\\gkwld\\Desktop\\3D-Marker-Pose-Estimation\\CAD_to_PointCloud_conversion\\pointnet2\\new_tema\\yolov2\\dataset\\from_2dimage_existing_labels_no_flipx\\images\\val\\aug_000071.png",
  "source_label": "C:\\Users\\gkwld\\Desktop\\3D-Marker-Pose-Estimation\\CAD_to_PointCloud_conversion\\pointnet2\\new_tema\\yolov2\\dataset\\from_2dimage_existing_labels_no_flipx\\labels\\val\\aug_000071.txt",
  "source_split": "val",
  "output_split": "train",
  "aug_idx": 0,
  "labels": [
    {
      "cls": 0,
      "poly_norm": [
        [
          0.4381036162376404,
          0.2837340831756592
        ],
        [
          0.46820640563964844,
          0.2701877951622009
        ],
        [
          0.4816373288631439,
          0.3000342845916748
        ],
        [
          0.4515345096588135,
          0.31358057260513306
        ]
      ]
    },
    {
      "cls": 1,
      "poly_norm": [
        [
          0.5468459129333496,
          0.21695345640182495
        ],
        [
          0.6323055028915405,
          0.1783924102783203
        ],
        [
          0.7506100535392761,
          0.4405807852745056
        ],
        [
          0.6651504635810852,
          0.47914183139801025
        ]
      ]
    },
    {
      "cls": 2,
      "poly_norm": [
        [
          0.6088783144950867,
          0.6231668591499329
        ],
        [
          0.6474393010139465,
          0.7086264491081238
        ],
        [
          0.385250985622406,
          0.8269309997558594
        ],
        [
          0.34668996930122375,
          0.7414714097976685
        ]
      ]
    },
    {
      "cls": 3,
      "poly_norm": [
        [
          0.2259790450334549,
          0.4447783827781677
        ],
        [
          0.2593575716018677,
          0.3568815290927887
        ],
        [
          0.5287419557571411,
          0.4591794013977051
        ],
        [
          0.49536338448524475,
          0.5470762848854065
        ]
      ]
    }
  ],
  "square_repaired": false,
  "repair_msg": "class0_ok",
  "cls0_aspect": 1.0086,
  "cls1_aspect": 3.068,
  "cls2_aspect": 3.068,
  "cls3_aspect": 3.0648,
  "cls0_visible_px": 292,
  "cls1_visible_px": 5967,
  "cls2_visible_px": 5927,
  "cls3_visible_px": 5964
}