{
  "source_file": "/Users/hajiwan/Desktop/object_detection/result/eval1_real_newmask_height_auto_boxexpand100/val/marker_points/1_19_2026_162815_complete_denoise_marker.xyz",
  "image_size": 512,
  "point_radius": 2,
  "view_margin": 1.2,
  "plane_fit_q": 0.8,
  "height_mode": "adaptive",
  "top_candidate_q": 0.85,
  "height_band_m": 0.03,
  "basis_mode": "global",
  "plane_refine_enabled": true,
  "align_2d": false,
  "align_method": "none",
  "color_mode": "raw_z",
  "color_ref": "marker_all_raw_z",
  "invert_jet": false,
  "color_min": -1.584,
  "color_max": -1.33,
  "color_q_min": 0.02,
  "color_q_max": 0.98,
  "plane_center": [
    -1.0702705969049362,
    0.5599146647015472,
    -1.517452910832726
  ],
  "plane_normal": [
    0.13831341595445984,
    0.06045943090838726,
    0.9885413780814856
  ],
  "marker_origin": [
    -1.0702705969049362,
    0.5599146647015472,
    -1.517452910832726
  ],
  "image_u_axis_3d": [
    0.9903885091039103,
    -0.008443505087868267,
    -0.1380554535494548
  ],
  "image_v_axis_3d": [
    1.7347234759785585e-18,
    0.9981349429982225,
    -0.06104617567002209
  ],
  "u_min": -0.4327154289143003,
  "u_max": 0.5004560593582019,
  "v_min": -0.4136111280855542,
  "v_max": 0.5002555503648848,
  "pixel_size_u_m": 0.0018261672960322938,
  "pixel_size_v_m": 0.001788388803229822,
  "back_projection_note": {
    "pixel_to_uv": "u = u_min + px * pixel_size_u_m, v = v_max - py * pixel_size_v_m",
    "point_on_plane_3d": "marker_origin + u * image_u_axis_3d + v * image_v_axis_3d",
    "direction_3d": "du * image_u_axis_3d + dv * image_v_axis_3d"
  },
  "debug": {
    "total_points": 15073,
    "basis_mode": "global",
    "height_mode": "adaptive",
    "top_candidate_q": 0.85,
    "height_band_m_input": 0.03,
    "height_band_m_used": 0.050929944539848726,
    "id_height_center": 0.11193807344206425,
    "top_id_points": 4864,
    "selected_height_min": 0.063329398958535,
    "selected_height_max": 0.1626976699043166,
    "height_min": -0.04578670501887822,
    "height_mean": 0.04598545072146477,
    "height_max": 0.3552374763984533,
    "height_q50": 0.003591022784669922,
    "height_q70": 0.1226679091926987,
    "height_q80": 0.13516878565756407,
    "height_q85": 0.1396479334240567,
    "height_q90": 0.14452228244301218,
    "height_q95": 0.15097502165524102,
    "height_q99": 0.24099512272882198,
    "layer_selection": {
      "height_mode": "keep_upper_down_expand",
      "selection_rule": "upper_fixed_lower_expanded",
      "body_down_expand_m": 0.05,
      "base_id_height_center": 0.13693807344206424,
      "base_height_band_m_used": 0.025929944539848718,
      "base_lower": 0.11100812890221552,
      "base_upper_fixed": 0.16286801798191297,
      "id_height_center": 0.11193807344206425,
      "height_band_m": 0.050929944539848726,
      "height_band_m_used": 0.050929944539848726,
      "new_lower_expanded": 0.06100812890221552,
      "new_upper_fixed": 0.16286801798191297,
      "center_shift_m": -0.024999999999999994,
      "selected_height_min": 0.063329398958535,
      "selected_height_max": 0.1626976699043166
    },
    "plane_estimation": {
      "plane_refine_used": true,
      "coarse_plane_points": 12086,
      "coarse_plane_center": [
        -0.9694180043024988,
        0.5620546913784557,
        -1.5120953168955726
      ],
      "coarse_plane_normal": [
        0.05286049799235536,
        0.03608481014820868,
        0.9979497253001114
      ],
      "coarse_id_layer": {
        "height_mode": "keep_upper_down_expand",
        "selection_rule": "upper_fixed_lower_expanded",
        "body_down_expand_m": 0.05,
        "base_id_height_center": 0.11187683460891507,
        "base_height_band_m_used": 0.039620246638966294,
        "base_lower": 0.07225658796994877,
        "base_upper_fixed": 0.15149708124788136,
        "id_height_center": 0.08687683460891507,
        "height_band_m": 0.06462024663896629,
        "height_band_m_used": 0.06462024663896629,
        "new_lower_expanded": 0.02225658796994877,
        "new_upper_fixed": 0.15149708124788136,
        "center_shift_m": -0.024999999999999994,
        "selected_height_min": 0.02226901065850491,
        "selected_height_max": 0.1513645038821179
      },
      "plate_support": {
        "plate_status": "ok",
        "plate_lower": -0.03696027859164602,
        "plate_upper": 0.08187683460891507,
        "plate_lo": -0.03696027859164602,
        "plate_hi": 0.035456087264945896,
        "plate_bins": 64,
        "plate_chosen_bin": 29,
        "plate_bin_count": 80,
        "plate_left_bin": 0,
        "plate_right_bin": 38,
        "plate_points": 6785,
        "plate_min_points": 76,
        "plane_refine_angle_deg": 5.121537379589243
      }
    }
  }
}