{
  "source_file": "/Users/hajiwan/Desktop/object_detection/result/eval1_real_newmask_height_auto_boxexpand100/val/marker_points/1_19_2026_164154_complete_denoise_marker.xyz",
  "image_size": 512,
  "point_radius": 2,
  "view_margin": 1.2,
  "plane_fit_q": 0.8,
  "height_mode": "adaptive",
  "top_candidate_q": 0.85,
  "height_band_m": 0.03,
  "basis_mode": "global",
  "plane_refine_enabled": true,
  "align_2d": false,
  "align_method": "none",
  "color_mode": "raw_z",
  "color_ref": "marker_all_raw_z",
  "invert_jet": false,
  "color_min": -1.619,
  "color_max": -1.315,
  "color_q_min": 0.02,
  "color_q_max": 0.98,
  "plane_center": [
    -1.3484956331877729,
    1.053305676855895,
    -1.4669355895196436
  ],
  "plane_normal": [
    -0.03750659830742639,
    -0.07577433254362813,
    0.9964193422495236
  ],
  "marker_origin": [
    -1.3484956331877729,
    1.053305676855895,
    -1.4669355895196436
  ],
  "image_u_axis_3d": [
    0.9992963800001528,
    -0.0028440385751433354,
    0.037398614428506685
  ],
  "image_v_axis_3d": [
    0.0,
    0.9971209364817042,
    0.07582768642025996
  ],
  "u_min": -0.4412989873882355,
  "u_max": 0.4660756812375718,
  "v_min": -0.39023834021599635,
  "v_max": 0.5370295978495006,
  "pixel_size_u_m": 0.0017756842830250633,
  "pixel_size_v_m": 0.0018146143602064519,
  "back_projection_note": {
    "pixel_to_uv": "u = u_min + px * pixel_size_u_m, v = v_max - py * pixel_size_v_m",
    "point_on_plane_3d": "marker_origin + u * image_u_axis_3d + v * image_v_axis_3d",
    "direction_3d": "du * image_u_axis_3d + dv * image_v_axis_3d"
  },
  "debug": {
    "total_points": 17448,
    "basis_mode": "global",
    "height_mode": "adaptive",
    "top_candidate_q": 0.85,
    "height_band_m_input": 0.03,
    "height_band_m_used": 0.10500000000000001,
    "id_height_center": 0.04004587461198165,
    "top_id_points": 11242,
    "selected_height_min": -0.06495300092710735,
    "selected_height_max": 0.14353498935390824,
    "height_min": -0.1990208193150001,
    "height_mean": -0.023820340275995364,
    "height_max": 0.24662455009917797,
    "height_q50": -0.04873000278526746,
    "height_q70": 0.005685559051425447,
    "height_q80": 0.06767516026169217,
    "height_q85": 0.0789351869359229,
    "height_q90": 0.09003779265238107,
    "height_q95": 0.10592673865822387,
    "height_q99": 0.17326570436171182,
    "layer_selection": {
      "height_mode": "keep_upper_down_expand",
      "selection_rule": "upper_fixed_lower_expanded",
      "body_down_expand_m": 0.05,
      "base_id_height_center": 0.06504587461198165,
      "base_height_band_m_used": 0.08,
      "base_lower": -0.014954125388018352,
      "base_upper_fixed": 0.14504587461198165,
      "id_height_center": 0.04004587461198165,
      "height_band_m": 0.10500000000000001,
      "height_band_m_used": 0.10500000000000001,
      "new_lower_expanded": -0.06495412538801836,
      "new_upper_fixed": 0.14504587461198165,
      "center_shift_m": -0.025,
      "selected_height_min": -0.06495300092710735,
      "selected_height_max": 0.14353498935390824
    },
    "plane_estimation": {
      "plane_refine_used": true,
      "coarse_plane_points": 13967,
      "coarse_plane_center": [
        -1.3103981527887174,
        1.059419631989685,
        -1.5198891673229686
      ],
      "coarse_plane_normal": [
        -0.02163115611042181,
        -0.07490865441873057,
        0.996955759588409
      ],
      "coarse_id_layer": {
        "height_mode": "keep_upper_down_expand",
        "selection_rule": "upper_fixed_lower_expanded",
        "body_down_expand_m": 0.05,
        "base_id_height_center": 0.11923063252019352,
        "base_height_band_m_used": 0.08,
        "base_lower": 0.039230632520193515,
        "base_upper_fixed": 0.19923063252019352,
        "id_height_center": 0.09423063252019351,
        "height_band_m": 0.10500000000000001,
        "height_band_m_used": 0.10500000000000001,
        "new_lower_expanded": -0.010769367479806488,
        "new_upper_fixed": 0.19923063252019352,
        "center_shift_m": -0.02500000000000001,
        "selected_height_min": -0.010744085636420153,
        "selected_height_max": 0.1990302852837087
      },
      "plate_support": {
        "plate_status": "ok",
        "plate_lower": -0.027639685331305116,
        "plate_upper": 0.0892306325201935,
        "plate_lo": 0.039925967176592525,
        "plate_hi": 0.06914354663946717,
        "plate_bins": 64,
        "plate_chosen_bin": 42,
        "plate_bin_count": 96,
        "plate_left_bin": 37,
        "plate_right_bin": 52,
        "plate_points": 916,
        "plate_min_points": 88,
        "plane_refine_angle_deg": 0.9114750984809968
      }
    }
  }
}