{
  "source_file": "/Users/hajiwan/Desktop/object_detection/result/eval1_real_newmask_height_auto_boxexpand100/val/marker_points/1_19_2026_163055_complete_denoise_marker.xyz",
  "image_size": 512,
  "point_radius": 2,
  "view_margin": 1.2,
  "plane_fit_q": 0.8,
  "height_mode": "adaptive",
  "top_candidate_q": 0.85,
  "height_band_m": 0.03,
  "basis_mode": "global",
  "plane_refine_enabled": true,
  "align_2d": false,
  "align_method": "none",
  "color_mode": "raw_z",
  "color_ref": "marker_all_raw_z",
  "invert_jet": false,
  "color_min": -1.589,
  "color_max": -1.378,
  "color_q_min": 0.02,
  "color_q_max": 0.98,
  "plane_center": [
    -1.0518227969604024,
    0.5557944540727895,
    -1.5220692441007637
  ],
  "plane_normal": [
    0.1387267187096371,
    0.05268324333413195,
    0.9889283964907944
  ],
  "marker_origin": [
    -1.0518227969604024,
    0.5557944540727895,
    -1.5220692441007637
  ],
  "image_u_axis_3d": [
    0.9903307010863165,
    -0.007379932249595082,
    -0.13853028219077881
  ],
  "image_v_axis_3d": [
    0.0,
    0.9985840037121503,
    -0.05319762709193137
  ],
  "u_min": -0.5384419093768471,
  "u_max": 0.49779788276303855,
  "v_min": -0.44796667790306877,
  "v_max": 0.5108216618384019,
  "pixel_size_u_m": 0.002027866520821694,
  "pixel_size_v_m": 0.001876298120824796,
  "back_projection_note": {
    "pixel_to_uv": "u = u_min + px * pixel_size_u_m, v = v_max - py * pixel_size_v_m",
    "point_on_plane_3d": "marker_origin + u * image_u_axis_3d + v * image_v_axis_3d",
    "direction_3d": "du * image_u_axis_3d + dv * image_v_axis_3d"
  },
  "debug": {
    "total_points": 80568,
    "basis_mode": "global",
    "height_mode": "adaptive",
    "top_candidate_q": 0.85,
    "height_band_m_input": 0.03,
    "height_band_m_used": 0.04744378739249736,
    "id_height_center": 0.11368138454041962,
    "top_id_points": 24793,
    "selected_height_min": 0.06629702227619766,
    "selected_height_max": 0.1611113876453225,
    "height_min": -0.14665447678336938,
    "height_mean": 0.03926538554116703,
    "height_max": 0.2019853320922147,
    "height_q50": 0.002501221433737262,
    "height_q70": 0.0929915158168855,
    "height_q80": 0.1343641020254511,
    "height_q85": 0.13851874197437694,
    "height_q90": 0.1424619240191757,
    "height_q95": 0.1468835347740599,
    "height_q99": 0.1540130025855945,
    "layer_selection": {
      "height_mode": "keep_upper_down_expand",
      "selection_rule": "upper_fixed_lower_expanded",
      "body_down_expand_m": 0.05,
      "base_id_height_center": 0.13868138454041962,
      "base_height_band_m_used": 0.022443787392497368,
      "base_lower": 0.11623759714792226,
      "base_upper_fixed": 0.16112517193291698,
      "id_height_center": 0.11368138454041962,
      "height_band_m": 0.04744378739249736,
      "height_band_m_used": 0.04744378739249736,
      "new_lower_expanded": 0.06623759714792225,
      "new_upper_fixed": 0.16112517193291698,
      "center_shift_m": -0.024999999999999994,
      "selected_height_min": 0.06629702227619766,
      "selected_height_max": 0.1611113876453225
    },
    "plane_estimation": {
      "plane_refine_used": true,
      "coarse_plane_points": 64610,
      "coarse_plane_center": [
        -0.9733764897074814,
        0.5633227054635508,
        -1.519224655626253
      ],
      "coarse_plane_normal": [
        0.0788730918429756,
        0.0341047805030081,
        0.9963011087658042
      ],
      "coarse_id_layer": {
        "height_mode": "keep_upper_down_expand",
        "selection_rule": "upper_fixed_lower_expanded",
        "body_down_expand_m": 0.05,
        "base_id_height_center": 0.12059335641239774,
        "base_height_band_m_used": 0.029493925491594217,
        "base_lower": 0.09109943092080353,
        "base_upper_fixed": 0.15008728190399195,
        "id_height_center": 0.09559335641239775,
        "height_band_m": 0.054493925491594215,
        "height_band_m_used": 0.054493925491594215,
        "new_lower_expanded": 0.04109943092080352,
        "new_upper_fixed": 0.15008728190399195,
        "center_shift_m": -0.024999999999999994,
        "selected_height_min": 0.041102903830621124,
        "selected_height_max": 0.14815434619157722
      },
      "plate_support": {
        "plate_status": "ok",
        "plate_lower": -0.0308263985823134,
        "plate_upper": 0.09059335641239774,
        "plate_lo": -0.0308263985823134,
        "plate_hi": 0.027986295243249807,
        "plate_bins": 64,
        "plate_chosen_bin": 27,
        "plate_bin_count": 563,
        "plate_left_bin": 0,
        "plate_right_bin": 30,
        "plate_points": 37505,
        "plate_min_points": 403,
        "plane_refine_angle_deg": 3.616128548081746
      }
    }
  }
}