{
  "source_file": "/Users/hajiwan/Desktop/object_detection/result/eval1_real_newmask_height_auto_boxexpand100/val/marker_points/1_19_2026_165030_complete_denoise_marker.xyz",
  "image_size": 512,
  "point_radius": 2,
  "view_margin": 1.2,
  "plane_fit_q": 0.8,
  "height_mode": "adaptive",
  "top_candidate_q": 0.85,
  "height_band_m": 0.03,
  "basis_mode": "global",
  "plane_refine_enabled": true,
  "align_2d": false,
  "align_method": "none",
  "color_mode": "raw_z",
  "color_ref": "marker_all_raw_z",
  "invert_jet": false,
  "color_min": -1.594,
  "color_max": -1.349,
  "color_q_min": 0.02,
  "color_q_max": 0.98,
  "plane_center": [
    -0.9443834048640926,
    0.6245000000000002,
    -1.415660944206007
  ],
  "plane_normal": [
    0.01900056588192069,
    -0.05684834339985991,
    0.9982020057818249
  ],
  "marker_origin": [
    -0.9443834048640926,
    0.6245000000000002,
    -1.415660944206007
  ],
  "image_u_axis_3d": [
    0.9998194729520764,
    0.0010803457256695216,
    -0.018969827541250657
  ],
  "image_v_axis_3d": [
    -2.168404344973178e-19,
    0.9983822407794545,
    0.0568586079164393
  ],
  "u_min": -0.7490691941984701,
  "u_max": 0.2799331657229801,
  "v_min": -0.5466396120587059,
  "v_max": 0.4054597823066344,
  "pixel_size_u_m": 0.0020137032483785716,
  "pixel_size_v_m": 0.0018632082081513509,
  "back_projection_note": {
    "pixel_to_uv": "u = u_min + px * pixel_size_u_m, v = v_max - py * pixel_size_v_m",
    "point_on_plane_3d": "marker_origin + u * image_u_axis_3d + v * image_v_axis_3d",
    "direction_3d": "du * image_u_axis_3d + dv * image_v_axis_3d"
  },
  "debug": {
    "total_points": 72879,
    "basis_mode": "global",
    "height_mode": "adaptive",
    "top_candidate_q": 0.85,
    "height_band_m_input": 0.03,
    "height_band_m_used": 0.09826368779880544,
    "id_height_center": 0.008933665161567808,
    "top_id_points": 33642,
    "selected_height_min": -0.08932485510393441,
    "selected_height_max": 0.08349418212682265,
    "height_min": -0.2010407888812336,
    "height_mean": -0.06910149383637504,
    "height_max": 0.08349418212682265,
    "height_q50": -0.09612624311576118,
    "height_q70": -0.03594271657676645,
    "height_q80": 0.01594385142709001,
    "height_q85": 0.03230832672168772,
    "height_q90": 0.04760053257226032,
    "height_q95": 0.058518716446087325,
    "height_q99": 0.07380933674235177,
    "layer_selection": {
      "height_mode": "keep_upper_down_expand",
      "selection_rule": "upper_fixed_lower_expanded",
      "body_down_expand_m": 0.05,
      "base_id_height_center": 0.03393366516156781,
      "base_height_band_m_used": 0.07326368779880543,
      "base_lower": -0.03933002263723762,
      "base_upper_fixed": 0.10719735296037325,
      "id_height_center": 0.008933665161567808,
      "height_band_m": 0.09826368779880544,
      "height_band_m_used": 0.09826368779880544,
      "new_lower_expanded": -0.08933002263723763,
      "new_upper_fixed": 0.10719735296037325,
      "center_shift_m": -0.025,
      "selected_height_min": -0.08932485510393441,
      "selected_height_max": 0.08349418212682265
    },
    "plane_estimation": {
      "plane_refine_used": true,
      "coarse_plane_points": 58368,
      "coarse_plane_center": [
        -1.0918555544133701,
        0.5614107901589905,
        -1.5143267029880056
      ],
      "coarse_plane_normal": [
        0.022650583853743293,
        -0.056372040015142,
        0.998152866125032
      ],
      "coarse_id_layer": {
        "height_mode": "keep_upper_down_expand",
        "selection_rule": "upper_fixed_lower_expanded",
        "body_down_expand_m": 0.05,
        "base_id_height_center": 0.13147507121504012,
        "base_height_band_m_used": 0.0717640285981565,
        "base_lower": 0.05971104261688362,
        "base_upper_fixed": 0.20323909981319663,
        "id_height_center": 0.10647507121504013,
        "height_band_m": 0.0967640285981565,
        "height_band_m_used": 0.0967640285981565,
        "new_lower_expanded": 0.009711042616883617,
        "new_upper_fixed": 0.20323909981319663,
        "center_shift_m": -0.024999999999999994,
        "selected_height_min": 0.00971186978135764,
        "selected_height_max": 0.18076238278628617
      },
      "plate_support": {
        "plate_status": "ok",
        "plate_lower": -0.03030292097665923,
        "plate_upper": 0.10147507121504012,
        "plate_lo": 0.09323894670305893,
        "plate_hi": 0.10147507121504012,
        "plate_bins": 64,
        "plate_chosen_bin": 63,
        "plate_bin_count": 497,
        "plate_left_bin": 60,
        "plate_right_bin": 63,
        "plate_points": 1398,
        "plate_min_points": 365,
        "plane_refine_angle_deg": 0.21092264518054435
      }
    }
  }
}