{
  "source_file": "/Users/hajiwan/Desktop/object_detection/result/eval1_real_newmask_height_auto_boxexpand100/val/marker_points/1_19_2026_164025_complete_denoise_marker.xyz",
  "image_size": 512,
  "point_radius": 2,
  "view_margin": 1.2,
  "plane_fit_q": 0.8,
  "height_mode": "adaptive",
  "top_candidate_q": 0.85,
  "height_band_m": 0.03,
  "basis_mode": "global",
  "plane_refine_enabled": true,
  "align_2d": false,
  "align_method": "none",
  "color_mode": "raw_z",
  "color_ref": "marker_all_raw_z",
  "invert_jet": false,
  "color_min": -1.61,
  "color_max": -1.407,
  "color_q_min": 0.02,
  "color_q_max": 0.98,
  "plane_center": [
    -0.745125918867414,
    0.7868836101279584,
    -1.57271950721478
  ],
  "plane_normal": [
    0.04716785716503945,
    -0.05077076308730904,
    0.9975958715151095
  ],
  "marker_origin": [
    -0.745125918867414,
    0.7868836101279584,
    -1.57271950721478
  ],
  "image_u_axis_3d": [
    0.9988869772143719,
    0.002397416480627044,
    -0.0471068906185823
  ],
  "image_v_axis_3d": [
    0.0,
    0.9987074556684509,
    0.05082733506932334
  ],
  "u_min": -0.34754139940586637,
  "u_max": 0.3957077502219276,
  "v_min": -0.3422610919652924,
  "v_max": 0.4467880788348221,
  "pixel_size_u_m": 0.0014544993143401055,
  "pixel_size_v_m": 0.0015441275358123571,
  "back_projection_note": {
    "pixel_to_uv": "u = u_min + px * pixel_size_u_m, v = v_max - py * pixel_size_v_m",
    "point_on_plane_3d": "marker_origin + u * image_u_axis_3d + v * image_v_axis_3d",
    "direction_3d": "du * image_u_axis_3d + dv * image_v_axis_3d"
  },
  "debug": {
    "total_points": 34285,
    "basis_mode": "global",
    "height_mode": "adaptive",
    "top_candidate_q": 0.85,
    "height_band_m_input": 0.03,
    "height_band_m_used": 0.05321804491755626,
    "id_height_center": 0.11225370870814345,
    "top_id_points": 11263,
    "selected_height_min": 0.059108667747465676,
    "selected_height_max": 0.16488820787357006,
    "height_min": -0.057890323300226657,
    "height_mean": 0.04287591718340663,
    "height_max": 0.23532840091153767,
    "height_q50": 0.004837293660935051,
    "height_q70": 0.11822656122710373,
    "height_q80": 0.13390039288960873,
    "height_q85": 0.13890635540788546,
    "height_q90": 0.14403932015511428,
    "height_q95": 0.15014797904016663,
    "height_q99": 0.18439827992834892,
    "layer_selection": {
      "height_mode": "keep_upper_down_expand",
      "selection_rule": "upper_fixed_lower_expanded",
      "body_down_expand_m": 0.05,
      "base_id_height_center": 0.13725370870814346,
      "base_height_band_m_used": 0.028218044917556265,
      "base_lower": 0.1090356637905872,
      "base_upper_fixed": 0.1654717536256997,
      "id_height_center": 0.11225370870814345,
      "height_band_m": 0.05321804491755626,
      "height_band_m_used": 0.05321804491755626,
      "new_lower_expanded": 0.059035663790587195,
      "new_upper_fixed": 0.1654717536256997,
      "center_shift_m": -0.02500000000000001,
      "selected_height_min": 0.059108667747465676,
      "selected_height_max": 0.16488820787357006
    },
    "plane_estimation": {
      "plane_refine_used": true,
      "coarse_plane_points": 27706,
      "coarse_plane_center": [
        -0.6713225294160197,
        0.7976170143651212,
        -1.5569985201761893
      ],
      "coarse_plane_normal": [
        -0.030772935349233102,
        -0.02807423649744774,
        0.9991320551824354
      ],
      "coarse_id_layer": {
        "height_mode": "keep_upper_down_expand",
        "selection_rule": "upper_fixed_lower_expanded",
        "body_down_expand_m": 0.05,
        "base_id_height_center": 0.11286950592461434,
        "base_height_band_m_used": 0.04345626088186869,
        "base_lower": 0.06941324504274565,
        "base_upper_fixed": 0.15632576680648302,
        "id_height_center": 0.08786950592461434,
        "height_band_m": 0.06845626088186868,
        "height_band_m_used": 0.06845626088186868,
        "new_lower_expanded": 0.01941324504274565,
        "new_upper_fixed": 0.15632576680648302,
        "center_shift_m": -0.024999999999999994,
        "selected_height_min": 0.019416427442917716,
        "selected_height_max": 0.15629566730356897
      },
      "plate_support": {
        "plate_status": "ok",
        "plate_lower": -0.03703999986912066,
        "plate_upper": 0.08286950592461434,
        "plate_lo": -0.03703999986912066,
        "plate_hi": 0.028535511111828164,
        "plate_bins": 64,
        "plate_chosen_bin": 29,
        "plate_bin_count": 222,
        "plate_left_bin": 0,
        "plate_right_bin": 34,
        "plate_points": 14692,
        "plate_min_points": 172,
        "plane_refine_angle_deg": 4.653279475031673
      }
    }
  }
}