{
  "source_file": "/Users/hajiwan/Desktop/object_detection/result/eval1_real_newmask_height_auto_boxexpand100/val/marker_points/1_19_2026_162954_complete_denoise_marker.xyz",
  "image_size": 512,
  "point_radius": 2,
  "view_margin": 1.2,
  "plane_fit_q": 0.8,
  "height_mode": "adaptive",
  "top_candidate_q": 0.85,
  "height_band_m": 0.03,
  "basis_mode": "global",
  "plane_refine_enabled": true,
  "align_2d": false,
  "align_method": "none",
  "color_mode": "raw_z",
  "color_ref": "marker_all_raw_z",
  "invert_jet": false,
  "color_min": -1.59,
  "color_max": -1.374,
  "color_q_min": 0.02,
  "color_q_max": 0.98,
  "plane_center": [
    -1.0516223917110386,
    0.5486478630018716,
    -1.5206346236868664
  ],
  "plane_normal": [
    0.14237406451311546,
    0.0548298293467894,
    0.9882931324085062
  ],
  "marker_origin": [
    -1.0516223917110386,
    0.5486478630018716,
    -1.5206346236868664
  ],
  "image_u_axis_3d": [
    0.9898129246236766,
    -0.007886687945214901,
    -0.1421554585626527
  ],
  "image_v_axis_3d": [
    1.7347234759785597e-18,
    0.9984645662040574,
    -0.0553941335607255
  ],
  "u_min": -0.5221501958356463,
  "u_max": 0.49522693377753635,
  "v_min": -0.44031254795817376,
  "v_max": 0.5158220532224312,
  "pixel_size_u_m": 0.0019909532869142516,
  "pixel_size_v_m": 0.0018711048946782876,
  "back_projection_note": {
    "pixel_to_uv": "u = u_min + px * pixel_size_u_m, v = v_max - py * pixel_size_v_m",
    "point_on_plane_3d": "marker_origin + u * image_u_axis_3d + v * image_v_axis_3d",
    "direction_3d": "du * image_u_axis_3d + dv * image_v_axis_3d"
  },
  "debug": {
    "total_points": 14533,
    "basis_mode": "global",
    "height_mode": "adaptive",
    "top_candidate_q": 0.85,
    "height_band_m_input": 0.03,
    "height_band_m_used": 0.04728555053189285,
    "id_height_center": 0.11328710775701192,
    "top_id_points": 4541,
    "selected_height_min": 0.06639215924396287,
    "selected_height_max": 0.16015420297503494,
    "height_min": -0.16098019949865097,
    "height_mean": 0.03920957678076258,
    "height_max": 0.20791139395288188,
    "height_q50": 0.001891930692228018,
    "height_q70": 0.10347533466136129,
    "height_q80": 0.1344399331710881,
    "height_q85": 0.13821392078528089,
    "height_q90": 0.14231225850146254,
    "height_q95": 0.14702618025975425,
    "height_q99": 0.15434734302979253,
    "layer_selection": {
      "height_mode": "keep_upper_down_expand",
      "selection_rule": "upper_fixed_lower_expanded",
      "body_down_expand_m": 0.05,
      "base_id_height_center": 0.13828710775701192,
      "base_height_band_m_used": 0.022285550531892847,
      "base_lower": 0.11600155722511907,
      "base_upper_fixed": 0.16057265828890477,
      "id_height_center": 0.11328710775701192,
      "height_band_m": 0.04728555053189285,
      "height_band_m_used": 0.04728555053189285,
      "new_lower_expanded": 0.06600155722511906,
      "new_upper_fixed": 0.16057265828890477,
      "center_shift_m": -0.024999999999999994,
      "selected_height_min": 0.06639215924396287,
      "selected_height_max": 0.16015420297503494
    },
    "plane_estimation": {
      "plane_refine_used": true,
      "coarse_plane_points": 11647,
      "coarse_plane_center": [
        -0.9688798832317357,
        0.5622635871898337,
        -1.5192021979909096
      ],
      "coarse_plane_normal": [
        0.07627399904090601,
        0.02814434864014166,
        0.996689607003068
      ],
      "coarse_id_layer": {
        "height_mode": "keep_upper_down_expand",
        "selection_rule": "upper_fixed_lower_expanded",
        "body_down_expand_m": 0.05,
        "base_id_height_center": 0.12006249644221534,
        "base_height_band_m_used": 0.0317543004402618,
        "base_lower": 0.08830819600195354,
        "base_upper_fixed": 0.15181679688247712,
        "id_height_center": 0.09506249644221533,
        "height_band_m": 0.05675430044026179,
        "height_band_m_used": 0.05675430044026179,
        "new_lower_expanded": 0.03830819600195354,
        "new_upper_fixed": 0.15181679688247712,
        "center_shift_m": -0.02500000000000001,
        "selected_height_min": 0.03831225921002154,
        "selected_height_max": 0.15033729397368825
      },
      "plate_support": {
        "plate_status": "ok",
        "plate_lower": -0.0316655209889067,
        "plate_upper": 0.09006249644221533,
        "plate_lo": -0.0316655209889067,
        "plate_hi": 0.03870848908846072,
        "plate_bins": 64,
        "plate_chosen_bin": 26,
        "plate_bin_count": 78,
        "plate_left_bin": 0,
        "plate_right_bin": 36,
        "plate_points": 6949,
        "plate_min_points": 73,
        "plane_refine_angle_deg": 4.113361190740244
      }
    }
  }
}