class,template_x,template_y
0,-2.202065282037847e-17,-0.8207836340019511
1,0.8917081295236512,-0.4195627260358288
2,-0.3069944035566815,1.364491880326519
3,-0.5847137259669698,-0.12414552028873907
