{
  "source_file": "/Users/hajiwan/Desktop/object_detection/result/eval1_real_newmask_height_auto_boxexpand100/val/marker_points/1_19_2026_163908_complete_denoise_marker.xyz",
  "image_size": 512,
  "point_radius": 2,
  "view_margin": 1.2,
  "plane_fit_q": 0.8,
  "height_mode": "adaptive",
  "top_candidate_q": 0.85,
  "height_band_m": 0.03,
  "basis_mode": "global",
  "plane_refine_enabled": true,
  "align_2d": false,
  "align_method": "none",
  "color_mode": "raw_z",
  "color_ref": "marker_all_raw_z",
  "invert_jet": false,
  "color_min": -1.606,
  "color_max": -1.404,
  "color_q_min": 0.02,
  "color_q_max": 0.98,
  "plane_center": [
    -0.5287287699433867,
    0.8116700977869257,
    -1.4581574884199728
  ],
  "plane_normal": [
    -0.06345843235446205,
    -0.02478572503249713,
    0.9976766486170395
  ],
  "marker_origin": [
    -0.5287287699433867,
    0.8116700977869257,
    -1.4581574884199728
  ],
  "image_u_axis_3d": [
    0.9979844825252174,
    -0.0015760397910677259,
    0.06343885824513774
  ],
  "image_v_axis_3d": [
    4.336808689946364e-19,
    0.9996915443931645,
    0.024835781985063275
  ],
  "u_min": -0.5591114738291568,
  "u_max": 0.16642063325594417,
  "v_min": -0.43680946910691526,
  "v_max": 0.42184225475427545,
  "pixel_size_u_m": 0.001419827998209591,
  "pixel_size_v_m": 0.0016803360545228781,
  "back_projection_note": {
    "pixel_to_uv": "u = u_min + px * pixel_size_u_m, v = v_max - py * pixel_size_v_m",
    "point_on_plane_3d": "marker_origin + u * image_u_axis_3d + v * image_v_axis_3d",
    "direction_3d": "du * image_u_axis_3d + dv * image_v_axis_3d"
  },
  "debug": {
    "total_points": 33253,
    "basis_mode": "global",
    "height_mode": "adaptive",
    "top_candidate_q": 0.85,
    "height_band_m_input": 0.03,
    "height_band_m_used": 0.05404684051598324,
    "id_height_center": 0.006667991711509679,
    "top_id_points": 11253,
    "selected_height_min": -0.04736064251028321,
    "selected_height_max": 0.06069251566426486,
    "height_min": -0.1610508553266407,
    "height_mean": -0.058511404360254,
    "height_max": 0.15230944232477034,
    "height_q50": -0.0838069565643028,
    "height_q70": 0.0025175701471943177,
    "height_q80": 0.017637723796314266,
    "height_q85": 0.02650621198075466,
    "height_q90": 0.040594197916434774,
    "height_q95": 0.060179031317369854,
    "height_q99": 0.11295532898671447,
    "layer_selection": {
      "height_mode": "keep_upper_down_expand",
      "selection_rule": "upper_fixed_lower_expanded",
      "body_down_expand_m": 0.02,
      "base_id_height_center": 0.01666799171150968,
      "base_height_band_m_used": 0.044046840515983246,
      "base_lower": -0.027378848804473565,
      "base_upper_fixed": 0.060714832227492924,
      "id_height_center": 0.006667991711509679,
      "height_band_m": 0.05404684051598324,
      "height_band_m_used": 0.05404684051598324,
      "new_lower_expanded": -0.047378848804473565,
      "new_upper_fixed": 0.060714832227492924,
      "center_shift_m": -0.010000000000000002,
      "selected_height_min": -0.04736064251028321,
      "selected_height_max": 0.06069251566426486
    },
    "plane_estimation": {
      "plane_refine_used": true,
      "coarse_plane_points": 26888,
      "coarse_plane_center": [
        -0.6757447560250024,
        0.7976453808390366,
        -1.5516318060101808
      ],
      "coarse_plane_normal": [
        -0.06624027212416052,
        -0.03319429456603506,
        0.9972514051908778
      ],
      "coarse_id_layer": {
        "height_mode": "keep_upper_down_expand",
        "selection_rule": "upper_fixed_lower_expanded",
        "body_down_expand_m": 0.02,
        "base_id_height_center": 0.10385541949084698,
        "base_height_band_m_used": 0.03887945393424649,
        "base_lower": 0.06497596555660048,
        "base_upper_fixed": 0.14273487342509347,
        "id_height_center": 0.09385541949084697,
        "height_band_m": 0.048879453934246496,
        "height_band_m_used": 0.048879453934246496,
        "new_lower_expanded": 0.04497596555660048,
        "new_upper_fixed": 0.14273487342509347,
        "center_shift_m": -0.010000000000000009,
        "selected_height_min": 0.04498448635927555,
        "selected_height_max": 0.1427290531160639
      },
      "plate_support": {
        "plate_status": "ok",
        "plate_lower": -0.040084328804448295,
        "plate_upper": 0.08885541949084697,
        "plate_lo": 0.07475263452104905,
        "plate_hi": 0.08885541949084697,
        "plate_bins": 64,
        "plate_chosen_bin": 63,
        "plate_bin_count": 408,
        "plate_left_bin": 57,
        "plate_right_bin": 63,
        "plate_points": 1943,
        "plate_min_points": 167,
        "plane_refine_angle_deg": 0.5080427632131129
      }
    }
  }
}