{
  "source_file": "/Users/hajiwan/Desktop/object_detection/result/eval1_real_newmask_height_auto_boxexpand100/val/marker_points/1_19_2026_164852_complete_denoise_marker.xyz",
  "image_size": 512,
  "point_radius": 2,
  "view_margin": 1.2,
  "plane_fit_q": 0.8,
  "height_mode": "adaptive",
  "top_candidate_q": 0.85,
  "height_band_m": 0.03,
  "basis_mode": "global",
  "plane_refine_enabled": true,
  "align_2d": false,
  "align_method": "none",
  "color_mode": "raw_z",
  "color_ref": "marker_all_raw_z",
  "invert_jet": false,
  "color_min": -1.596,
  "color_max": -1.349,
  "color_q_min": 0.02,
  "color_q_max": 0.98,
  "plane_center": [
    -0.9584284719805073,
    0.6238357117995134,
    -1.4068280542986342
  ],
  "plane_normal": [
    0.021010133856763848,
    -0.05522906666234378,
    0.9982526355932788
  ],
  "marker_origin": [
    -0.9584284719805073,
    0.6238357117995134,
    -1.4068280542986342
  ],
  "image_u_axis_3d": [
    0.9997792627741997,
    0.001160626276782184,
    -0.020978052133670835
  ],
  "image_v_axis_3d": [
    2.1684043449731775e-19,
    0.9984730357602313,
    0.055241260464873314
  ],
  "u_min": -0.7323075367913164,
  "u_max": 0.29414048532952874,
  "v_min": -0.5225618399794096,
  "v_max": 0.39941081378253945,
  "pixel_size_u_m": 0.002008704544267799,
  "pixel_size_v_m": 0.0018042517686143818,
  "back_projection_note": {
    "pixel_to_uv": "u = u_min + px * pixel_size_u_m, v = v_max - py * pixel_size_v_m",
    "point_on_plane_3d": "marker_origin + u * image_u_axis_3d + v * image_v_axis_3d",
    "direction_3d": "du * image_u_axis_3d + dv * image_v_axis_3d"
  },
  "debug": {
    "total_points": 28863,
    "basis_mode": "global",
    "height_mode": "adaptive",
    "top_candidate_q": 0.85,
    "height_band_m_input": 0.03,
    "height_band_m_used": 0.08270981474321934,
    "id_height_center": 0.01335414400997919,
    "top_id_points": 9503,
    "selected_height_min": -0.069344347827485,
    "selected_height_max": 0.07162469757541608,
    "height_min": -0.21121820192899318,
    "height_mean": -0.07935410101661668,
    "height_max": 0.07162469757541608,
    "height_q50": -0.10621734270753903,
    "height_q70": -0.04725203259788514,
    "height_q80": 0.0060467830563666605,
    "height_q85": 0.020768099122728527,
    "height_q90": 0.037808662929121134,
    "height_q95": 0.04831126256928855,
    "height_q99": 0.0633574097493299,
    "layer_selection": {
      "height_mode": "keep_upper_down_expand",
      "selection_rule": "upper_fixed_lower_expanded",
      "body_down_expand_m": 0.02,
      "base_id_height_center": 0.02335414400997919,
      "base_height_band_m_used": 0.07270981474321933,
      "base_lower": -0.04935567073324014,
      "base_upper_fixed": 0.09606395875319852,
      "id_height_center": 0.01335414400997919,
      "height_band_m": 0.08270981474321934,
      "height_band_m_used": 0.08270981474321934,
      "new_lower_expanded": -0.06935567073324014,
      "new_upper_fixed": 0.09606395875319852,
      "center_shift_m": -0.010000000000000002,
      "selected_height_min": -0.069344347827485,
      "selected_height_max": 0.07162469757541608
    },
    "plane_estimation": {
      "plane_refine_used": true,
      "coarse_plane_points": 23093,
      "coarse_plane_center": [
        -1.0906495041787374,
        0.5636052916468175,
        -1.5155534144545313
      ],
      "coarse_plane_normal": [
        0.010835621228517204,
        -0.05958265467290197,
        0.9981645638734737
      ],
      "coarse_id_layer": {
        "height_mode": "keep_upper_down_expand",
        "selection_rule": "upper_fixed_lower_expanded",
        "body_down_expand_m": 0.02,
        "base_id_height_center": 0.1315492577749387,
        "base_height_band_m_used": 0.07778839801715069,
        "base_lower": 0.05376085975778801,
        "base_upper_fixed": 0.2093376557920894,
        "id_height_center": 0.1215492577749387,
        "height_band_m": 0.0877883980171507,
        "height_band_m_used": 0.0877883980171507,
        "new_lower_expanded": 0.033760859757788,
        "new_upper_fixed": 0.2093376557920894,
        "center_shift_m": -0.009999999999999995,
        "selected_height_min": 0.03376704555618071,
        "selected_height_max": 0.1813833785703433
      },
      "plate_support": {
        "plate_status": "ok",
        "plate_lower": -0.030920514927443202,
        "plate_upper": 0.1165492577749387,
        "plate_lo": 0.09350710579019153,
        "plate_hi": 0.1165492577749387,
        "plate_bins": 64,
        "plate_chosen_bin": 63,
        "plate_bin_count": 308,
        "plate_left_bin": 54,
        "plate_right_bin": 63,
        "plate_points": 2873,
        "plate_min_points": 145,
        "plane_refine_angle_deg": 0.6341052249015923
      }
    }
  }
}