{
  "source_file": "/Users/hajiwan/Desktop/object_detection/result/eval1_real_newmask_height_auto_boxexpand100/val/marker_points/1_19_2026_165420_complete_denoise_marker.xyz",
  "image_size": 512,
  "point_radius": 2,
  "view_margin": 1.2,
  "plane_fit_q": 0.8,
  "height_mode": "adaptive",
  "top_candidate_q": 0.85,
  "height_band_m": 0.03,
  "basis_mode": "global",
  "plane_refine_enabled": true,
  "align_2d": false,
  "align_method": "none",
  "color_mode": "raw_z",
  "color_ref": "marker_all_raw_z",
  "invert_jet": false,
  "color_min": -1.599,
  "color_max": -1.348,
  "color_q_min": 0.02,
  "color_q_max": 0.98,
  "plane_center": [
    -1.2528354450898158,
    0.567090004052401,
    -1.524424044306347
  ],
  "plane_normal": [
    -0.048807376798306906,
    -0.044120235288408007,
    0.9978332750545873
  ],
  "marker_origin": [
    -1.2528354450898158,
    0.567090004052401,
    -1.524424044306347
  ],
  "image_u_axis_3d": [
    0.9988082098020997,
    -0.002155962403005929,
    0.04875973601281284
  ],
  "image_v_axis_3d": [
    4.336808689946361e-19,
    0.9990239019474021,
    0.04417288009387295
  ],
  "u_min": -0.694810424128824,
  "u_max": 0.6264896831823019,
  "v_min": -0.46789729069790453,
  "v_max": 0.4782515979151084,
  "pixel_size_u_m": 0.002585714495716489,
  "pixel_size_v_m": 0.0018515633828043306,
  "back_projection_note": {
    "pixel_to_uv": "u = u_min + px * pixel_size_u_m, v = v_max - py * pixel_size_v_m",
    "point_on_plane_3d": "marker_origin + u * image_u_axis_3d + v * image_v_axis_3d",
    "direction_3d": "du * image_u_axis_3d + dv * image_v_axis_3d"
  },
  "debug": {
    "total_points": 140317,
    "basis_mode": "global",
    "height_mode": "adaptive",
    "top_candidate_q": 0.85,
    "height_band_m_input": 0.03,
    "height_band_m_used": 0.06599999999999999,
    "id_height_center": 0.09216873884272243,
    "top_id_points": 44432,
    "selected_height_min": 0.02616978097809588,
    "selected_height_max": 0.15814379465356604,
    "height_min": -0.10228027447202881,
    "height_mean": 0.025620361923535756,
    "height_max": 0.21681258576179785,
    "height_q50": -0.0015667896543971405,
    "height_q70": 0.051244842276241195,
    "height_q80": 0.10309722628109777,
    "height_q85": 0.13150857575315603,
    "height_q90": 0.15130295139888397,
    "height_q95": 0.16709587062519968,
    "height_q99": 0.18178033691981368,
    "layer_selection": {
      "height_mode": "keep_upper_down_expand",
      "selection_rule": "upper_fixed_lower_expanded",
      "body_down_expand_m": 0.02,
      "base_id_height_center": 0.10216873884272244,
      "base_height_band_m_used": 0.055999999999999994,
      "base_lower": 0.04616873884272245,
      "base_upper_fixed": 0.15816873884272242,
      "id_height_center": 0.09216873884272243,
      "height_band_m": 0.06599999999999999,
      "height_band_m_used": 0.06599999999999999,
      "new_lower_expanded": 0.026168738842722448,
      "new_upper_fixed": 0.15816873884272242,
      "center_shift_m": -0.010000000000000009,
      "selected_height_min": 0.02616978097809588,
      "selected_height_max": 0.15814379465356604
    },
    "plane_estimation": {
      "plane_refine_used": true,
      "coarse_plane_points": 112378,
      "coarse_plane_center": [
        -1.1952578529605398,
        0.5736169268006192,
        -1.5263069284022555
      ],
      "coarse_plane_normal": [
        -0.06131220548673578,
        -0.04088352833122249,
        0.9972809787454799
      ],
      "coarse_id_layer": {
        "height_mode": "keep_upper_down_expand",
        "selection_rule": "upper_fixed_lower_expanded",
        "body_down_expand_m": 0.02,
        "base_id_height_center": 0.10403965982246552,
        "base_height_band_m_used": 0.055999999999999994,
        "base_lower": 0.048039659822465525,
        "base_upper_fixed": 0.1600396598224655,
        "id_height_center": 0.09403965982246552,
        "height_band_m": 0.06599999999999999,
        "height_band_m_used": 0.06599999999999999,
        "new_lower_expanded": 0.028039659822465524,
        "new_upper_fixed": 0.1600396598224655,
        "center_shift_m": -0.009999999999999995,
        "selected_height_min": 0.0280442231145685,
        "selected_height_max": 0.1600358159043223
      },
      "plate_support": {
        "plate_status": "ok",
        "plate_lower": -0.033613006607570904,
        "plate_upper": 0.08903965982246552,
        "plate_lo": -0.033613006607570904,
        "plate_hi": 0.07179162860574165,
        "plate_bins": 64,
        "plate_chosen_bin": 50,
        "plate_bin_count": 763,
        "plate_left_bin": 0,
        "plate_right_bin": 54,
        "plate_points": 74030,
        "plate_min_points": 702,
        "plane_refine_angle_deg": 0.7407667966929607
      }
    }
  }
}