{
  "source_file": "/Users/hajiwan/Desktop/object_detection/result/eval1_real_newmask_height_auto_boxexpand100/val/marker_points/1_19_2026_162815_complete_denoise_marker.xyz",
  "image_size": 512,
  "point_radius": 2,
  "view_margin": 1.2,
  "plane_fit_q": 0.8,
  "height_mode": "adaptive",
  "top_candidate_q": 0.85,
  "height_band_m": 0.03,
  "basis_mode": "global",
  "plane_refine_enabled": true,
  "align_2d": false,
  "align_method": "none",
  "color_mode": "raw_z",
  "color_ref": "marker_all_raw_z",
  "invert_jet": false,
  "color_min": -1.584,
  "color_max": -1.33,
  "color_q_min": 0.02,
  "color_q_max": 0.98,
  "plane_center": [
    -0.843824355971896,
    0.5884402810304451,
    -1.426885245901635
  ],
  "plane_normal": [
    0.050894143606793577,
    0.03655478813121849,
    0.9980348358695765
  ],
  "marker_origin": [
    -0.843824355971896,
    0.5884402810304451,
    -1.426885245901635
  ],
  "image_u_axis_3d": [
    0.9987040533333882,
    -0.001862838776365098,
    -0.0508600401607375
  ],
  "image_v_axis_3d": [
    0.0,
    0.9993299141396574,
    -0.036602222659628425
  ],
  "u_min": -0.6539418731979841,
  "u_max": 0.27625241409845913,
  "v_min": -0.43959073609564275,
  "v_max": 0.4748993000687248,
  "pixel_size_u_m": 0.0018203410710302217,
  "pixel_size_v_m": 0.001789608681339271,
  "back_projection_note": {
    "pixel_to_uv": "u = u_min + px * pixel_size_u_m, v = v_max - py * pixel_size_v_m",
    "point_on_plane_3d": "marker_origin + u * image_u_axis_3d + v * image_v_axis_3d",
    "direction_3d": "du * image_u_axis_3d + dv * image_v_axis_3d"
  },
  "debug": {
    "total_points": 15073,
    "basis_mode": "global",
    "height_mode": "adaptive",
    "top_candidate_q": 0.85,
    "height_band_m_input": 0.03,
    "height_band_m_used": 0.05004602483998037,
    "id_height_center": 0.009308065480198458,
    "top_id_points": 4784,
    "selected_height_min": -0.039761476474742805,
    "selected_height_max": 0.05934029782329647,
    "height_min": -0.16201316140086758,
    "height_mean": -0.06517219481818712,
    "height_max": 0.23815219023062464,
    "height_q50": -0.0948508159770826,
    "height_q70": 0.002250966044935125,
    "height_q80": 0.017377220657924585,
    "height_q85": 0.023656461727606062,
    "height_q90": 0.031111625275382682,
    "height_q95": 0.04894658613208171,
    "height_q99": 0.13177576705726765,
    "layer_selection": {
      "height_mode": "keep_upper_down_expand",
      "selection_rule": "upper_fixed_lower_expanded",
      "body_down_expand_m": 0.02,
      "base_id_height_center": 0.019308065480198457,
      "base_height_band_m_used": 0.040046024839980376,
      "base_lower": -0.02073795935978192,
      "base_upper_fixed": 0.05935409032017883,
      "id_height_center": 0.009308065480198458,
      "height_band_m": 0.05004602483998037,
      "height_band_m_used": 0.05004602483998037,
      "new_lower_expanded": -0.04073795935978192,
      "new_upper_fixed": 0.05935409032017883,
      "center_shift_m": -0.009999999999999998,
      "selected_height_min": -0.039761476474742805,
      "selected_height_max": 0.05934029782329647
    },
    "plane_estimation": {
      "plane_refine_used": true,
      "coarse_plane_points": 12086,
      "coarse_plane_center": [
        -0.9694180043024988,
        0.5620546913784557,
        -1.5120953168955726
      ],
      "coarse_plane_normal": [
        0.05286049799235536,
        0.03608481014820868,
        0.9979497253001114
      ],
      "coarse_id_layer": {
        "height_mode": "keep_upper_down_expand",
        "selection_rule": "upper_fixed_lower_expanded",
        "body_down_expand_m": 0.02,
        "base_id_height_center": 0.11187683460891507,
        "base_height_band_m_used": 0.039620246638966294,
        "base_lower": 0.07225658796994877,
        "base_upper_fixed": 0.15149708124788136,
        "id_height_center": 0.10187683460891506,
        "height_band_m": 0.049620246638966296,
        "height_band_m_used": 0.049620246638966296,
        "new_lower_expanded": 0.05225658796994877,
        "new_upper_fixed": 0.15149708124788136,
        "center_shift_m": -0.010000000000000009,
        "selected_height_min": 0.05229361818829715,
        "selected_height_max": 0.1513645038821179
      },
      "plate_support": {
        "plate_status": "ok",
        "plate_lower": -0.03696027859164602,
        "plate_upper": 0.09687683460891505,
        "plate_lo": 0.08642081014012122,
        "plate_hi": 0.09687683460891505,
        "plate_bins": 64,
        "plate_chosen_bin": 63,
        "plate_bin_count": 128,
        "plate_left_bin": 59,
        "plate_right_bin": 63,
        "plate_points": 427,
        "plate_min_points": 76,
        "plane_refine_angle_deg": 0.1159397912908353
      }
    }
  }
}