{
  "source_file": "/Users/hajiwan/Desktop/object_detection/result/eval1_real_newmask_height_auto_boxexpand100/val/marker_points/1_19_2026_163055_complete_denoise_marker.xyz",
  "image_size": 512,
  "point_radius": 2,
  "view_margin": 1.2,
  "plane_fit_q": 0.8,
  "height_mode": "adaptive",
  "top_candidate_q": 0.85,
  "height_band_m": 0.03,
  "basis_mode": "global",
  "plane_refine_enabled": true,
  "align_2d": false,
  "align_method": "none",
  "color_mode": "raw_z",
  "color_ref": "marker_all_raw_z",
  "invert_jet": false,
  "color_min": -1.589,
  "color_max": -1.378,
  "color_q_min": 0.02,
  "color_q_max": 0.98,
  "plane_center": [
    -0.8547626973965013,
    0.5648023900981654,
    -1.4271020059752313
  ],
  "plane_normal": [
    0.0736142902211503,
    0.02847854583356675,
    0.9968800874229767
  ],
  "marker_origin": [
    -0.8547626973965013,
    0.5648023900981654,
    -1.4271020059752313
  ],
  "image_u_axis_3d": [
    0.9972867873752527,
    -0.002102131467701378,
    -0.07358426984100976
  ],
  "image_v_axis_3d": [
    4.3368086899463665e-19,
    0.9995921935812113,
    -0.028556024399451686
  ],
  "u_min": -0.7362401749958811,
  "u_max": 0.3072677339984313,
  "v_min": -0.4567939038852017,
  "v_max": 0.504562703468569,
  "pixel_size_u_m": 0.0020420898414761496,
  "pixel_size_v_m": 0.0018813240848410385,
  "back_projection_note": {
    "pixel_to_uv": "u = u_min + px * pixel_size_u_m, v = v_max - py * pixel_size_v_m",
    "point_on_plane_3d": "marker_origin + u * image_u_axis_3d + v * image_v_axis_3d",
    "direction_3d": "du * image_u_axis_3d + dv * image_v_axis_3d"
  },
  "debug": {
    "total_points": 80568,
    "basis_mode": "global",
    "height_mode": "adaptive",
    "top_candidate_q": 0.85,
    "height_band_m_input": 0.03,
    "height_band_m_used": 0.04107346842861165,
    "id_height_center": 0.009193924916252375,
    "top_id_points": 24647,
    "selected_height_min": -0.0317780120522555,
    "selected_height_max": 0.04778383026977255,
    "height_min": -0.2245609251215371,
    "height_mean": -0.07565759282684821,
    "height_max": 0.07201596400164063,
    "height_q50": -0.10475650226405867,
    "height_q70": -0.020679203790558997,
    "height_q80": 0.013976312769299429,
    "height_q85": 0.019324354384810685,
    "height_q90": 0.025267680387148734,
    "height_q95": 0.031013680124991033,
    "height_q99": 0.039353123605708674,
    "layer_selection": {
      "height_mode": "keep_upper_down_expand",
      "selection_rule": "upper_fixed_lower_expanded",
      "body_down_expand_m": 0.02,
      "base_id_height_center": 0.019193924916252377,
      "base_height_band_m_used": 0.03107346842861165,
      "base_lower": -0.011879543512359272,
      "base_upper_fixed": 0.05026739334486403,
      "id_height_center": 0.009193924916252375,
      "height_band_m": 0.04107346842861165,
      "height_band_m_used": 0.04107346842861165,
      "new_lower_expanded": -0.031879543512359276,
      "new_upper_fixed": 0.05026739334486403,
      "center_shift_m": -0.010000000000000002,
      "selected_height_min": -0.0317780120522555,
      "selected_height_max": 0.04778383026977255
    },
    "plane_estimation": {
      "plane_refine_used": true,
      "coarse_plane_points": 64610,
      "coarse_plane_center": [
        -0.9733764897074814,
        0.5633227054635508,
        -1.519224655626253
      ],
      "coarse_plane_normal": [
        0.0788730918429756,
        0.0341047805030081,
        0.9963011087658042
      ],
      "coarse_id_layer": {
        "height_mode": "keep_upper_down_expand",
        "selection_rule": "upper_fixed_lower_expanded",
        "body_down_expand_m": 0.02,
        "base_id_height_center": 0.12059335641239774,
        "base_height_band_m_used": 0.029493925491594217,
        "base_lower": 0.09109943092080353,
        "base_upper_fixed": 0.15008728190399195,
        "id_height_center": 0.11059335641239773,
        "height_band_m": 0.039493925491594216,
        "height_band_m_used": 0.039493925491594216,
        "new_lower_expanded": 0.07109943092080352,
        "new_upper_fixed": 0.15008728190399195,
        "center_shift_m": -0.010000000000000009,
        "selected_height_min": 0.07110353728839715,
        "selected_height_max": 0.14815434619157722
      },
      "plate_support": {
        "plate_status": "ok",
        "plate_lower": -0.0308263985823134,
        "plate_upper": 0.10559335641239773,
        "plate_lo": 0.09493556305343592,
        "plate_hi": 0.10559335641239773,
        "plate_bins": 64,
        "plate_chosen_bin": 63,
        "plate_bin_count": 683,
        "plate_left_bin": 59,
        "plate_right_bin": 63,
        "plate_points": 2343,
        "plate_min_points": 403,
        "plane_refine_angle_deg": 0.44249641355222524
      }
    }
  }
}