{
  "source_file": "/Users/hajiwan/Desktop/object_detection/result/eval1_real_newmask_height_auto_boxexpand100/val/marker_points/1_19_2026_164154_complete_denoise_marker.xyz",
  "image_size": 512,
  "point_radius": 2,
  "view_margin": 1.2,
  "plane_fit_q": 0.8,
  "height_mode": "adaptive",
  "top_candidate_q": 0.85,
  "height_band_m": 0.03,
  "basis_mode": "global",
  "plane_refine_enabled": true,
  "align_2d": false,
  "align_method": "none",
  "color_mode": "raw_z",
  "color_ref": "marker_all_raw_z",
  "invert_jet": false,
  "color_min": -1.619,
  "color_max": -1.315,
  "color_q_min": 0.02,
  "color_q_max": 0.98,
  "plane_center": [
    -1.2831046218026112,
    1.053568997694585,
    -1.5127913053024427
  ],
  "plane_normal": [
    0.005115350841889034,
    -0.048769250475575274,
    0.9987969730589972
  ],
  "marker_origin": [
    -1.2831046218026112,
    1.053568997694585,
    -1.5127913053024427
  ],
  "image_u_axis_3d": [
    0.9999869165062933,
    0.0002494750904838085,
    -0.005109263784023905
  ],
  "image_v_axis_3d": [
    -5.421010862432944e-20,
    0.9988100409828837,
    0.048769888556056504
  ],
  "u_min": -0.5013530355609839,
  "u_max": 0.407368350808259,
  "v_min": -0.38465059677183444,
  "v_max": 0.5424916941914275,
  "pixel_size_u_m": 0.001778319738491669,
  "pixel_size_v_m": 0.001814368475466266,
  "back_projection_note": {
    "pixel_to_uv": "u = u_min + px * pixel_size_u_m, v = v_max - py * pixel_size_v_m",
    "point_on_plane_3d": "marker_origin + u * image_u_axis_3d + v * image_v_axis_3d",
    "direction_3d": "du * image_u_axis_3d + dv * image_v_axis_3d"
  },
  "debug": {
    "total_points": 17448,
    "basis_mode": "global",
    "height_mode": "adaptive",
    "top_candidate_q": 0.85,
    "height_band_m_input": 0.03,
    "height_band_m_used": 0.09000000000000001,
    "id_height_center": 0.10382950374169432,
    "top_id_points": 6166,
    "selected_height_min": 0.01383599134098978,
    "selected_height_max": 0.19180045581651506,
    "height_min": -0.13218542138621095,
    "height_mean": 0.024102889521375563,
    "height_max": 0.3024468676402551,
    "height_q50": -0.0012578582122476567,
    "height_q70": 0.05560259201452892,
    "height_q80": 0.11960631073581889,
    "height_q85": 0.13165401848067979,
    "height_q90": 0.1403929202883246,
    "height_q95": 0.15083245825764835,
    "height_q99": 0.23298230707522458,
    "layer_selection": {
      "height_mode": "keep_upper_down_expand",
      "selection_rule": "upper_fixed_lower_expanded",
      "body_down_expand_m": 0.02,
      "base_id_height_center": 0.11382950374169432,
      "base_height_band_m_used": 0.08,
      "base_lower": 0.033829503741694314,
      "base_upper_fixed": 0.19382950374169433,
      "id_height_center": 0.10382950374169432,
      "height_band_m": 0.09000000000000001,
      "height_band_m_used": 0.09000000000000001,
      "new_lower_expanded": 0.013829503741694314,
      "new_upper_fixed": 0.19382950374169433,
      "center_shift_m": -0.009999999999999995,
      "selected_height_min": 0.01383599134098978,
      "selected_height_max": 0.19180045581651506
    },
    "plane_estimation": {
      "plane_refine_used": true,
      "coarse_plane_points": 13967,
      "coarse_plane_center": [
        -1.3103981527887174,
        1.059419631989685,
        -1.5198891673229686
      ],
      "coarse_plane_normal": [
        -0.02163115611042181,
        -0.07490865441873057,
        0.996955759588409
      ],
      "coarse_id_layer": {
        "height_mode": "keep_upper_down_expand",
        "selection_rule": "upper_fixed_lower_expanded",
        "body_down_expand_m": 0.02,
        "base_id_height_center": 0.11923063252019352,
        "base_height_band_m_used": 0.08,
        "base_lower": 0.039230632520193515,
        "base_upper_fixed": 0.19923063252019352,
        "id_height_center": 0.10923063252019352,
        "height_band_m": 0.09,
        "height_band_m_used": 0.09,
        "new_lower_expanded": 0.019230632520193514,
        "new_upper_fixed": 0.19923063252019352,
        "center_shift_m": -0.009999999999999995,
        "selected_height_min": 0.019244355882586127,
        "selected_height_max": 0.1990302852837087
      },
      "plate_support": {
        "plate_status": "ok",
        "plate_lower": -0.027639685331305116,
        "plate_upper": 0.10423063252019352,
        "plate_lo": -0.027639685331305116,
        "plate_hi": 0.07744447420660786,
        "plate_bins": 64,
        "plate_chosen_bin": 37,
        "plate_bin_count": 98,
        "plate_left_bin": 0,
        "plate_right_bin": 50,
        "plate_points": 9109,
        "plate_min_points": 88,
        "plane_refine_angle_deg": 2.1454939853979456
      }
    }
  }
}