{
  "source_file": "/Users/hajiwan/Desktop/object_detection/result/eval1_real_newmask_height_auto_boxexpand100/val/marker_points/1_19_2026_164738_complete_denoise_marker.xyz",
  "image_size": 512,
  "point_radius": 2,
  "view_margin": 1.2,
  "plane_fit_q": 0.8,
  "height_mode": "adaptive",
  "top_candidate_q": 0.85,
  "height_band_m": 0.03,
  "basis_mode": "global",
  "plane_refine_enabled": true,
  "align_2d": false,
  "align_method": "none",
  "color_mode": "raw_z",
  "color_ref": "marker_all_raw_z",
  "invert_jet": false,
  "color_min": -1.578,
  "color_max": -1.356,
  "color_q_min": 0.02,
  "color_q_max": 0.98,
  "plane_center": [
    -0.9694646365422406,
    0.6411168958742639,
    -1.4162175834970585
  ],
  "plane_normal": [
    0.03464769588344453,
    -0.04142026654560162,
    0.9985408848350976
  ],
  "marker_origin": [
    -0.9694646365422406,
    0.6411168958742639,
    -1.4162175834970585
  ],
  "image_u_axis_3d": [
    0.9993995883369035,
    0.001435978977206224,
    -0.03461792591135231
  ],
  "image_v_axis_3d": [
    -2.1684043449731784e-19,
    0.9991407806118557,
    0.0414451506974178
  ],
  "u_min": -0.690451530647428,
  "u_max": 0.32219246067615737,
  "v_min": -0.4882854618707575,
  "v_max": 0.38554791049520054,
  "pixel_size_u_m": 0.001981690785369052,
  "pixel_size_v_m": 0.0017100457384852407,
  "back_projection_note": {
    "pixel_to_uv": "u = u_min + px * pixel_size_u_m, v = v_max - py * pixel_size_v_m",
    "point_on_plane_3d": "marker_origin + u * image_u_axis_3d + v * image_v_axis_3d",
    "direction_3d": "du * image_u_axis_3d + dv * image_v_axis_3d"
  },
  "debug": {
    "total_points": 29100,
    "basis_mode": "global",
    "height_mode": "adaptive",
    "top_candidate_q": 0.85,
    "height_band_m_input": 0.03,
    "height_band_m_used": 0.07377910465100845,
    "id_height_center": 0.012227207209893946,
    "top_id_points": 10332,
    "selected_height_min": -0.06151556819823881,
    "selected_height_max": 0.08550442395450891,
    "height_min": -0.20500931736881797,
    "height_mean": -0.07418441012810752,
    "height_max": 0.08550442395450891,
    "height_q50": -0.10470407392787899,
    "height_q70": -0.006553420046388983,
    "height_q80": 0.012730918635077106,
    "height_q85": 0.024128852057876335,
    "height_q90": 0.03665891297877231,
    "height_q95": 0.04857097118670437,
    "height_q99": 0.06313442587010609,
    "layer_selection": {
      "height_mode": "keep_upper_down_expand",
      "selection_rule": "upper_fixed_lower_expanded",
      "body_down_expand_m": 0.02,
      "base_id_height_center": 0.022227207209893952,
      "base_height_band_m_used": 0.06377910465100846,
      "base_lower": -0.04155189744111451,
      "base_upper_fixed": 0.0860063118609024,
      "id_height_center": 0.012227207209893946,
      "height_band_m": 0.07377910465100845,
      "height_band_m_used": 0.07377910465100845,
      "new_lower_expanded": -0.061551897441114514,
      "new_upper_fixed": 0.0860063118609024,
      "center_shift_m": -0.010000000000000005,
      "selected_height_min": -0.06151556819823881,
      "selected_height_max": 0.08550442395450891
    },
    "plane_estimation": {
      "plane_refine_used": true,
      "coarse_plane_points": 23308,
      "coarse_plane_center": [
        -1.069616011669808,
        0.5672976231336876,
        -1.5177880126995016
      ],
      "coarse_plane_normal": [
        0.0340875704701008,
        -0.05557580339317395,
        0.9978724205100816
      ],
      "coarse_id_layer": {
        "height_mode": "keep_upper_down_expand",
        "selection_rule": "upper_fixed_lower_expanded",
        "body_down_expand_m": 0.02,
        "base_id_height_center": 0.12215548464133277,
        "base_height_band_m_used": 0.06418533457015221,
        "base_lower": 0.05797015007118056,
        "base_upper_fixed": 0.186340819211485,
        "id_height_center": 0.11215548464133276,
        "height_band_m": 0.07418533457015222,
        "height_band_m_used": 0.07418533457015222,
        "new_lower_expanded": 0.037970150071180556,
        "new_upper_fixed": 0.186340819211485,
        "center_shift_m": -0.010000000000000009,
        "selected_height_min": 0.03797900761445981,
        "selected_height_max": 0.18582476738847384
      },
      "plate_support": {
        "plate_status": "ok",
        "plate_lower": -0.036133440820298644,
        "plate_upper": 0.10715548464133276,
        "plate_lo": 0.09148325841896682,
        "plate_hi": 0.10715548464133276,
        "plate_bins": 64,
        "plate_chosen_bin": 63,
        "plate_bin_count": 431,
        "plate_left_bin": 57,
        "plate_right_bin": 63,
        "plate_points": 2036,
        "plate_min_points": 146,
        "plane_refine_angle_deg": 0.8125971460083503
      }
    }
  }
}