metric,train_synthetic,val_synthetic,real
gray_mean,8.623090,8.660258,8.731621
gray_std,32.828292,32.824550,32.519360
nonzero_ratio,0.079670,0.079976,0.079480
dark_ratio,0.920457,0.920100,0.920520
edge_density,0.025746,0.025348,0.025340
saturation_mean,19.674704,19.752955,19.914131
value_mean,17.360955,17.459828,18.135898
nonzero_saturation_mean,246.952956,246.986676,249.876031
nonzero_value_mean,217.945327,218.333255,227.991009
