{
  "source_file": "/Users/hajiwan/Desktop/object_detection/result/eval1_real_newmask_height_auto_boxexpand100/val/marker_points/1_19_2026_164154_complete_denoise_marker.xyz",
  "image_size": 512,
  "point_radius": 2,
  "view_margin": 1.2,
  "plane_fit_q": 0.8,
  "height_mode": "adaptive",
  "top_candidate_q": 0.85,
  "height_band_m": 0.03,
  "basis_mode": "global",
  "plane_refine_enabled": true,
  "align_2d": false,
  "align_method": "none",
  "color_mode": "raw_z",
  "color_ref": "marker_all_raw_z",
  "invert_jet": false,
  "color_min": -1.619,
  "color_max": -1.315,
  "color_q_min": 0.02,
  "color_q_max": 0.98,
  "plane_center": [
    -1.2822566252935224,
    1.0524107122889406,
    -1.514103544671803
  ],
  "plane_normal": [
    0.0038938973288623123,
    -0.045303328248875646,
    0.9989656881050355
  ],
  "marker_origin": [
    -1.2822566252935224,
    1.0524107122889406,
    -1.514103544671803
  ],
  "image_u_axis_3d": [
    0.9999924187520585,
    0.00017640784624813784,
    -0.003889899314820693
  ],
  "image_v_axis_3d": [
    0.0,
    0.9989732615680195,
    0.04530367170719822
  ],
  "u_min": -0.5022610052297934,
  "u_max": 0.40638040332752423,
  "v_min": -0.38310985446203194,
  "v_max": 0.5439671562552287,
  "pixel_size_u_m": 0.001778163226139565,
  "pixel_size_v_m": 0.0018142407254740913,
  "back_projection_note": {
    "pixel_to_uv": "u = u_min + px * pixel_size_u_m, v = v_max - py * pixel_size_v_m",
    "point_on_plane_3d": "marker_origin + u * image_u_axis_3d + v * image_v_axis_3d",
    "direction_3d": "du * image_u_axis_3d + dv * image_v_axis_3d"
  },
  "debug": {
    "total_points": 17448,
    "basis_mode": "global",
    "height_mode": "adaptive",
    "top_candidate_q": 0.85,
    "height_band_m_input": 0.03,
    "height_band_m_used": 0.095,
    "id_height_center": 0.10037071231030967,
    "top_id_points": 7126,
    "selected_height_min": 0.005371372108929148,
    "selected_height_max": 0.1929386069560395,
    "height_min": -0.1292705560252015,
    "height_mean": 0.025430305974743498,
    "height_max": 0.30353885279476084,
    "height_q50": -0.00024420044555699454,
    "height_q70": 0.057239448219097655,
    "height_q80": 0.12121826690784047,
    "height_q85": 0.13319847213976638,
    "height_q90": 0.14133459514810823,
    "height_q95": 0.15213512274063246,
    "height_q99": 0.234117406526676,
    "layer_selection": {
      "height_mode": "keep_upper_down_expand",
      "selection_rule": "upper_fixed_lower_expanded",
      "body_down_expand_m": 0.03,
      "base_id_height_center": 0.11537071231030968,
      "base_height_band_m_used": 0.08,
      "base_lower": 0.03537071231030968,
      "base_upper_fixed": 0.19537071231030967,
      "id_height_center": 0.10037071231030967,
      "height_band_m": 0.095,
      "height_band_m_used": 0.095,
      "new_lower_expanded": 0.0053707123103096804,
      "new_upper_fixed": 0.19537071231030967,
      "center_shift_m": -0.015000000000000013,
      "selected_height_min": 0.005371372108929148,
      "selected_height_max": 0.1929386069560395
    },
    "plane_estimation": {
      "plane_refine_used": true,
      "coarse_plane_points": 13967,
      "coarse_plane_center": [
        -1.3103981527887174,
        1.059419631989685,
        -1.5198891673229686
      ],
      "coarse_plane_normal": [
        -0.02163115611042181,
        -0.07490865441873057,
        0.996955759588409
      ],
      "coarse_id_layer": {
        "height_mode": "keep_upper_down_expand",
        "selection_rule": "upper_fixed_lower_expanded",
        "body_down_expand_m": 0.03,
        "base_id_height_center": 0.11923063252019352,
        "base_height_band_m_used": 0.08,
        "base_lower": 0.039230632520193515,
        "base_upper_fixed": 0.19923063252019352,
        "id_height_center": 0.10423063252019352,
        "height_band_m": 0.095,
        "height_band_m_used": 0.095,
        "new_lower_expanded": 0.009230632520193516,
        "new_upper_fixed": 0.19923063252019352,
        "center_shift_m": -0.015,
        "selected_height_min": 0.009234512624611849,
        "selected_height_max": 0.1990302852837087
      },
      "plate_support": {
        "plate_status": "ok",
        "plate_lower": -0.027639685331305116,
        "plate_upper": 0.09923063252019351,
        "plate_lo": -0.027639685331305116,
        "plate_hi": 0.06949540177374852,
        "plate_bins": 64,
        "plate_chosen_bin": 39,
        "plate_bin_count": 95,
        "plate_left_bin": 0,
        "plate_right_bin": 48,
        "plate_points": 8943,
        "plate_min_points": 88,
        "plane_refine_angle_deg": 2.242776045627898
      }
    }
  }
}