{
  "source_file": "/Users/hajiwan/Desktop/object_detection/result/eval1_real_newmask_height_auto_boxexpand100/val/marker_points/1_19_2026_164852_complete_denoise_marker.xyz",
  "image_size": 512,
  "point_radius": 2,
  "view_margin": 1.2,
  "plane_fit_q": 0.8,
  "height_mode": "adaptive",
  "top_candidate_q": 0.85,
  "height_band_m": 0.03,
  "basis_mode": "global",
  "plane_refine_enabled": true,
  "align_2d": false,
  "align_method": "none",
  "color_mode": "raw_z",
  "color_ref": "marker_all_raw_z",
  "invert_jet": false,
  "color_min": -1.596,
  "color_max": -1.349,
  "color_q_min": 0.02,
  "color_q_max": 0.98,
  "plane_center": [
    -0.9487906189555118,
    0.6202833655705989,
    -1.4089163442939925
  ],
  "plane_normal": [
    0.017222314519172312,
    -0.05758900534971253,
    0.9981918144041423
  ],
  "marker_origin": [
    -0.9487906189555118,
    0.6202833655705989,
    -1.4089163442939925
  ],
  "image_u_axis_3d": [
    0.9998516849416235,
    0.0009919630860400759,
    -0.01719372346619663
  ],
  "image_v_axis_3d": [
    0.0,
    0.998339883241207,
    0.057597547933339044
  ],
  "u_min": -0.7426990242822594,
  "u_max": 0.2839129617628403,
  "v_min": -0.519292179242062,
  "v_max": 0.4027362160570159,
  "pixel_size_u_m": 0.002009025413004109,
  "pixel_size_v_m": 0.0018043608518572953,
  "back_projection_note": {
    "pixel_to_uv": "u = u_min + px * pixel_size_u_m, v = v_max - py * pixel_size_v_m",
    "point_on_plane_3d": "marker_origin + u * image_u_axis_3d + v * image_v_axis_3d",
    "direction_3d": "du * image_u_axis_3d + dv * image_v_axis_3d"
  },
  "debug": {
    "total_points": 28863,
    "basis_mode": "global",
    "height_mode": "adaptive",
    "top_candidate_q": 0.85,
    "height_band_m_input": 0.03,
    "height_band_m_used": 0.08958908997470462,
    "id_height_center": 0.01051352467102605,
    "top_id_points": 10805,
    "selected_height_min": -0.07906229421909038,
    "selected_height_max": 0.0747817049747489,
    "height_min": -0.2094912331231699,
    "height_mean": -0.07695958734914199,
    "height_max": 0.0747817049747489,
    "height_q50": -0.1036049771774336,
    "height_q70": -0.0446824203854514,
    "height_q80": 0.00782411880879351,
    "height_q85": 0.02315073952820358,
    "height_q90": 0.04044439172082882,
    "height_q95": 0.05102140865478144,
    "height_q99": 0.06643949432304806,
    "layer_selection": {
      "height_mode": "keep_upper_down_expand",
      "selection_rule": "upper_fixed_lower_expanded",
      "body_down_expand_m": 0.03,
      "base_id_height_center": 0.025513524671026046,
      "base_height_band_m_used": 0.07458908997470462,
      "base_lower": -0.04907556530367857,
      "base_upper_fixed": 0.10010261464573067,
      "id_height_center": 0.01051352467102605,
      "height_band_m": 0.08958908997470462,
      "height_band_m_used": 0.08958908997470462,
      "new_lower_expanded": -0.07907556530367857,
      "new_upper_fixed": 0.10010261464573067,
      "center_shift_m": -0.014999999999999996,
      "selected_height_min": -0.07906229421909038,
      "selected_height_max": 0.0747817049747489
    },
    "plane_estimation": {
      "plane_refine_used": true,
      "coarse_plane_points": 23093,
      "coarse_plane_center": [
        -1.0906495041787374,
        0.5636052916468175,
        -1.5155534144545313
      ],
      "coarse_plane_normal": [
        0.010835621228517204,
        -0.05958265467290197,
        0.9981645638734737
      ],
      "coarse_id_layer": {
        "height_mode": "keep_upper_down_expand",
        "selection_rule": "upper_fixed_lower_expanded",
        "body_down_expand_m": 0.03,
        "base_id_height_center": 0.1315492577749387,
        "base_height_band_m_used": 0.07778839801715069,
        "base_lower": 0.05376085975778801,
        "base_upper_fixed": 0.2093376557920894,
        "id_height_center": 0.11654925777493871,
        "height_band_m": 0.09278839801715069,
        "height_band_m_used": 0.09278839801715069,
        "new_lower_expanded": 0.023760859757788008,
        "new_upper_fixed": 0.2093376557920894,
        "center_shift_m": -0.014999999999999986,
        "selected_height_min": 0.02376140598664299,
        "selected_height_max": 0.1813833785703433
      },
      "plate_support": {
        "plate_status": "ok",
        "plate_lower": -0.030920514927443202,
        "plate_upper": 0.11154925777493871,
        "plate_lo": 0.09596662638561569,
        "plate_hi": 0.11154925777493871,
        "plate_bins": 64,
        "plate_chosen_bin": 63,
        "plate_bin_count": 357,
        "plate_left_bin": 57,
        "plate_right_bin": 63,
        "plate_points": 2068,
        "plate_min_points": 145,
        "plane_refine_angle_deg": 0.38334859756443773
      }
    }
  }
}