{
  "source_file": "/Users/hajiwan/Desktop/object_detection/result/eval1_real_newmask_height_auto_boxexpand100/val/marker_points/1_19_2026_165420_complete_denoise_marker.xyz",
  "image_size": 512,
  "point_radius": 2,
  "view_margin": 1.2,
  "plane_fit_q": 0.8,
  "height_mode": "adaptive",
  "top_candidate_q": 0.85,
  "height_band_m": 0.03,
  "basis_mode": "global",
  "plane_refine_enabled": true,
  "align_2d": false,
  "align_method": "none",
  "color_mode": "raw_z",
  "color_ref": "marker_all_raw_z",
  "invert_jet": false,
  "color_min": -1.599,
  "color_max": -1.348,
  "color_q_min": 0.02,
  "color_q_max": 0.98,
  "plane_center": [
    -1.25263894809725,
    0.5667719836539522,
    -1.5247549316425886
  ],
  "plane_normal": [
    -0.048849324163187414,
    -0.04336834774377693,
    0.9978641841156414
  ],
  "marker_origin": [
    -1.25263894809725,
    0.5667719836539522,
    -1.5247549316425886
  ],
  "image_u_axis_3d": [
    0.9988061591353985,
    -0.0021210466695431923,
    0.048803254319934805
  ],
  "image_v_axis_3d": [
    -4.336808689946361e-19,
    0.9990568990668152,
    0.0434201845343794
  ],
  "u_min": -0.694978413553005,
  "u_max": 0.6262988614186589,
  "v_min": -0.46751815610330505,
  "v_max": 0.4785959192617266,
  "pixel_size_u_m": 0.0025856698140345673,
  "pixel_size_v_m": 0.0018514952551174789,
  "back_projection_note": {
    "pixel_to_uv": "u = u_min + px * pixel_size_u_m, v = v_max - py * pixel_size_v_m",
    "point_on_plane_3d": "marker_origin + u * image_u_axis_3d + v * image_v_axis_3d",
    "direction_3d": "du * image_u_axis_3d + dv * image_v_axis_3d"
  },
  "debug": {
    "total_points": 140317,
    "basis_mode": "global",
    "height_mode": "adaptive",
    "top_candidate_q": 0.85,
    "height_band_m_input": 0.03,
    "height_band_m_used": 0.071,
    "id_height_center": 0.08754314764000783,
    "top_id_points": 50112,
    "selected_height_min": 0.01654580366364457,
    "selected_height_max": 0.15852965331301377,
    "height_min": -0.10171745949532501,
    "height_mean": 0.0259560667978495,
    "height_max": 0.21713735117666014,
    "height_q50": -0.0012232645833475907,
    "height_q70": 0.051563072783423605,
    "height_q80": 0.10345635565776988,
    "height_q85": 0.13194173079930088,
    "height_q90": 0.15168487779602477,
    "height_q95": 0.16745687541378618,
    "height_q99": 0.1820708082252217,
    "layer_selection": {
      "height_mode": "keep_upper_down_expand",
      "selection_rule": "upper_fixed_lower_expanded",
      "body_down_expand_m": 0.03,
      "base_id_height_center": 0.10254314764000783,
      "base_height_band_m_used": 0.055999999999999994,
      "base_lower": 0.04654314764000783,
      "base_upper_fixed": 0.15854314764000782,
      "id_height_center": 0.08754314764000783,
      "height_band_m": 0.071,
      "height_band_m_used": 0.071,
      "new_lower_expanded": 0.016543147640007833,
      "new_upper_fixed": 0.15854314764000782,
      "center_shift_m": -0.015,
      "selected_height_min": 0.01654580366364457,
      "selected_height_max": 0.15852965331301377
    },
    "plane_estimation": {
      "plane_refine_used": true,
      "coarse_plane_points": 112378,
      "coarse_plane_center": [
        -1.1952578529605398,
        0.5736169268006192,
        -1.5263069284022555
      ],
      "coarse_plane_normal": [
        -0.06131220548673578,
        -0.04088352833122249,
        0.9972809787454799
      ],
      "coarse_id_layer": {
        "height_mode": "keep_upper_down_expand",
        "selection_rule": "upper_fixed_lower_expanded",
        "body_down_expand_m": 0.03,
        "base_id_height_center": 0.10403965982246552,
        "base_height_band_m_used": 0.055999999999999994,
        "base_lower": 0.048039659822465525,
        "base_upper_fixed": 0.1600396598224655,
        "id_height_center": 0.08903965982246552,
        "height_band_m": 0.071,
        "height_band_m_used": 0.071,
        "new_lower_expanded": 0.018039659822465526,
        "new_upper_fixed": 0.1600396598224655,
        "center_shift_m": -0.015,
        "selected_height_min": 0.018041035581728922,
        "selected_height_max": 0.1600358159043223
      },
      "plate_support": {
        "plate_status": "ok",
        "plate_lower": -0.033613006607570904,
        "plate_upper": 0.08403965982246552,
        "plate_lo": -0.033613006607570904,
        "plate_hi": 0.06933307651871096,
        "plate_bins": 64,
        "plate_chosen_bin": 52,
        "plate_bin_count": 750,
        "plate_left_bin": 0,
        "plate_right_bin": 55,
        "plate_points": 73657,
        "plate_min_points": 702,
        "plane_refine_angle_deg": 0.7288961212388891
      }
    }
  }
}