{
  "source_file": "/Users/hajiwan/Desktop/object_detection/result/eval1_real_newmask_height_auto_boxexpand100/val/marker_points/1_19_2026_164025_complete_denoise_marker.xyz",
  "image_size": 512,
  "point_radius": 2,
  "view_margin": 1.2,
  "plane_fit_q": 0.8,
  "height_mode": "adaptive",
  "top_candidate_q": 0.85,
  "height_band_m": 0.03,
  "basis_mode": "global",
  "plane_refine_enabled": true,
  "align_2d": false,
  "align_method": "none",
  "color_mode": "raw_z",
  "color_ref": "marker_all_raw_z",
  "invert_jet": false,
  "color_min": -1.61,
  "color_max": -1.407,
  "color_q_min": 0.02,
  "color_q_max": 0.98,
  "plane_center": [
    -0.5318133333333336,
    0.830904999999999,
    -1.4613200000000042
  ],
  "plane_normal": [
    -0.03399612573951049,
    -0.028159947258849113,
    0.9990251652501464
  ],
  "marker_origin": [
    -0.5318133333333336,
    0.830904999999999,
    -1.4613200000000042
  ],
  "image_u_axis_3d": [
    0.9994219646539229,
    -0.0009578827979425149,
    0.03398262829501846
  ],
  "image_v_axis_3d": [
    1.0842021724865892e-19,
    0.9996029710984878,
    0.02817623411806059
  ],
  "u_min": -0.5624099075602708,
  "u_max": 0.17520530520619704,
  "v_min": -0.3891664419482245,
  "v_max": 0.39931015650476376,
  "pixel_size_u_m": 0.0014434739975860427,
  "pixel_size_v_m": 0.0015430070419823645,
  "back_projection_note": {
    "pixel_to_uv": "u = u_min + px * pixel_size_u_m, v = v_max - py * pixel_size_v_m",
    "point_on_plane_3d": "marker_origin + u * image_u_axis_3d + v * image_v_axis_3d",
    "direction_3d": "du * image_u_axis_3d + dv * image_v_axis_3d"
  },
  "debug": {
    "total_points": 34285,
    "basis_mode": "global",
    "height_mode": "adaptive",
    "top_candidate_q": 0.85,
    "height_band_m_input": 0.03,
    "height_band_m_used": 0.058981488412581363,
    "id_height_center": 0.007805737677400136,
    "top_id_points": 11752,
    "selected_height_min": -0.05117394091724338,
    "selected_height_max": 0.0667602741531135,
    "height_min": -0.16061361489384754,
    "height_mean": -0.06457075702693398,
    "height_max": 0.12023067314010256,
    "height_q50": -0.09428484482805558,
    "height_q70": 0.0016758973684473312,
    "height_q80": 0.018550546618616975,
    "height_q85": 0.025156376323281392,
    "height_q90": 0.03520422826549901,
    "height_q95": 0.05337014700676398,
    "height_q99": 0.09452788260671488,
    "layer_selection": {
      "height_mode": "keep_upper_down_expand",
      "selection_rule": "upper_fixed_lower_expanded",
      "body_down_expand_m": 0.03,
      "base_id_height_center": 0.02280573767740014,
      "base_height_band_m_used": 0.043981488412581364,
      "base_lower": -0.021175750735181225,
      "base_upper_fixed": 0.0667872260899815,
      "id_height_center": 0.007805737677400136,
      "height_band_m": 0.058981488412581363,
      "height_band_m_used": 0.058981488412581363,
      "new_lower_expanded": -0.05117575073518123,
      "new_upper_fixed": 0.0667872260899815,
      "center_shift_m": -0.015000000000000003,
      "selected_height_min": -0.05117394091724338,
      "selected_height_max": 0.0667602741531135
    },
    "plane_estimation": {
      "plane_refine_used": true,
      "coarse_plane_points": 27706,
      "coarse_plane_center": [
        -0.6713225294160197,
        0.7976170143651212,
        -1.5569985201761893
      ],
      "coarse_plane_normal": [
        -0.030772935349233102,
        -0.02807423649744774,
        0.9991320551824354
      ],
      "coarse_id_layer": {
        "height_mode": "keep_upper_down_expand",
        "selection_rule": "upper_fixed_lower_expanded",
        "body_down_expand_m": 0.03,
        "base_id_height_center": 0.11286950592461434,
        "base_height_band_m_used": 0.04345626088186869,
        "base_lower": 0.06941324504274565,
        "base_upper_fixed": 0.15632576680648302,
        "id_height_center": 0.09786950592461434,
        "height_band_m": 0.058456260881868685,
        "height_band_m_used": 0.058456260881868685,
        "new_lower_expanded": 0.039413245042745654,
        "new_upper_fixed": 0.15632576680648302,
        "center_shift_m": -0.015,
        "selected_height_min": 0.03942054287690337,
        "selected_height_max": 0.15629566730356897
      },
      "plate_support": {
        "plate_status": "ok",
        "plate_lower": -0.03703999986912066,
        "plate_upper": 0.09286950592461433,
        "plate_lo": 0.086779997840533,
        "plate_hi": 0.09286950592461433,
        "plate_bins": 64,
        "plate_chosen_bin": 63,
        "plate_bin_count": 310,
        "plate_left_bin": 61,
        "plate_right_bin": 63,
        "plate_points": 600,
        "plate_min_points": 172,
        "plane_refine_angle_deg": 0.18484209100991175
      }
    }
  }
}