{
  "source_file": "/Users/hajiwan/Desktop/object_detection/result/eval1_real_newmask_height_auto_boxexpand100/val/marker_points/1_19_2026_164738_complete_denoise_marker.xyz",
  "image_size": 512,
  "point_radius": 2,
  "view_margin": 1.2,
  "plane_fit_q": 0.8,
  "height_mode": "adaptive",
  "top_candidate_q": 0.85,
  "height_band_m": 0.03,
  "basis_mode": "global",
  "plane_refine_enabled": true,
  "align_2d": false,
  "align_method": "none",
  "color_mode": "raw_z",
  "color_ref": "marker_all_raw_z",
  "invert_jet": false,
  "color_min": -1.578,
  "color_max": -1.356,
  "color_q_min": 0.02,
  "color_q_max": 0.98,
  "plane_center": [
    -0.9866916537867088,
    0.6601143740340026,
    -1.4185023183925745
  ],
  "plane_normal": [
    0.030636715991315976,
    -0.046654906637009795,
    0.998441140637724
  ],
  "marker_origin": [
    -0.9866916537867088,
    0.6601143740340026,
    -1.4185023183925745
  ],
  "image_u_axis_3d": [
    0.9995305856407147,
    0.0014300243982232287,
    -0.03060332329910082
  ],
  "image_v_axis_3d": [
    0.0,
    0.9989100433547119,
    0.046676817405298984
  ],
  "u_min": -0.6741521876512624,
  "u_max": 0.338697412261032,
  "v_min": -0.5080521971683198,
  "v_max": 0.36600706090257756,
  "pixel_size_u_m": 0.001982093150513296,
  "pixel_size_v_m": 0.0017104877848745548,
  "back_projection_note": {
    "pixel_to_uv": "u = u_min + px * pixel_size_u_m, v = v_max - py * pixel_size_v_m",
    "point_on_plane_3d": "marker_origin + u * image_u_axis_3d + v * image_v_axis_3d",
    "direction_3d": "du * image_u_axis_3d + dv * image_v_axis_3d"
  },
  "debug": {
    "total_points": 29100,
    "basis_mode": "global",
    "height_mode": "adaptive",
    "top_candidate_q": 0.85,
    "height_band_m_input": 0.03,
    "height_band_m_used": 0.0811848619033949,
    "id_height_center": 0.011408971426080328,
    "top_id_points": 10931,
    "selected_height_min": -0.06974144865076899,
    "selected_height_max": 0.09100635902088289,
    "height_min": -0.1986961506531311,
    "height_mean": -0.06963085934895319,
    "height_max": 0.09100635902088289,
    "height_q50": -0.09942260469522637,
    "height_q70": -0.003025736822672428,
    "height_q80": 0.01701184874776505,
    "height_q85": 0.028637559384424156,
    "height_q90": 0.0414654775126851,
    "height_q95": 0.053717775513083016,
    "height_q99": 0.06880625558424058,
    "layer_selection": {
      "height_mode": "keep_upper_down_expand",
      "selection_rule": "upper_fixed_lower_expanded",
      "body_down_expand_m": 0.03,
      "base_id_height_center": 0.026408971426080327,
      "base_height_band_m_used": 0.0661848619033949,
      "base_lower": -0.03977589047731457,
      "base_upper_fixed": 0.09259383332947523,
      "id_height_center": 0.011408971426080328,
      "height_band_m": 0.0811848619033949,
      "height_band_m_used": 0.0811848619033949,
      "new_lower_expanded": -0.06977589047731457,
      "new_upper_fixed": 0.09259383332947523,
      "center_shift_m": -0.015,
      "selected_height_min": -0.06974144865076899,
      "selected_height_max": 0.09100635902088289
    },
    "plane_estimation": {
      "plane_refine_used": true,
      "coarse_plane_points": 23308,
      "coarse_plane_center": [
        -1.069616011669808,
        0.5672976231336876,
        -1.5177880126995016
      ],
      "coarse_plane_normal": [
        0.0340875704701008,
        -0.05557580339317395,
        0.9978724205100816
      ],
      "coarse_id_layer": {
        "height_mode": "keep_upper_down_expand",
        "selection_rule": "upper_fixed_lower_expanded",
        "body_down_expand_m": 0.03,
        "base_id_height_center": 0.12215548464133277,
        "base_height_band_m_used": 0.06418533457015221,
        "base_lower": 0.05797015007118056,
        "base_upper_fixed": 0.186340819211485,
        "id_height_center": 0.10715548464133277,
        "height_band_m": 0.07918533457015221,
        "height_band_m_used": 0.07918533457015221,
        "new_lower_expanded": 0.02797015007118056,
        "new_upper_fixed": 0.186340819211485,
        "center_shift_m": -0.015,
        "selected_height_min": 0.02797256918451306,
        "selected_height_max": 0.18582476738847384
      },
      "plate_support": {
        "plate_status": "ok",
        "plate_lower": -0.036133440820298644,
        "plate_upper": 0.10215548464133277,
        "plate_lo": 0.08919089787930481,
        "plate_hi": 0.10215548464133277,
        "plate_bins": 64,
        "plate_chosen_bin": 63,
        "plate_bin_count": 295,
        "plate_left_bin": 58,
        "plate_right_bin": 63,
        "plate_points": 1294,
        "plate_min_points": 146,
        "plane_refine_angle_deg": 0.5490088189782742
      }
    }
  }
}