{
  "source_file": "/Users/hajiwan/Desktop/object_detection/result/eval1_real_newmask_height_auto_boxexpand100/val/marker_points/1_19_2026_163055_complete_denoise_marker.xyz",
  "image_size": 512,
  "point_radius": 2,
  "view_margin": 1.2,
  "plane_fit_q": 0.8,
  "height_mode": "adaptive",
  "top_candidate_q": 0.85,
  "height_band_m": 0.03,
  "basis_mode": "global",
  "plane_refine_enabled": true,
  "align_2d": false,
  "align_method": "none",
  "color_mode": "raw_z",
  "color_ref": "marker_all_raw_z",
  "invert_jet": false,
  "color_min": -1.589,
  "color_max": -1.378,
  "color_q_min": 0.02,
  "color_q_max": 0.98,
  "plane_center": [
    -0.8712608326253174,
    0.5380628717077314,
    -1.4289056924384178
  ],
  "plane_normal": [
    0.07666651249281205,
    0.03202221489041662,
    0.9965424344270051
  ],
  "marker_origin": [
    -0.8712608326253174,
    0.5380628717077314,
    -1.4289056924384178
  ],
  "image_u_axis_3d": [
    0.997056791692533,
    -0.002462278536582911,
    -0.07662696210992086
  ],
  "image_v_axis_3d": [
    -4.3368086899463665e-19,
    0.9994841244041449,
    -0.032116741149745574
  ],
  "u_min": -0.7193261891235645,
  "u_max": 0.32394345162838484,
  "v_min": -0.4294377398953674,
  "v_max": 0.5315839975539632,
  "pixel_size_u_m": 0.0020416235631153606,
  "pixel_size_v_m": 0.0018806687621317625,
  "back_projection_note": {
    "pixel_to_uv": "u = u_min + px * pixel_size_u_m, v = v_max - py * pixel_size_v_m",
    "point_on_plane_3d": "marker_origin + u * image_u_axis_3d + v * image_v_axis_3d",
    "direction_3d": "du * image_u_axis_3d + dv * image_v_axis_3d"
  },
  "debug": {
    "total_points": 80568,
    "basis_mode": "global",
    "height_mode": "adaptive",
    "top_candidate_q": 0.85,
    "height_band_m_input": 0.03,
    "height_band_m_used": 0.04588109891639403,
    "id_height_center": 0.0080453225727063,
    "top_id_points": 24958,
    "selected_height_min": -0.037792783002395046,
    "selected_height_max": 0.05120409087600558,
    "height_min": -0.22291657425312653,
    "height_mean": -0.07206743601678099,
    "height_max": 0.07682459406393945,
    "height_q50": -0.10155771196573748,
    "height_q70": -0.01739496106112718,
    "height_q80": 0.01785603984376892,
    "height_q85": 0.023160337124445995,
    "height_q90": 0.028915641624373174,
    "height_q95": 0.03460993456295858,
    "height_q99": 0.04264727913091282,
    "layer_selection": {
      "height_mode": "keep_upper_down_expand",
      "selection_rule": "upper_fixed_lower_expanded",
      "body_down_expand_m": 0.03,
      "base_id_height_center": 0.023045322572706296,
      "base_height_band_m_used": 0.030881098916394033,
      "base_lower": -0.007835776343687737,
      "base_upper_fixed": 0.05392642148910033,
      "id_height_center": 0.0080453225727063,
      "height_band_m": 0.04588109891639403,
      "height_band_m_used": 0.04588109891639403,
      "new_lower_expanded": -0.03783577634368773,
      "new_upper_fixed": 0.05392642148910033,
      "center_shift_m": -0.014999999999999996,
      "selected_height_min": -0.037792783002395046,
      "selected_height_max": 0.05120409087600558
    },
    "plane_estimation": {
      "plane_refine_used": true,
      "coarse_plane_points": 64610,
      "coarse_plane_center": [
        -0.9733764897074814,
        0.5633227054635508,
        -1.519224655626253
      ],
      "coarse_plane_normal": [
        0.0788730918429756,
        0.0341047805030081,
        0.9963011087658042
      ],
      "coarse_id_layer": {
        "height_mode": "keep_upper_down_expand",
        "selection_rule": "upper_fixed_lower_expanded",
        "body_down_expand_m": 0.03,
        "base_id_height_center": 0.12059335641239774,
        "base_height_band_m_used": 0.029493925491594217,
        "base_lower": 0.09109943092080353,
        "base_upper_fixed": 0.15008728190399195,
        "id_height_center": 0.10559335641239774,
        "height_band_m": 0.04449392549159421,
        "height_band_m_used": 0.04449392549159421,
        "new_lower_expanded": 0.06109943092080353,
        "new_upper_fixed": 0.15008728190399195,
        "center_shift_m": -0.015,
        "selected_height_min": 0.06125726430764829,
        "selected_height_max": 0.14815434619157722
      },
      "plate_support": {
        "plate_status": "ok",
        "plate_lower": -0.0308263985823134,
        "plate_upper": 0.10059335641239774,
        "plate_lo": 0.0923796217252283,
        "plate_hi": 0.10059335641239774,
        "plate_bins": 64,
        "plate_chosen_bin": 63,
        "plate_bin_count": 403,
        "plate_left_bin": 60,
        "plate_right_bin": 63,
        "plate_points": 1177,
        "plate_min_points": 403,
        "plane_refine_angle_deg": 0.17439315473779923
      }
    }
  }
}