{
  "source_file": "/Users/hajiwan/Desktop/object_detection/result/eval1_real_newmask_height_auto_boxexpand100/val/marker_points/1_19_2026_163055_complete_denoise_marker.xyz",
  "projection_mode": "manual_view_updown_10sets",
  "manual_view_source": "/Users/hajiwan/Desktop/object_detection/new_tema/yolov2/realdata/real_flat_manual_view_val_all/1_19_2026_163055_complete_denoise_marker_manual_view.json",
  "capture_image": false,
  "expand_mode": "down",
  "expand_m": 0.1,
  "image_size": 512,
  "point_radius": 2,
  "view_margin": 1.2,
  "base_top_candidate_q": 0.85,
  "base_height_band_m": 0.03,
  "base_adaptive_max_band_m": 0.08,
  "plane_center": [
    -0.9664360416046254,
    0.561876663191342,
    -1.4946663191343301
  ],
  "plane_normal": [
    -0.0,
    -0.0,
    0.999999999999
  ],
  "marker_origin": [
    -0.9664360416046254,
    0.561876663191342,
    -1.4946663191343301
  ],
  "image_u_axis_3d": [
    0.999999999999,
    0.0,
    0.0
  ],
  "image_v_axis_3d": [
    0.0,
    0.999999999999,
    0.0
  ],
  "u_min": -0.6387639583947358,
  "u_max": 0.4076360416042177,
  "v_min": -0.4591766631908828,
  "v_max": 0.5044233368081535,
  "pixel_size_u_m": 0.0020477495107611614,
  "pixel_size_v_m": 0.0018857142857123998,
  "color_mode": "raw_z",
  "color_ref": "marker_all_raw_z",
  "color_min": -1.589,
  "color_max": -1.378,
  "debug": {
    "total_points": 80568,
    "top_id_points": 63469,
    "id_height_center": 0.037666319134242426,
    "height_band_m_used": 0.09818449999995144,
    "selected_height_min": -0.06033368086560948,
    "selected_height_max": 0.12966631913420046,
    "height_min": -0.10733368086556264,
    "height_max": 0.12966631913420046,
    "layer_selection": {
      "height_mode": "manual_view_updown_expand",
      "selection_rule": "upper_fixed_lower_expanded",
      "expand_mode": "down",
      "expand_m": 0.1,
      "base_id_height_center": 0.08766631913424243,
      "base_height_band_m_used": 0.04818449999995143,
      "base_lower": 0.039481819134290996,
      "base_upper": 0.13585081913419386,
      "id_height_center": 0.037666319134242426,
      "height_band_m": 0.09818449999995144,
      "height_band_m_used": 0.09818449999995144,
      "new_lower": -0.06051818086570901,
      "new_upper": 0.13585081913419386,
      "selected_height_min": -0.06033368086560948,
      "selected_height_max": 0.12966631913420046,
      "selected_points": 63469,
      "base_layer_info": {
        "height_mode": "adaptive",
        "status": "adaptive_ok",
        "adaptive_search_q": 0.6,
        "adaptive_upper_q": 0.995,
        "adaptive_bins": 64,
        "adaptive_min_points": 242,
        "adaptive_chosen_bin": 62,
        "adaptive_bin_count": 315,
        "adaptive_layer_bin_left": 23,
        "adaptive_layer_bin_right": 63,
        "adaptive_layer_lo": 0.04722881913428286,
        "adaptive_layer_hi": 0.12666631913420334,
        "adaptive_layer_points": 24518,
        "adaptive_mad": 0.012999999999986897,
        "adaptive_robust_sigma": 0.019273799999980572,
        "id_height_center": 0.08766631913424243,
        "height_band_m": 0.04818449999995143,
        "selected_height_min": 0.03966631913429039,
        "selected_height_max": 0.12966631913420046,
        "selected_points": 25156,
        "selected_ratio": 0.312233144672823
      }
    }
  }
}