{
  "source_file": "/Users/hajiwan/Desktop/object_detection/result/eval1_real_newmask_height_auto_boxexpand100/val/marker_points/1_19_2026_164852_complete_denoise_marker.xyz",
  "projection_mode": "manual_view_updown_10sets",
  "manual_view_source": "/Users/hajiwan/Desktop/object_detection/new_tema/yolov2/realdata/real_flat_manual_view_val_all/1_19_2026_164852_complete_denoise_marker_manual_view.json",
  "capture_image": false,
  "expand_mode": "up",
  "expand_m": 0.01,
  "image_size": 512,
  "point_radius": 2,
  "view_margin": 1.2,
  "base_top_candidate_q": 0.85,
  "base_height_band_m": 0.03,
  "base_adaptive_max_band_m": 0.08,
  "plane_center": [
    -1.1062757509614327,
    0.5747952395800837,
    -1.485922530575472
  ],
  "plane_normal": [
    -0.0,
    -0.0,
    0.999999999999
  ],
  "marker_origin": [
    -1.1062757509614327,
    0.5747952395800837,
    -1.485922530575472
  ],
  "image_u_axis_3d": [
    0.999999999999,
    0.0,
    0.0
  ],
  "image_v_axis_3d": [
    0.0,
    0.999999999999,
    0.0
  ],
  "u_min": -0.588324249037979,
  "u_max": 0.4388757509609938,
  "v_min": -0.4633952395796203,
  "v_max": 0.45580476041946044,
  "pixel_size_u_m": 0.002010176125242608,
  "pixel_size_v_m": 0.0017988258317007452,
  "color_mode": "raw_z",
  "color_ref": "marker_all_raw_z",
  "color_min": -1.596,
  "color_max": -1.349,
  "debug": {
    "total_points": 28863,
    "top_id_points": 8602,
    "id_height_center": 0.11592253057536103,
    "height_band_m_used": 0.07542349999992923,
    "selected_height_min": 0.040922530575430986,
    "selected_height_max": 0.14292253057532908,
    "height_min": -0.11707746942441094,
    "height_max": 0.14292253057532908,
    "layer_selection": {
      "height_mode": "manual_view_updown_expand",
      "selection_rule": "lower_fixed_upper_expanded",
      "expand_mode": "up",
      "expand_m": 0.01,
      "base_id_height_center": 0.11092253057536104,
      "base_height_band_m_used": 0.07042349999992922,
      "base_lower": 0.04049903057543182,
      "base_upper": 0.18134603057529025,
      "id_height_center": 0.11592253057536103,
      "height_band_m": 0.07542349999992923,
      "height_band_m_used": 0.07542349999992923,
      "new_lower": 0.04049903057543182,
      "new_upper": 0.19134603057529026,
      "selected_height_min": 0.040922530575430986,
      "selected_height_max": 0.14292253057532908,
      "selected_points": 8602,
      "base_layer_info": {
        "height_mode": "adaptive",
        "status": "adaptive_ok",
        "adaptive_search_q": 0.6,
        "adaptive_upper_q": 0.995,
        "adaptive_bins": 64,
        "adaptive_min_points": 87,
        "adaptive_chosen_bin": 63,
        "adaptive_bin_count": 192,
        "adaptive_layer_bin_left": 31,
        "adaptive_layer_bin_right": 63,
        "adaptive_layer_lo": 0.06564128057540629,
        "adaptive_layer_hi": 0.14092253057533108,
        "adaptive_layer_points": 7933,
        "adaptive_mad": 0.018999999999980907,
        "adaptive_robust_sigma": 0.02816939999997169,
        "id_height_center": 0.11092253057536104,
        "height_band_m": 0.07042349999992922,
        "selected_height_min": 0.040922530575430986,
        "selected_height_max": 0.14292253057532908,
        "selected_points": 8602,
        "selected_ratio": 0.29802861795378166
      }
    }
  }
}