{
  "source_file": "C:\\Users\\gkwld\\Desktop\\3D-Marker-Pose-Estimation\\CAD_to_PointCloud_conversion\\pointnet2\\result\\eval1_real_newmask_height_auto_boxexpand100\\marker_points\\1_19_2026_162954_complete_denoise_marker.xyz",
  "image_size": 512,
  "point_radius": 2,
  "view_margin": 1.2,
  "plane_fit_q": 0.8,
  "height_mode": "adaptive",
  "top_candidate_q": 0.85,
  "height_band_m": 0.03,
  "basis_mode": "global",
  "plane_refine_enabled": true,
  "align_2d": false,
  "align_method": "none",
  "color_mode": "raw_z",
  "color_ref": "marker_all_raw_z",
  "invert_jet": false,
  "color_min": -1.59,
  "color_max": -1.374,
  "color_q_min": 0.02,
  "color_q_max": 0.98,
  "plane_center": [
    -0.8530430463576145,
    0.585367549668874,
    -1.419905629139075
  ],
  "plane_normal": [
    0.07974269368886017,
    0.03139163268421708,
    0.9963210668246777
  ],
  "marker_origin": [
    -0.8530430463576145,
    0.585367549668874,
    -1.419905629139075
  ],
  "image_u_axis_3d": [
    0.9968154808194261,
    -0.0025112504748300655,
    -0.07970314183131409
  ],
  "image_v_axis_3d": [
    0.0,
    0.9995040065034617,
    -0.031491919305246634
  ],
  "u_min": -0.7207775219725951,
  "u_max": 0.30457821887540043,
  "v_min": -0.47635518322391257,
  "v_max": 0.4823273914562348,
  "pixel_size_u_m": 0.002006567007530324,
  "pixel_size_v_m": 0.0018760911441881554,
  "back_projection_note": {
    "pixel_to_uv": "u = u_min + px * pixel_size_u_m, v = v_max - py * pixel_size_v_m",
    "point_on_plane_3d": "marker_origin + u * image_u_axis_3d + v * image_v_axis_3d",
    "direction_3d": "du * image_u_axis_3d + dv * image_v_axis_3d"
  },
  "debug": {
    "total_points": 14533,
    "basis_mode": "global",
    "height_mode": "adaptive",
    "top_candidate_q": 0.85,
    "height_band_m_input": 0.03,
    "height_band_m_used": 0.030936426310098835,
    "id_height_center": 0.011441060838181579,
    "top_id_points": 4340,
    "selected_height_min": -0.019460770488392395,
    "selected_height_max": 0.04129990745637939,
    "height_min": -0.24420446990484876,
    "height_mean": -0.08373030977674585,
    "height_max": 0.07082093241020206,
    "height_q50": -0.11377823999040809,
    "height_q70": -0.019584307186631966,
    "height_q80": 0.006515574685237462,
    "height_q85": 0.011849076274428898,
    "height_q90": 0.017324351924425926,
    "height_q95": 0.023045430283512237,
    "height_q99": 0.033183675152832444,
    "layer_selection": {
      "height_mode": "adaptive",
      "status": "adaptive_ok",
      "adaptive_search_q": 0.6,
      "adaptive_upper_q": 0.995,
      "adaptive_bins": 64,
      "adaptive_min_points": 44,
      "adaptive_chosen_bin": 63,
      "adaptive_bin_count": 60,
      "adaptive_layer_bin_left": 36,
      "adaptive_layer_bin_right": 63,
      "adaptive_layer_lo": -0.023314452735792884,
      "adaptive_layer_hi": 0.03619294403424114,
      "adaptive_layer_points": 4348,
      "adaptive_mad": 0.008346533470956114,
      "adaptive_robust_sigma": 0.012374570524039534,
      "id_height_center": 0.011441060838181579,
      "height_band_m": 0.030936426310098835,
      "selected_height_min": -0.019460770488392395,
      "selected_height_max": 0.04129990745637939,
      "selected_points": 4340,
      "selected_ratio": 0.29863070253904905
    },
    "plane_estimation": {
      "plane_refine_used": true,
      "coarse_plane_points": 11647,
      "coarse_plane_center": [
        -0.9688798832317357,
        0.5622635871898337,
        -1.5192021979909096
      ],
      "coarse_plane_normal": [
        0.07627399904090609,
        0.02814434864014154,
        0.996689607003068
      ],
      "coarse_id_layer": {
        "height_mode": "adaptive",
        "status": "adaptive_ok",
        "adaptive_search_q": 0.6,
        "adaptive_upper_q": 0.995,
        "adaptive_bins": 64,
        "adaptive_min_points": 44,
        "adaptive_chosen_bin": 63,
        "adaptive_bin_count": 60,
        "adaptive_layer_bin_left": 36,
        "adaptive_layer_bin_right": 63,
        "adaptive_layer_lo": 0.08609097544343047,
        "adaptive_layer_hi": 0.14544513681826177,
        "adaptive_layer_points": 4347,
        "adaptive_mad": 0.008567192888240094,
        "adaptive_robust_sigma": 0.012701720176104762,
        "id_height_center": 0.12006249644221531,
        "height_band_m": 0.03175430044026191,
        "selected_height_min": 0.08833853962293534,
        "selected_height_max": 0.1503372939736882,
        "selected_points": 4361,
        "selected_ratio": 0.3000756898093993
      },
      "plate_support": {
        "plate_status": "ok",
        "plate_lower": -0.03166552098890671,
        "plate_upper": 0.1150624964422153,
        "plate_lo": 0.09901411953568634,
        "plate_hi": 0.1150624964422153,
        "plate_bins": 64,
        "plate_chosen_bin": 63,
        "plate_bin_count": 256,
        "plate_left_bin": 57,
        "plate_right_bin": 63,
        "plate_points": 1208,
        "plate_min_points": 73,
        "plane_refine_angle_deg": 0.27305851543801335
      }
    }
  }
}