{
  "source_file": "C:\\Users\\gkwld\\Desktop\\3D-Marker-Pose-Estimation\\CAD_to_PointCloud_conversion\\pointnet2\\result\\eval1_real_newmask_height_auto_boxexpand100\\marker_points\\1_19_2026_163055_complete_denoise_marker.xyz",
  "image_size": 512,
  "point_radius": 2,
  "view_margin": 1.2,
  "plane_fit_q": 0.8,
  "height_mode": "adaptive",
  "top_candidate_q": 0.85,
  "height_band_m": 0.03,
  "basis_mode": "global",
  "plane_refine_enabled": true,
  "align_2d": false,
  "align_method": "none",
  "color_mode": "raw_z",
  "color_ref": "marker_all_raw_z",
  "invert_jet": false,
  "color_min": -1.589,
  "color_max": -1.378,
  "color_q_min": 0.02,
  "color_q_max": 0.98,
  "plane_center": [
    -0.8530931555555564,
    0.5731306666666662,
    -1.4180508444444335
  ],
  "plane_normal": [
    0.08118152550535787,
    0.03648002817587783,
    0.9960315092701185
  ],
  "marker_origin": [
    -0.8530931555555564,
    0.5731306666666662,
    -1.4180508444444335
  ],
  "image_u_axis_3d": [
    0.996699332755191,
    -0.002971311648823689,
    -0.0811271310378731
  ],
  "image_v_axis_3d": [
    0.0,
    0.9993299649512031,
    -0.03660083535422807
  ],
  "u_min": -0.7354744668088643,
  "u_max": 0.3074242804646222,
  "v_min": -0.4632217252003735,
  "v_max": 0.4973608948956517,
  "pixel_size_u_m": 0.0020408977441751202,
  "pixel_size_v_m": 0.0018798094326732391,
  "back_projection_note": {
    "pixel_to_uv": "u = u_min + px * pixel_size_u_m, v = v_max - py * pixel_size_v_m",
    "point_on_plane_3d": "marker_origin + u * image_u_axis_3d + v * image_v_axis_3d",
    "direction_3d": "du * image_u_axis_3d + dv * image_v_axis_3d"
  },
  "debug": {
    "total_points": 80568,
    "basis_mode": "global",
    "height_mode": "adaptive",
    "top_candidate_q": 0.85,
    "height_band_m_input": 0.03,
    "height_band_m_used": 0.028960820540874982,
    "id_height_center": 0.009970818520793095,
    "top_id_points": 23487,
    "selected_height_min": -0.018962547613493187,
    "selected_height_max": 0.037372949564232004,
    "height_min": -0.23958224188438923,
    "height_mean": -0.08592332164715559,
    "height_max": 0.06460409798444139,
    "height_q50": -0.11609078325774244,
    "height_q70": -0.03144235875539576,
    "height_q80": 0.004375941911963679,
    "height_q85": 0.009733166385132913,
    "height_q90": 0.014917721330356177,
    "height_q95": 0.02072580460367752,
    "height_q99": 0.02892395595433689,
    "layer_selection": {
      "height_mode": "adaptive",
      "status": "adaptive_ok",
      "adaptive_search_q": 0.6,
      "adaptive_upper_q": 0.995,
      "adaptive_bins": 64,
      "adaptive_min_points": 242,
      "adaptive_chosen_bin": 63,
      "adaptive_bin_count": 440,
      "adaptive_layer_bin_left": 40,
      "adaptive_layer_bin_right": 63,
      "adaptive_layer_lo": -0.018755356451080854,
      "adaptive_layer_hi": 0.030880883346712115,
      "adaptive_layer_points": 23083,
      "adaptive_mad": 0.007813522336672058,
      "adaptive_robust_sigma": 0.011584328216349993,
      "id_height_center": 0.009970818520793095,
      "height_band_m": 0.028960820540874982,
      "selected_height_min": -0.018962547613493187,
      "selected_height_max": 0.037372949564232004,
      "selected_points": 23487,
      "selected_ratio": 0.2915177241584748
    },
    "plane_estimation": {
      "plane_refine_used": true,
      "coarse_plane_points": 64610,
      "coarse_plane_center": [
        -0.9733764897074814,
        0.5633227054635508,
        -1.519224655626253
      ],
      "coarse_plane_normal": [
        0.07887309184297549,
        0.034104780503008116,
        0.9963011087658042
      ],
      "coarse_id_layer": {
        "height_mode": "adaptive",
        "status": "adaptive_ok",
        "adaptive_search_q": 0.6,
        "adaptive_upper_q": 0.995,
        "adaptive_bins": 64,
        "adaptive_min_points": 242,
        "adaptive_chosen_bin": 63,
        "adaptive_bin_count": 394,
        "adaptive_layer_bin_left": 40,
        "adaptive_layer_bin_right": 63,
        "adaptive_layer_lo": 0.09233291261774049,
        "adaptive_layer_hi": 0.14182517456454533,
        "adaptive_layer_points": 23054,
        "adaptive_mad": 0.007957352081908613,
        "adaptive_robust_sigma": 0.011797570196637708,
        "id_height_center": 0.12059335641239773,
        "height_band_m": 0.02949392549159427,
        "selected_height_min": 0.09112452052216563,
        "selected_height_max": 0.1481543461915772,
        "selected_points": 23551,
        "selected_ratio": 0.29231208420216465
      },
      "plate_support": {
        "plate_status": "ok",
        "plate_lower": -0.0308263985823134,
        "plate_upper": 0.11559335641239772,
        "plate_lo": 0.10415431305343592,
        "plate_hi": 0.11559335641239772,
        "plate_bins": 64,
        "plate_chosen_bin": 63,
        "plate_bin_count": 1514,
        "plate_left_bin": 59,
        "plate_right_bin": 63,
        "plate_points": 5625,
        "plate_min_points": 403,
        "plane_refine_angle_deg": 0.1904028111545577
      }
    }
  }
}