{
  "source_file": "C:\\Users\\gkwld\\Desktop\\3D-Marker-Pose-Estimation\\CAD_to_PointCloud_conversion\\pointnet2\\result\\eval1_real_newmask_height_auto_boxexpand100\\marker_points\\1_19_2026_164325_complete_denoise_marker.xyz",
  "image_size": 512,
  "point_radius": 2,
  "view_margin": 1.2,
  "plane_fit_q": 0.8,
  "height_mode": "adaptive",
  "top_candidate_q": 0.85,
  "height_band_m": 0.03,
  "basis_mode": "global",
  "plane_refine_enabled": true,
  "align_2d": false,
  "align_method": "none",
  "color_mode": "raw_z",
  "color_ref": "marker_all_raw_z",
  "invert_jet": false,
  "color_min": -1.622,
  "color_max": -1.303,
  "color_q_min": 0.02,
  "color_q_max": 0.98,
  "plane_center": [
    -1.5702170051877258,
    1.1092009144464985,
    -1.4580006154928355
  ],
  "plane_normal": [
    0.03542667719381237,
    -0.19904919879349744,
    0.9793489505792468
  ],
  "marker_origin": [
    -1.5702170051877258,
    1.1092009144464985,
    -1.4580006154928355
  ],
  "image_u_axis_3d": [
    0.9993722782532088,
    0.007056080966800109,
    -0.03471687166752681
  ],
  "image_v_axis_3d": [
    -8.673617379892716e-19,
    0.9799640953519962,
    0.199174224785597
  ],
  "u_min": -0.3963594136528348,
  "u_max": 0.44229175042999214,
  "v_min": -0.4128770317966041,
  "v_max": 0.4617859556056669,
  "pixel_size_u_m": 0.0016411960158176653,
  "pixel_size_v_m": 0.0017116692512764598,
  "back_projection_note": {
    "pixel_to_uv": "u = u_min + px * pixel_size_u_m, v = v_max - py * pixel_size_v_m",
    "point_on_plane_3d": "marker_origin + u * image_u_axis_3d + v * image_v_axis_3d",
    "direction_3d": "du * image_u_axis_3d + dv * image_v_axis_3d"
  },
  "debug": {
    "total_points": 14659,
    "basis_mode": "global",
    "height_mode": "adaptive",
    "top_candidate_q": 0.85,
    "height_band_m_input": 0.03,
    "height_band_m_used": 0.041999999999999996,
    "id_height_center": 0.04588307009462743,
    "top_id_points": 3229,
    "selected_height_min": 0.0039041290379630547,
    "selected_height_max": 0.08787916500033416,
    "height_min": -0.23795818380837722,
    "height_mean": -0.025483637283662403,
    "height_max": 0.25285194043785414,
    "height_q50": -0.022839409971988918,
    "height_q70": 0.013799181854895442,
    "height_q80": 0.05083931470909079,
    "height_q85": 0.0768428244888558,
    "height_q90": 0.09761289277368576,
    "height_q95": 0.12607076801960054,
    "height_q99": 0.1780943730798445,
    "layer_selection": {
      "height_mode": "adaptive",
      "status": "adaptive_ok",
      "adaptive_search_q": 0.6,
      "adaptive_upper_q": 0.995,
      "adaptive_bins": 64,
      "adaptive_min_points": 44,
      "adaptive_chosen_bin": 38,
      "adaptive_bin_count": 85,
      "adaptive_layer_bin_left": 0,
      "adaptive_layer_bin_right": 39,
      "adaptive_layer_lo": -0.0063736146218557055,
      "adaptive_layer_hi": 0.1416178731440464,
      "adaptive_layer_points": 5478,
      "adaptive_mad": 0.037387569876059935,
      "adaptive_robust_sigma": 0.055430811098246456,
      "id_height_center": 0.04588307009462743,
      "height_band_m": 0.041999999999999996,
      "selected_height_min": 0.0039041290379630547,
      "selected_height_max": 0.08787916500033416,
      "selected_points": 3229,
      "selected_ratio": 0.22027423425881712
    },
    "plane_estimation": {
      "plane_refine_used": true,
      "coarse_plane_points": 11759,
      "coarse_plane_center": [
        -1.5860233863423787,
        1.0988041500127566,
        -1.517711029849461
      ],
      "coarse_plane_normal": [
        0.04539167467614446,
        -0.07119328936612357,
        0.9964291803321129
      ],
      "coarse_id_layer": {
        "height_mode": "adaptive",
        "status": "adaptive_ok",
        "adaptive_search_q": 0.6,
        "adaptive_upper_q": 0.995,
        "adaptive_bins": 64,
        "adaptive_min_points": 44,
        "adaptive_chosen_bin": 48,
        "adaptive_bin_count": 44,
        "adaptive_layer_bin_left": 47,
        "adaptive_layer_bin_right": 49,
        "adaptive_layer_lo": 0.22544929671964709,
        "adaptive_layer_hi": 0.23703844946926422,
        "adaptive_layer_points": 92,
        "adaptive_mad": 0.0040481327683232066,
        "adaptive_robust_sigma": 0.0060017616423159855,
        "id_height_center": 0.23147338729950095,
        "height_band_m": 0.015004404105789964,
        "selected_height_min": 0.21647237902318414,
        "selected_height_max": 0.24644859396112778,
        "selected_points": 158,
        "selected_ratio": 0.010778361416194829
      },
      "plate_support": {
        "plate_status": "ok",
        "plate_lower": -0.06666284372608261,
        "plate_upper": 0.22647338729950095,
        "plate_lo": -0.06666284372608261,
        "plate_hi": 0.20357211925062724,
        "plate_bins": 64,
        "plate_chosen_bin": 56,
        "plate_bin_count": 90,
        "plate_left_bin": 0,
        "plate_right_bin": 58,
        "plate_points": 11373,
        "plate_min_points": 74,
        "plane_refine_angle_deg": 7.417882670421056
      }
    }
  }
}