{
  "source_file": "/Users/hajiwan/Desktop/object_detection/result/eval1_real_newmask_height_auto_boxexpand100/val/marker_points/1_19_2026_164738_complete_denoise_marker.xyz",
  "image_size": 512,
  "point_radius": 2,
  "view_margin": 1.2,
  "plane_fit_q": 0.8,
  "height_mode": "adaptive",
  "top_candidate_q": 0.85,
  "height_band_m": 0.02,
  "basis_mode": "global",
  "plane_refine_enabled": true,
  "align_2d": false,
  "align_method": "none",
  "color_mode": "raw_z",
  "color_ref": "marker_all_raw_z",
  "invert_jet": false,
  "color_min": -1.578,
  "color_max": -1.356,
  "color_q_min": 0.02,
  "color_q_max": 0.98,
  "plane_center": [
    -0.9949215896885069,
    0.6374223952739001,
    -1.4114900644468371
  ],
  "plane_normal": [
    0.045158596537584916,
    -0.038300768103080814,
    0.9982453367381536
  ],
  "marker_origin": [
    -0.9949215896885069,
    0.6374223952739001,
    -1.4114900644468371
  ],
  "image_u_axis_3d": [
    0.9989798302051757,
    0.0017313752305568933,
    -0.04512539397110267
  ],
  "image_v_axis_3d": [
    2.16840434497318e-19,
    0.99926475645873,
    0.03833988129187375
  ],
  "u_min": -0.662622717731123,
  "u_max": 0.3493809821855254,
  "v_min": -0.48423650714554933,
  "v_max": 0.3894514829947131,
  "pixel_size_u_m": 0.0019804377689171203,
  "pixel_size_v_m": 0.0017097612331511986,
  "back_projection_note": {
    "pixel_to_uv": "u = u_min + px * pixel_size_u_m, v = v_max - py * pixel_size_v_m",
    "point_on_plane_3d": "marker_origin + u * image_u_axis_3d + v * image_v_axis_3d",
    "direction_3d": "du * image_u_axis_3d + dv * image_v_axis_3d"
  },
  "debug": {
    "total_points": 29100,
    "basis_mode": "global",
    "height_mode": "adaptive",
    "top_candidate_q": 0.85,
    "height_band_m_input": 0.02,
    "height_band_m_used": 0.04,
    "id_height_center": 0.016556454911143825,
    "top_id_points": 8908,
    "selected_height_min": -0.023436052832603638,
    "selected_height_max": 0.056533023503904926,
    "height_min": -0.2151156633600504,
    "height_mean": -0.0793791470838911,
    "height_max": 0.08166132629405827,
    "height_q50": -0.11111362566891565,
    "height_q70": -0.010898992926857965,
    "height_q80": 0.00797114780563108,
    "height_q85": 0.018760723656493433,
    "height_q90": 0.030261781733259868,
    "height_q95": 0.04219904429016997,
    "height_q99": 0.05681611128007764,
    "layer_selection": {
      "height_mode": "adaptive",
      "status": "adaptive_ok",
      "adaptive_search_q": 0.6,
      "adaptive_upper_q": 0.995,
      "adaptive_bins": 64,
      "adaptive_min_points": 88,
      "adaptive_chosen_bin": 62,
      "adaptive_bin_count": 139,
      "adaptive_layer_bin_left": 30,
      "adaptive_layer_bin_right": 63,
      "adaptive_layer_lo": -0.020437402403212387,
      "adaptive_layer_hi": 0.06024796145002315,
      "adaptive_layer_points": 9011,
      "adaptive_mad": 0.015858484898073587,
      "adaptive_robust_sigma": 0.0235117897098839,
      "id_height_center": 0.016556454911143825,
      "height_band_m": 0.04,
      "selected_height_min": -0.023436052832603638,
      "selected_height_max": 0.056533023503904926,
      "selected_points": 8908,
      "selected_ratio": 0.3061168384879725
    },
    "plane_estimation": {
      "plane_refine_used": true,
      "coarse_plane_points": 23308,
      "coarse_plane_center": [
        -1.069616011669808,
        0.5672976231336876,
        -1.5177880126995016
      ],
      "coarse_plane_normal": [
        0.0340875704701008,
        -0.05557580339317395,
        0.9978724205100816
      ],
      "coarse_id_layer": {
        "height_mode": "adaptive",
        "status": "adaptive_ok",
        "adaptive_search_q": 0.6,
        "adaptive_upper_q": 0.995,
        "adaptive_bins": 64,
        "adaptive_min_points": 88,
        "adaptive_chosen_bin": 62,
        "adaptive_bin_count": 126,
        "adaptive_layer_bin_left": 28,
        "adaptive_layer_bin_right": 63,
        "adaptive_layer_lo": 0.08452323986936269,
        "adaptive_layer_hi": 0.17060097318370462,
        "adaptive_layer_points": 9016,
        "adaptive_mad": 0.017316966024592532,
        "adaptive_robust_sigma": 0.025674133828060886,
        "id_height_center": 0.12215548464133277,
        "height_band_m": 0.04,
        "selected_height_min": 0.08241979286252737,
        "selected_height_max": 0.16213113467702045,
        "selected_points": 8674,
        "selected_ratio": 0.29807560137457045
      },
      "plate_support": {
        "plate_status": "ok",
        "plate_lower": -0.036133440820298644,
        "plate_upper": 0.11715548464133277,
        "plate_lo": 0.08841381111727689,
        "plate_hi": 0.11715548464133277,
        "plate_bins": 64,
        "plate_chosen_bin": 63,
        "plate_bin_count": 297,
        "plate_left_bin": 52,
        "plate_right_bin": 63,
        "plate_points": 3724,
        "plate_min_points": 146,
        "plane_refine_angle_deg": 1.175818164964808
      }
    }
  }
}