{
  "source_file": "/Users/hajiwan/Desktop/object_detection/result/eval1_real_newmask_height_auto_boxexpand100/val/marker_points/1_19_2026_162815_complete_denoise_marker.xyz",
  "image_size": 512,
  "point_radius": 2,
  "view_margin": 1.2,
  "plane_fit_q": 0.8,
  "height_mode": "adaptive",
  "top_candidate_q": 0.85,
  "height_band_m": 0.02,
  "basis_mode": "global",
  "plane_refine_enabled": true,
  "align_2d": false,
  "align_method": "none",
  "color_mode": "raw_z",
  "color_ref": "marker_all_raw_z",
  "invert_jet": false,
  "color_min": -1.584,
  "color_max": -1.33,
  "color_q_min": 0.02,
  "color_q_max": 0.98,
  "plane_center": [
    -0.8483901689708134,
    0.5583118279569897,
    -1.4176651305683625
  ],
  "plane_normal": [
    0.060007022568992555,
    0.04096837882964277,
    0.9973568815506691
  ],
  "marker_origin": [
    -0.8483901689708134,
    0.5583118279569897,
    -1.4176651305683625
  ],
  "image_u_axis_3d": [
    0.9981979549370031,
    -0.0024628285610900228,
    -0.05995646114523309
  ],
  "image_v_axis_3d": [
    0.0,
    0.9991574082243245,
    -0.04104233897392383
  ],
  "u_min": -0.6481306945122042,
  "u_max": 0.2827071966118664,
  "v_min": -0.40857754590518824,
  "v_max": 0.5058400010834333,
  "pixel_size_u_m": 0.001821600569714424,
  "pixel_size_v_m": 0.0017894668238524884,
  "back_projection_note": {
    "pixel_to_uv": "u = u_min + px * pixel_size_u_m, v = v_max - py * pixel_size_v_m",
    "point_on_plane_3d": "marker_origin + u * image_u_axis_3d + v * image_v_axis_3d",
    "direction_3d": "du * image_u_axis_3d + dv * image_v_axis_3d"
  },
  "debug": {
    "total_points": 15073,
    "basis_mode": "global",
    "height_mode": "adaptive",
    "top_candidate_q": 0.85,
    "height_band_m_input": 0.02,
    "height_band_m_used": 0.03831910727489828,
    "id_height_center": 0.011026919615592282,
    "top_id_points": 4624,
    "selected_height_min": -0.02692442154524441,
    "selected_height_max": 0.04931601912462888,
    "height_min": -0.16968467552883543,
    "height_mean": -0.07411566404994391,
    "height_max": 0.2296793783682721,
    "height_q50": -0.10540162616645357,
    "height_q70": -0.005563171574631911,
    "height_q80": 0.009244450087891447,
    "height_q85": 0.015151401422260524,
    "height_q90": 0.022318712888099085,
    "height_q95": 0.038636809804427616,
    "height_q99": 0.12443754286697283,
    "layer_selection": {
      "height_mode": "adaptive",
      "status": "adaptive_ok",
      "adaptive_search_q": 0.6,
      "adaptive_upper_q": 0.995,
      "adaptive_bins": 64,
      "adaptive_min_points": 46,
      "adaptive_chosen_bin": 31,
      "adaptive_bin_count": 53,
      "adaptive_layer_bin_left": 10,
      "adaptive_layer_bin_right": 32,
      "adaptive_layer_lo": -0.04501570001027833,
      "adaptive_layer_hi": 0.056747738676635684,
      "adaptive_layer_points": 4837,
      "adaptive_mad": 0.010338353507324507,
      "adaptive_robust_sigma": 0.015327642909959313,
      "id_height_center": 0.011026919615592282,
      "height_band_m": 0.03831910727489828,
      "selected_height_min": -0.02692442154524441,
      "selected_height_max": 0.04931601912462888,
      "selected_points": 4624,
      "selected_ratio": 0.3067737013202415
    },
    "plane_estimation": {
      "plane_refine_used": true,
      "coarse_plane_points": 12086,
      "coarse_plane_center": [
        -0.9694180043024988,
        0.5620546913784557,
        -1.5120953168955726
      ],
      "coarse_plane_normal": [
        0.05286049799235536,
        0.03608481014820868,
        0.9979497253001114
      ],
      "coarse_id_layer": {
        "height_mode": "adaptive",
        "status": "adaptive_ok",
        "adaptive_search_q": 0.6,
        "adaptive_upper_q": 0.995,
        "adaptive_bins": 64,
        "adaptive_min_points": 46,
        "adaptive_chosen_bin": 31,
        "adaptive_bin_count": 65,
        "adaptive_layer_bin_left": 10,
        "adaptive_layer_bin_right": 32,
        "adaptive_layer_lo": 0.057603987414764975,
        "adaptive_layer_hi": 0.1589427413607251,
        "adaptive_layer_points": 4832,
        "adaptive_mad": 0.010689396098466558,
        "adaptive_robust_sigma": 0.015848098655586517,
        "id_height_center": 0.11187683460891507,
        "height_band_m": 0.039620246638966294,
        "selected_height_min": 0.072294976081503,
        "selected_height_max": 0.1513645038821179,
        "selected_points": 4635,
        "selected_ratio": 0.30750348304916075
      },
      "plate_support": {
        "plate_status": "ok",
        "plate_lower": -0.03696027859164602,
        "plate_upper": 0.10687683460891506,
        "plate_lo": 0.09114465035260369,
        "plate_hi": 0.10687683460891506,
        "plate_bins": 64,
        "plate_chosen_bin": 63,
        "plate_bin_count": 253,
        "plate_left_bin": 57,
        "plate_right_bin": 63,
        "plate_points": 1302,
        "plate_min_points": 76,
        "plane_refine_angle_deg": 0.49710155264463346
      }
    }
  }
}