{
  "source_file": "/Users/hajiwan/Desktop/object_detection/result/eval1_real_newmask_height_auto_boxexpand100/val/marker_points/1_19_2026_164154_complete_denoise_marker.xyz",
  "image_size": 512,
  "point_radius": 2,
  "view_margin": 1.2,
  "plane_fit_q": 0.8,
  "height_mode": "adaptive",
  "top_candidate_q": 0.85,
  "height_band_m": 0.02,
  "basis_mode": "global",
  "plane_refine_enabled": true,
  "align_2d": false,
  "align_method": "none",
  "color_mode": "raw_z",
  "color_ref": "marker_all_raw_z",
  "invert_jet": false,
  "color_min": -1.619,
  "color_max": -1.315,
  "color_q_min": 0.02,
  "color_q_max": 0.98,
  "plane_center": [
    -1.3510375757575757,
    1.1777660606060611,
    -1.4119684848484786
  ],
  "plane_normal": [
    -0.001576285986358405,
    -0.07491502716023168,
    0.9971886752395813
  ],
  "marker_origin": [
    -1.3510375757575757,
    1.1777660606060611,
    -1.4119684848484786
  ],
  "image_u_axis_3d": [
    0.9999987576594729,
    -0.00011808765418517487,
    0.0015718564873133279
  ],
  "image_v_axis_3d": [
    0.0,
    0.9971899140880276,
    0.07491512023024673
  ],
  "u_min": -0.4339606626240966,
  "u_max": 0.4744221520874816,
  "v_min": -0.5183495031618547,
  "v_max": 0.40892530885475586,
  "pixel_size_u_m": 0.001777657171646924,
  "pixel_size_v_m": 0.0018146278121655784,
  "back_projection_note": {
    "pixel_to_uv": "u = u_min + px * pixel_size_u_m, v = v_max - py * pixel_size_v_m",
    "point_on_plane_3d": "marker_origin + u * image_u_axis_3d + v * image_v_axis_3d",
    "direction_3d": "du * image_u_axis_3d + dv * image_v_axis_3d"
  },
  "debug": {
    "total_points": 17448,
    "basis_mode": "global",
    "height_mode": "adaptive",
    "top_candidate_q": 0.85,
    "height_band_m_input": 0.02,
    "height_band_m_used": 0.04,
    "id_height_center": 0.019951112963078804,
    "top_id_points": 3952,
    "selected_height_min": -0.02002509591122112,
    "selected_height_max": 0.05993467886939694,
    "height_min": -0.23534530096462392,
    "height_mean": -0.06753975667731968,
    "height_max": 0.2096077612064574,
    "height_q50": -0.09120848176833171,
    "height_q70": -0.03679268357608669,
    "height_q80": 0.025064531225189604,
    "height_q85": 0.0383257061872076,
    "height_q90": 0.04892522640957905,
    "height_q95": 0.06012530980322609,
    "height_q99": 0.13876441468001346,
    "layer_selection": {
      "height_mode": "adaptive",
      "status": "adaptive_ok",
      "adaptive_search_q": 0.6,
      "adaptive_upper_q": 0.995,
      "adaptive_bins": 64,
      "adaptive_min_points": 53,
      "adaptive_chosen_bin": 35,
      "adaptive_bin_count": 60,
      "adaptive_layer_bin_left": 0,
      "adaptive_layer_bin_right": 36,
      "adaptive_layer_lo": -0.08233484295918798,
      "adaptive_layer_hi": 0.08275448257678054,
      "adaptive_layer_points": 6576,
      "adaptive_mad": 0.03222052670031886,
      "adaptive_robust_sigma": 0.04777015288589274,
      "id_height_center": 0.019951112963078804,
      "height_band_m": 0.04,
      "selected_height_min": -0.02002509591122112,
      "selected_height_max": 0.05993467886939694,
      "selected_points": 3952,
      "selected_ratio": 0.22650160476845485
    },
    "plane_estimation": {
      "plane_refine_used": true,
      "coarse_plane_points": 13967,
      "coarse_plane_center": [
        -1.3103981527887174,
        1.059419631989685,
        -1.5198891673229686
      ],
      "coarse_plane_normal": [
        -0.02163115611042181,
        -0.07490865441873057,
        0.996955759588409
      ],
      "coarse_id_layer": {
        "height_mode": "adaptive",
        "status": "adaptive_ok",
        "adaptive_search_q": 0.6,
        "adaptive_upper_q": 0.995,
        "adaptive_bins": 64,
        "adaptive_min_points": 53,
        "adaptive_chosen_bin": 36,
        "adaptive_bin_count": 60,
        "adaptive_layer_bin_left": 0,
        "adaptive_layer_bin_right": 37,
        "adaptive_layer_lo": 0.016324951878753474,
        "adaptive_layer_hi": 0.18322781714217598,
        "adaptive_layer_points": 6569,
        "adaptive_mad": 0.031436615187395725,
        "adaptive_robust_sigma": 0.0466079256768329,
        "id_height_center": 0.11923063252019352,
        "height_band_m": 0.04,
        "selected_height_min": 0.07928524152140341,
        "selected_height_max": 0.15922841173082292,
        "selected_points": 3932,
        "selected_ratio": 0.22535534158642825
      },
      "plate_support": {
        "plate_status": "ok",
        "plate_lower": -0.027639685331305116,
        "plate_upper": 0.11423063252019351,
        "plate_lo": 0.08319650049017818,
        "plate_hi": 0.11423063252019351,
        "plate_bins": 64,
        "plate_chosen_bin": 63,
        "plate_bin_count": 88,
        "plate_left_bin": 50,
        "plate_right_bin": 63,
        "plate_points": 825,
        "plate_min_points": 88,
        "plane_refine_angle_deg": 1.1491562332541942
      }
    }
  }
}