{
  "source_file": "/Users/hajiwan/Desktop/object_detection/result/eval1_real_newmask_height_auto_boxexpand100/val/marker_points/1_19_2026_162954_complete_denoise_marker.xyz",
  "image_size": 512,
  "point_radius": 2,
  "view_margin": 1.2,
  "plane_fit_q": 0.8,
  "height_mode": "adaptive",
  "top_candidate_q": 0.85,
  "height_band_m": 0.02,
  "basis_mode": "global",
  "plane_refine_enabled": true,
  "align_2d": false,
  "align_method": "none",
  "color_mode": "raw_z",
  "color_ref": "marker_all_raw_z",
  "invert_jet": false,
  "color_min": -1.59,
  "color_max": -1.374,
  "color_q_min": 0.02,
  "color_q_max": 0.98,
  "plane_center": [
    -0.8530430463576145,
    0.585367549668874,
    -1.419905629139075
  ],
  "plane_normal": [
    0.07974269368886007,
    0.031391632684217075,
    0.9963210668246777
  ],
  "marker_origin": [
    -0.8530430463576145,
    0.585367549668874,
    -1.419905629139075
  ],
  "image_u_axis_3d": [
    0.9968154808194261,
    -0.002511250474830061,
    -0.07970314183131398
  ],
  "image_v_axis_3d": [
    0.0,
    0.9995040065034617,
    -0.03149191930524663
  ],
  "u_min": -0.7207775219725954,
  "u_max": 0.3045782188754005,
  "v_min": -0.47635518322391257,
  "v_max": 0.4823273914562348,
  "pixel_size_u_m": 0.002006567007530325,
  "pixel_size_v_m": 0.0018760911441881554,
  "back_projection_note": {
    "pixel_to_uv": "u = u_min + px * pixel_size_u_m, v = v_max - py * pixel_size_v_m",
    "point_on_plane_3d": "marker_origin + u * image_u_axis_3d + v * image_v_axis_3d",
    "direction_3d": "du * image_u_axis_3d + dv * image_v_axis_3d"
  },
  "debug": {
    "total_points": 14533,
    "basis_mode": "global",
    "height_mode": "adaptive",
    "top_candidate_q": 0.85,
    "height_band_m_input": 0.02,
    "height_band_m_used": 0.030936426310098856,
    "id_height_center": 0.011441060838181586,
    "top_id_points": 4340,
    "selected_height_min": -0.019460770488392398,
    "selected_height_max": 0.04129990745637942,
    "height_min": -0.24420446990484868,
    "height_mean": -0.08373030977674585,
    "height_max": 0.07082093241020204,
    "height_q50": -0.11377823999040805,
    "height_q70": -0.019584307186631966,
    "height_q80": 0.006515574685237466,
    "height_q85": 0.011849076274428905,
    "height_q90": 0.017324351924425933,
    "height_q95": 0.023045430283512244,
    "height_q99": 0.03318367515283246,
    "layer_selection": {
      "height_mode": "adaptive",
      "status": "adaptive_ok",
      "adaptive_search_q": 0.6,
      "adaptive_upper_q": 0.995,
      "adaptive_bins": 64,
      "adaptive_min_points": 44,
      "adaptive_chosen_bin": 63,
      "adaptive_bin_count": 60,
      "adaptive_layer_bin_left": 36,
      "adaptive_layer_bin_right": 63,
      "adaptive_layer_lo": -0.023314452735792857,
      "adaptive_layer_hi": 0.036192944034241156,
      "adaptive_layer_points": 4348,
      "adaptive_mad": 0.00834653347095612,
      "adaptive_robust_sigma": 0.012374570524039542,
      "id_height_center": 0.011441060838181586,
      "height_band_m": 0.030936426310098856,
      "selected_height_min": -0.019460770488392398,
      "selected_height_max": 0.04129990745637942,
      "selected_points": 4340,
      "selected_ratio": 0.29863070253904905
    },
    "plane_estimation": {
      "plane_refine_used": true,
      "coarse_plane_points": 11647,
      "coarse_plane_center": [
        -0.9688798832317357,
        0.5622635871898337,
        -1.5192021979909096
      ],
      "coarse_plane_normal": [
        0.07627399904090601,
        0.02814434864014166,
        0.996689607003068
      ],
      "coarse_id_layer": {
        "height_mode": "adaptive",
        "status": "adaptive_ok",
        "adaptive_search_q": 0.6,
        "adaptive_upper_q": 0.995,
        "adaptive_bins": 64,
        "adaptive_min_points": 44,
        "adaptive_chosen_bin": 63,
        "adaptive_bin_count": 60,
        "adaptive_layer_bin_left": 36,
        "adaptive_layer_bin_right": 63,
        "adaptive_layer_lo": 0.0860909754434305,
        "adaptive_layer_hi": 0.1454451368182618,
        "adaptive_layer_points": 4347,
        "adaptive_mad": 0.008567192888240066,
        "adaptive_robust_sigma": 0.01270172017610472,
        "id_height_center": 0.12006249644221534,
        "height_band_m": 0.0317543004402618,
        "selected_height_min": 0.08833853962293531,
        "selected_height_max": 0.15033729397368825,
        "selected_points": 4361,
        "selected_ratio": 0.3000756898093993
      },
      "plate_support": {
        "plate_status": "ok",
        "plate_lower": -0.0316655209889067,
        "plate_upper": 0.11506249644221533,
        "plate_lo": 0.09901411953568637,
        "plate_hi": 0.11506249644221533,
        "plate_bins": 64,
        "plate_chosen_bin": 63,
        "plate_bin_count": 256,
        "plate_left_bin": 57,
        "plate_right_bin": 63,
        "plate_points": 1208,
        "plate_min_points": 73,
        "plane_refine_angle_deg": 0.27305851543801335
      }
    }
  }
}